{
  "article_url": "https://andylee.pro/wp/?p=3766",
  "title": "發燒 – 養兒育女必須知道的21件中醫知識（2）",
  "content": "<p>發燒大概是做父母最關注的症狀，為什麼？一方面古老流傳的一句話「發燒把小孩腦子燒壞了」，不知道嚇壞多少父母，另一方面，發燒量得到，可以「量化」，體溫計拿出來，一直量一直量。心急嘛，總想知道小孩子有沒有好一些，問他頭痛好一點沒有，也問不出個結果，只有量體溫最「客觀」。只要想盡辦法讓小孩子發燒減低，就好像把他從水深火熱中救回來，做父母的才放心，對吧？</p>\n<p>錯了！還錯的很離譜。我們先不管中醫如何看待及處理發燒，我們來看一看最新的西醫研究怎麼講的。很容易在醫療資訊網站或美國大型醫院的網站上找到相關訊息，我們在這裡整理出一些條例：</p>\n<ul>\n<li>小孩子本來活動力就比較高，跑來跑去，身體得散熱，皮膚摸起來往往比大人熱一些。特別是很多大人自己的手比較冰冷，摸到小孩子的身體，總覺得小孩子在發燒。另外，下午到晚上，體溫本來就會高一些。</li>\n<li>不是體溫計量出來超過37.0℃就叫做發燒，不同測量位置有不一樣的標準。耳溫及肛溫以38.0℃為界定，口溫以37.8℃為界定，腋下胳肢窩以37.2℃為界定。</li>\n<li>不是發燒越高溫，病得越嚴重。</li>\n<li>溫度計量出來的數字沒那麼重要，小孩子的感受比較重要。</li>\n<li>發燒是人體免疫系統保護身體的機制，正常在37.8℃～40.0 ℃的發燒，對小孩子是有益的，幫助他們抵抗感染。</li>\n<li>超過40.0 ℃的高燒並沒有那麼危險，感冒感染造成的高燒不會導致腦部損傷。</li>\n<li>超過42.0 ℃的高燒，有可能腦部損傷。但是，身體極少因為生病而體溫超過42.0 ℃，絕大多數的情況是發生在極端的環境溫度，譬如嬰兒被留在高溫天氣下封閉的汽車裡，或者人在炎熱的沙漠裡迷途很久。</li>\n<li>只有4%左右的小孩子在發高燒時會發生抽慉的現象，而那些抽慉現象並不危險，不會造成癲癇或學習障礙。</li>\n<li>發燒不需要特別處理。大多數的情況下，發燒不處理也不會燒得更高。</li>\n<li>通常在兩三天之內，人體免疫系統開始有效抵抗感冒病毒時，自然就會退燒。</li>\n<li>服用「退燒藥」不一定能退燒，而退燒藥沒用時，也不代表病情比較嚴重。</li>\n<li>服用「退燒藥」後，即使燒退了，不代表感染情況轉好，或者感冒減輕。</li>\n</ul>\n<p>結論就是，西醫的研究也認為發燒其實是件好事，是人體用來增強免疫系統的正常表現，強行退燒，反而會讓人體復原時間拖長。當然，一定有人會信誓旦旦地說，看過或聽過「高燒、頭腦壞掉」的病例，是有的，不過是把因果關係搞亂了。當病毒、細菌、或其它病因對頭腦產生傷害時，可能會影響到頭腦裡體溫調控中樞，導致高燒，而不是高燒把頭腦破壞了。對那些會傷害頭腦的疾病而言，給小孩子服用退燒藥，即使燒退了，也沒什麼幫助，反而有可能造成假象，讓爸爸媽媽掉以輕心而延誤了病情。</p>\n<p>有些做父母的會問，那為什麼西醫要有「退燒藥」？小孩子發燒時，常常伴隨有一些讓身體不舒服的症狀，譬如頭痛、睡不好等等，讓爸爸媽媽很心疼。退燒藥讓體溫降下來一些，或許會減緩小孩子的不適，爸爸媽媽覺得小孩子舒服一些，就代表感冒轉好，心裡放心一些。其實，發燒和頭痛等其它症狀的相關性仍很模糊，一方面許多小孩子燒退了，其它症狀反而加重，另一方面坊間很多「退燒藥」的化學成分根本就是「止痛藥」，降低人體感覺神經的反應，頭痛等等也就好像減緩了，但是卻換來許多更嚴重的副作用。所以，在美國，許多小兒科醫師不給小孩子「退燒藥」、「感冒藥」，只要小孩子多休息，讓他自己好。在台灣及中國大陸，不少小兒科醫師反而很喜歡開這些藥給小朋友，有一部分是延續以前錯誤的想法，另一部分是迎合爸爸媽媽的喜好，既然你們擔心小孩子發燒，不忍心看小孩子不舒服，那就開退燒藥給你們，發燒退了，身體不舒服減緩了，爸爸媽媽很高興，覺得醫術高超，下一次感冒一定又帶來看診。</p>\n<p>在這種「發燒不舒服」「退燒藥問題更多」的兩難情況下，中醫有辦法嗎？當然有，不然我就應該假裝不知道，直接跳過，不討論發燒！</p>\n<p>前面提過，中醫治療感冒，不是「殺死感冒病毒」，而是「幫助身體恢復平衡」，既然是「恢復平衡」，「退燒」的功能已經融合在治療感冒裡。一般小孩子感冒的情況下，如果已經自己出汗了，通常不會發燒。如果沒有流汗，小孩子皮膚表面會又乾又燙，往往出現發燒的現象。這個時候，使用中醫中的「汗法」，譬如前面提過的「麻黃湯證」、「葛根湯證」，發汗出來，燒就會退，除非是中醫師中藥劑量沒有拿捏好，發汗不足，沒有達到退燒的功效，當然，也不能發汗過頭，讓津液流失過多，那會引起其它問題。</p>\n<p>如果小孩子有些流汗，本來以為感冒是在「桂枝湯證」的階段， 但是卻開始發燒，那代表感冒比原來想的嚴重一些，或者原本只有流一點點汗，其實比較偏向「麻黃湯證」、「葛根湯證」的情況。這個時候不一定需要使用有麻黃的中藥方劑，可以在「桂枝加葛根湯」裡加重葛根的劑量，通常就可以退燒。</p>\n<p>如果感冒已經進入「小青龍湯證」的情況，通常比較常看到中低燒，比較接近西醫慢性發炎時的中低燒，高燒反而比較少。一般而言，加入葛根會讓燒比較快退，但是，需要考慮的因素比較多，所以，最好帶小孩子去看專業的中醫師。如果感冒已經進入比「小青龍湯證」更嚴重的情況時，當然是應該帶小孩子去看專業的中醫師，不要自己亂試藥，這個時候，中醫師還是有辦法可以退燒。</p>\n<p>如果在半夜小孩子發高燒，非常不舒服，無法入睡而精神很差，又沒有辦法馬上帶去看中醫時，那該怎麼辦？有一個應急的辦法，那就是使用中藥方劑「白虎加人參湯」。「白虎加人參湯」裡石膏及知母可以解熱，往往比西醫的「退燒藥」還快，又沒有「退燒藥」的副作用。同時，「白虎加人參湯」有粳米，可以加強胃氣，有少量的人參，充足胃的津液，為肺的津液做後盾。大多數一般情況的感冒高燒，都可以用「白虎加人參湯」來退燒，但是，如前面所討論的，發燒其實是好事，除非小孩子發高燒非常不舒服，盡可能不要強迫退燒。所以，讀者可以在中醫師指導下，家裡儲存一點「白虎加人參湯」備用，半夜應急時使用，但是不應該過於依賴「白虎加人參湯」，每次小孩子發燒就使用「白虎加人參湯」來緩解。</p>\n<p> </p>",
  "article_time": "2016年09月23日 17:47",
  "comments": [
    {
      "id": "c42d863f390bcbb3d4d96ba8280a8af0",
      "author": "CAT",
      "time": "2016年09月25日 15:21",
      "content": "<p>可以請李醫師多講解一點為甚麼白虎湯加人參是「可以退燒但是沒又副作用？」我可以了解桂枝湯/葛根湯用來幫助身體來調節溫度(讓水可以從膀胱經上去，讓和可以從毛孔排出)，那石膏知母把這個熱清掉的時後似乎並沒有幫助身體這個水的調節，理論上與西藥的退燒藥有相類似(當然我了解西藥有他化學成分本身帶給身體的副作用而白虎加人參湯不會有)。</p>",
      "level": 0,
      "highlight": false,
      "children": [
        {
          "id": "74fc5a40e269eaf7b960b9a3c38107ae",
          "author": "andy",
          "time": "2016年09月27日 11:52",
          "content": "<p>依照中醫的理論，肺為「水的源頭」，白虎加人參湯是降肺熱、增加肺的津液，當然可以幫助身體調節水道運行，和西醫的退燒藥理論不同。</p>",
          "level": 1,
          "highlight": true,
          "children": []
        }
      ]
    },
    {
      "id": "575ef37d55d4b22cec89f9d3dfb74979",
      "author": "GARY",
      "time": "2016年09月28日 03:48",
      "content": "<p>李醫師，這是台灣國民健康署的文章，也就是西醫自己所寫的文章，跟您寫的相呼應，提供給您參考，加油!<br/>\n<a href=\"http://www.hpa.gov.tw/BHPN…/…/HealthTopic/TopicArticle.aspx…\" rel=\"nofollow ugc\">http://www.hpa.gov.tw/BHPN…/…/HealthTopic/TopicArticle.aspx…</a></p>",
      "level": 0,
      "highlight": false,
      "children": [
        {
          "id": "db926b6a85f7c1f7e5af95fe1efa221e",
          "author": "andy",
          "time": "2016年09月30日 10:31",
          "content": "<p>謝謝！</p>",
          "level": 1,
          "highlight": true,
          "children": [
            {
              "id": "43aa1fd4a6b49785735a9bec313f258e",
              "author": "王彦强",
              "time": "2018年02月04日 17:23",
              "content": "<p>李医师，我转载这篇文章，并注明出处可以吗？</p>",
              "level": 2,
              "highlight": false,
              "children": [
                {
                  "id": "c29fb76770877324b77e67acaf3fe293",
                  "author": "andy",
                  "time": "2018年02月04日 21:28",
                  "content": "<p>行。</p>",
                  "level": 3,
                  "highlight": true,
                  "children": []
                }
              ]
            }
          ]
        }
      ]
    },
    {
      "id": "cd56bdb7b7299f9510e19548c6fa79fa",
      "author": "张莉",
      "time": "2020年12月29日 01:14",
      "content": "<p>李医生您好：<br/>\n 我有点迷惑就是，比如孩子发烧会持续好几个小时温度一直上升到了一定温度会自己出汗，然后再继续发烧，这个用理论怎么解释的呢？还有就是为什么晚上发烧白天不烧？这些现象背后的五脏六腑的相互病变关系如何？</p>",
      "level": 0,
      "highlight": false,
      "children": [
        {
          "id": "9dc1df86f4f8dbf29296af8609bc9bef",
          "author": "李宗恩",
          "time": "2020年12月31日 17:44",
          "content": "<p>陰病晚上較嚴重，陽病白天比較嚴重。不是出汗就一定能解熱，得看是如何發汗及發汗程度等等。</p>",
          "level": 1,
          "highlight": true,
          "children": []
        }
      ]
    },
    {
      "id": "fe3d6169092fe6920242e4d8468293ba",
      "author": "lisa",
      "time": "2021年08月26日 23:35",
      "content": "<p>李醫師您好，西醫說發燒能提高人體的免疫力，但是西醫也說小孩子發燒的頻率比大人的高，是因為小孩子調節體溫的功能還沒有發育完善，而大人因為該功能發育完善所以比較少發燒（這個說法不知您認同不）。然後放到中醫這裡我就有點疑問，古人設計這些桂枝湯等的方劑都是有退熱的功能在裡面，是因為古人沒有認識到發燒能提高免疫力嗎？為什麼有發熱症狀的時候就要去解表呢？</p>",
      "level": 0,
      "highlight": false,
      "children": [
        {
          "id": "544ce95d8c3fffd388f4d53e47b5913f",
          "author": "李宗恩",
          "time": "2021年08月29日 12:22",
          "content": "<p>桂枝湯等方劑並非為了退熱而設計，而是病好了，發燒症狀自然退去。</p>",
          "level": 1,
          "highlight": true,
          "children": []
        }
      ]
    },
    {
      "id": "9b06616aa8944535c4712fce109c72e0",
      "author": "昌都之昀",
      "time": "2024年03月04日 18:01",
      "content": "<p>李大夫，我想請教一下您，你們現在用的粳米是糯米嗎？</p>",
      "level": 0,
      "highlight": false,
      "children": [
        {
          "id": "a9f0da0b08503b10a9e5cd0dc0df71c0",
          "author": "李宗恩",
          "time": "2024年03月06日 10:13",
          "content": "<p>一般用糯米。</p>",
          "level": 1,
          "highlight": true,
          "children": []
        }
      ]
    }
  ],
  "page": 43,
  "order": 2,
  "filename": "data\\page43\\page43_order1_74fc5a40e269eaf7b960b9a3c38107ae.json"
}