{
  "article_url": "https://andylee.pro/wp/?p=4214",
  "title": "附子有毒？還是你煮錯了？",
  "content": "<p>最近在舊金山華埠發生了疑似中藥中毒的事件，據報導一男一女兩位消費者分別到同一家中藥店買中藥茶，服用中藥茶後，出現身體無力及心跳加速等症狀，住院治療後，男士已出院，女士卻不幸過世了。舊金山衛生局仍在進行中藥樣本測試，報告仍未出爐，但是據報導兩人中藥藥材成分裡都有附子，因而許多報章雜誌懷疑是附子中毒。</p>\n<p>對於這次疑似中藥中毒事件，我們先不去討論，畢竟調查報告都還沒有出來，是不是中藥中毒都還不能確定，在這裡我們來討論一下附子的毒性。</p>\n<p>解釋附子毒性，最適合的人選是中國國藥集團、四川江油中坝附子科技發展公司董事長孫鴻。孫董事長告訴我，他們為了確定附子的毒性及臨床使用的風險，不但翻遍古書，也委託了好幾個中國頂級研究機構，做各種化學分析。各方研究比對後的結論是：</p>\n<p><img alt=\"screen-shot-2017-04-13-at-9-20-33-am\" class=\"alignnone size-full wp-image-4220\" decoding=\"async\" fetchpriority=\"high\" height=\"259\" sizes=\"(max-width: 1193px) 100vw, 1193px\" src=\"https://andylee.pro/wp/wp-content/uploads/2017/04/Screen-Shot-2017-04-13-at-9.20.33-AM.png\" srcset=\"https://andylee.pro/wp/wp-content/uploads/2017/04/Screen-Shot-2017-04-13-at-9.20.33-AM.png 1193w, https://andylee.pro/wp/wp-content/uploads/2017/04/Screen-Shot-2017-04-13-at-9.20.33-AM-300x65.png 300w, https://andylee.pro/wp/wp-content/uploads/2017/04/Screen-Shot-2017-04-13-at-9.20.33-AM-768x167.png 768w, https://andylee.pro/wp/wp-content/uploads/2017/04/Screen-Shot-2017-04-13-at-9.20.33-AM-1024x222.png 1024w\" width=\"1193\"/></p>\n<p>（1）完全沒有煮過的生附子，含有雙酯烏頭鹼，有很強的毒性。直接服用沒有煮過的生附子3克，就有可能導致死亡。</p>\n<p>（2）沸騰的水煮附子30分鐘，藥材內的雙酯烏頭鹼水解析出達到高峰，這是有毒的。</p>\n<p>（3）沸騰的水煮附子60分鐘，析出的雙酯烏頭鹼轉化爲單酯烏頭鹼達到高峰，毒性下降到兩百分之一，這個時候以一般臨床治療使用生附子和炮附子的劑量而言，即使劑量加大許多，也沒有什麼危險。</p>\n<p>（4）沸騰的水煮附子90分鐘，析出的雙酯烏頭鹼轉化爲單酯烏頭鹼，再轉化爲醇胺，毒性下降到兩千分之一，實質上可以視為無毒。</p>\n<p>中醫使用生附子或炮附子，都指示病人高溫煮一小時後才服用，從來就不是給病人直接服用沒有煮過的附子。正確使用品質良好的生附子和炮附子是不會中毒的。</p>\n<p>如果這次舊金山事件真的是附子中毒，那麼有兩個可能：</p>\n<p>（1）病人沒有長時間高溫煮藥。這點是很多陶罐煮藥機的問題，很多亞洲製造的陶罐煮藥機，都是設定先用大火煮開後轉爲中小火，加上陶罐本身導熱性差，整個陶罐中的溫度分佈不均，不同位置承受水煮的情況不相同。我的診所是不准病人使用陶罐煮藥機，除非有某些特別的藥材或用意，都得使用不鏽鋼鍋，從頭到尾都是大火煮藥。以前人不用金屬鍋煮藥，是因為以前鍋不好，鐵鍋、鋁鍋等有許多問題，現在使用在烹飪器具的不鏽鋼合金都很好，不會有那些問題。</p>\n<p>（2）附子的品質有問題。絕大多數中國生產的附子片都浸泡過膽巴。古時候附子浸泡膽巴是為了防腐，但是為整顆附子浸泡，膽巴只浸到表面，使用的時候得把含有膽巴的外層去掉，還得在流水中沖兩天。現在中國生產的附子片，整個附子片都有膽巴成分，本來應該看起來像樹根的中藥飲片，看起來卻像塑膠片。而膽巴服用過多，會導致高鈣血症、高鎂血症等。無膽巴炮附子，經由孫鴻等人的努力，這幾年才被正式列入中國的藥典，但是因為價錢較貴，仍未普及，很多中醫師還搞不清楚其中的差別，就連中文報紙報導這次舊金山事件使用的附子相片，都還是泡過膽巴的炮附子「塑膠片」！</p>\n<p>一般市面上買的膽巴浸泡過的炮附子：</p>\n<p><img alt=\"screen-shot-2017-04-13-at-4-02-49-pm\" class=\"alignnone size-medium wp-image-4238\" decoding=\"async\" height=\"300\" sizes=\"(max-width: 296px) 100vw, 296px\" src=\"https://andylee.pro/wp/wp-content/uploads/2017/04/Screen-Shot-2017-04-13-at-4.02.49-PM-296x300.png\" srcset=\"https://andylee.pro/wp/wp-content/uploads/2017/04/Screen-Shot-2017-04-13-at-4.02.49-PM-296x300.png 296w, https://andylee.pro/wp/wp-content/uploads/2017/04/Screen-Shot-2017-04-13-at-4.02.49-PM.png 559w\" width=\"296\"/></p>\n<p>無膽巴炮附子：</p>\n<p><img alt=\"17523268_1109354065875133_3827757618524285257_n\" class=\"alignnone size-medium wp-image-4239\" decoding=\"async\" height=\"300\" sizes=\"(max-width: 300px) 100vw, 300px\" src=\"https://andylee.pro/wp/wp-content/uploads/2017/04/17523268_1109354065875133_3827757618524285257_n-300x300.jpg\" srcset=\"https://andylee.pro/wp/wp-content/uploads/2017/04/17523268_1109354065875133_3827757618524285257_n-300x300.jpg 300w, https://andylee.pro/wp/wp-content/uploads/2017/04/17523268_1109354065875133_3827757618524285257_n-150x150.jpg 150w, https://andylee.pro/wp/wp-content/uploads/2017/04/17523268_1109354065875133_3827757618524285257_n-768x766.jpg 768w, https://andylee.pro/wp/wp-content/uploads/2017/04/17523268_1109354065875133_3827757618524285257_n.jpg 960w\" width=\"300\"/></p>\n<p>生附子和炮附子都是經典中醫裡不可或缺的要藥。現代人功力不足，對中醫用藥了解不夠精深，導致很多人誤解附子，甚至有中醫師告訴病人附子有毒不能使用，實在可悲。</p>\n<p>比較詳細的解釋，可以直接看孫鴻的演講內容：<a href=\"https://andylee.pro/wp/wp-content/uploads/2017/04/关于附子的那些事儿.pdf\">关于附子的那些事儿</a>。而孫鴻的介紹如下：</p>\n<p><img alt=\"image1\" class=\"alignnone size-large wp-image-4213\" decoding=\"async\" height=\"1024\" loading=\"lazy\" sizes=\"auto, (max-width: 683px) 100vw, 683px\" src=\"https://andylee.pro/wp/wp-content/uploads/2017/04/Image1-683x1024.png\" srcset=\"https://andylee.pro/wp/wp-content/uploads/2017/04/Image1-683x1024.png 683w, https://andylee.pro/wp/wp-content/uploads/2017/04/Image1-200x300.png 200w, https://andylee.pro/wp/wp-content/uploads/2017/04/Image1-768x1151.png 768w, https://andylee.pro/wp/wp-content/uploads/2017/04/Image1.png 854w\" width=\"683\"/></p>\n<p> </p>",
  "article_time": "2017年04月13日 13:59",
  "comments": [
    {
      "id": "43f53fdd64d97b61594568d0028780e4",
      "author": "山中兔",
      "time": "2017年05月27日 05:38",
      "content": "<p>請問如果是吃腎氣丸或八味地黃丸，裡面的炮附子沒有煮過，安全用量或是超過多少會危險，有建議嗎?</p>",
      "level": 0,
      "highlight": false,
      "children": [
        {
          "id": "438c6759a35891a99df796dbe304b9b2",
          "author": "andy",
          "time": "2017年05月31日 09:06",
          "content": "<p>每家廠商做的藥丸都不太一樣，這得問製做的商家，但是，應該還沒有人服用金匱腎氣丸而導致附子中毒的事件發生。</p>",
          "level": 1,
          "highlight": true,
          "children": [
            {
              "id": "90706cc9c7d8ac6808167d159c9d9f7b",
              "author": "王彦强",
              "time": "2018年02月04日 19:22",
              "content": "<p>李医师，您在用含附子的水药时会叮嘱病人单独煮附子（炮或生）一小时吗？看倪师的文章好像没有特别交代附子（生或炮）的煮法，只是在用乌头时要做成乌头蜜。但在《金贵要略》里还有乌头赤石脂丸（乌头是炮过的）还有炮附子所以在特定情况下炮附子，炮乌头可以做成丸剂直接吃的，不需要煮。</p>",
              "level": 2,
              "highlight": false,
              "children": [
                {
                  "id": "93a8aa35ce640a728dcbe4b766ac63f8",
                  "author": "andy",
                  "time": "2018年02月04日 21:29",
                  "content": "<p>不同中藥劑型、不同應用情況，都有有所不同，不要以偏概全。</p>",
                  "level": 3,
                  "highlight": true,
                  "children": []
                }
              ]
            }
          ]
        }
      ]
    },
    {
      "id": "03dc01c6e43514a251b212f7e36779d6",
      "author": "中醫愛好者",
      "time": "2020年03月22日 06:00",
      "content": "<p>李醫師您好我想請問一下，你文章中的生附子用大火100度C的水煮過1小時以後，就直接丟其他的中藥材，還是水倒掉再裝新的水下去煮， 另外如果是中藥行拿到的炮附子，還需要用100度C的大火水煮一個小時嗎?還是可以直接使用?</p>",
      "level": 0,
      "highlight": false,
      "children": [
        {
          "id": "bf3e9887cd1edf3ad9eb98af9dcac3a5",
          "author": "李宗恩",
          "time": "2020年03月22日 12:29",
          "content": "<p>你誤解意思。生附子及炮附子，和其它中藥材一起煮，煮了一小時後就可以服用。你把煮好生附子的湯藥倒掉，再去煮還有藥效嗎？</p>",
          "level": 1,
          "highlight": true,
          "children": [
            {
              "id": "dbbbb505746585893c049edf179f4b49",
              "author": "Gary",
              "time": "2020年03月22日 19:27",
              "content": "<p>老師，以前說用金屬煮藥等於加了一味藥，但那天我記得您在節目里說現在的不鏽鋼已經很厲害了，結構非常穩定，不知道您有沒有什麼煮藥好用的鍋？謝謝您</p>",
              "level": 2,
              "highlight": false,
              "children": [
                {
                  "id": "a219893ebc1b6d1c5dd9054b34b462ae",
                  "author": "李宗恩",
                  "time": "2020年03月23日 09:56",
                  "content": "<p>Stainless Steel 304 材質，或者更好的不鏽鋼材質。</p>",
                  "level": 3,
                  "highlight": true,
                  "children": [
                    {
                      "id": "ee2a0623011ba4673add3ec20c2a3b1f",
                      "author": "Gary",
                      "time": "2020年03月27日 19:33",
                      "content": "<p>感謝宗恩老師告知</p>",
                      "level": 4,
                      "highlight": false,
                      "children": []
                    }
                  ]
                }
              ]
            }
          ]
        }
      ]
    },
    {
      "id": "3b7e60fa73c3eea44285a360ee542ec6",
      "author": "中醫愛好者",
      "time": "2020年03月23日 02:16",
      "content": "<p>好的,我理解了,李醫師感謝您,另外再想詢問一下,因為我之前都是用中藥行在賣的插 </p>\n<p>電陶鍋煮,近期才開始慢慢改用不銹鋼鍋煮,關於火侯的問題我有疑問,我知道如果今</p>\n<p>天我們是煮感冒藥,尤其要發表的,是要用全程大火煮,那如果不是要發表的,例如說 </p>\n<p>理中湯.我們也是要全程大火煮嗎?像是9碗水煮成3碗水,還是大火煮滾轉小火? </p>\n<p>因為有上網查過 有些中醫師是說大火煮滾再轉小火,可是看了您這篇文章又有疑惑?</p>",
      "level": 0,
      "highlight": false,
      "children": [
        {
          "id": "dfc1fbd4cc0e97374ad062d3dd523078",
          "author": "李宗恩",
          "time": "2020年03月23日 10:01",
          "content": "<p>基本上，我診所統一要求病人煮藥方法，減少變因，維持一致性。</p>",
          "level": 1,
          "highlight": true,
          "children": [
            {
              "id": "8d4e83f8c5ee07d74844f5c8710ce295",
              "author": "中醫愛好者",
              "time": "2020年03月27日 14:24",
              "content": "<p>好的，了解，謝謝李醫師</p>",
              "level": 2,
              "highlight": false,
              "children": []
            },
            {
              "id": "35c1f47bb0a85914815cb53122e20f69",
              "author": "李梁",
              "time": "2023年12月28日 08:39",
              "content": "<p>这是李宗恩老师跟大陆中医师的区别所在，几乎所有的大陆中医师都要求凡是滋补的药材都是武火煮沸，小火慢熬，取其质，解表药材短时间武火煎煮取其气，但李宗恩老师的方法其实应该是肉眼观察没有很大差别</p>",
              "level": 2,
              "highlight": false,
              "children": [
                {
                  "id": "48dad7da1766a05128b3e5cb496d7795",
                  "author": "李宗恩",
                  "time": "2023年12月28日 19:57",
                  "content": "<p>實際觀察比較，是科學的基本精神。</p>",
                  "level": 3,
                  "highlight": true,
                  "children": []
                }
              ]
            }
          ]
        }
      ]
    },
    {
      "id": "e21bae86da4008f88c9e13e8af120fa1",
      "author": "鄒瑾瑜",
      "time": "2020年08月01日 02:08",
      "content": "<p>想請教一下李醫師,市面上買的膽巴浸泡過的炮附子,<br/>\n最近測試煮了三小時120克之後再加入其他藥材煮,<br/>\n不會發生全身發麻的,發冷的感覺,只有嘴巴一點點麻,<br/>\n但第一煮的湯劑味道真的是又鹹又難喝</p>\n<p>除了水煮一小時後再加入其他藥材之外,是否先泡水幾次換水後再開始煮比較好?<br/>\n台灣買到的薑制炮附子最好的也是比較脆不會硬的扳不斷</p>",
      "level": 0,
      "highlight": false,
      "children": [
        {
          "id": "8f178d2b7bef678e13290ae6aaefe721",
          "author": "李宗恩",
          "time": "2020年08月02日 08:27",
          "content": "<p>我不使用泡膽巴的炮附子</p>",
          "level": 1,
          "highlight": true,
          "children": []
        }
      ]
    },
    {
      "id": "c017813c6d1fd739b58060319df5c9b2",
      "author": "明遠",
      "time": "2020年08月02日 20:16",
      "content": "<p>倪老師以前用的是中霸牌的炮附子，就是文章中提到四川江油中坝附子科技發展公司生產的，台灣市面上好像沒有賣，除非你有認識的管道或是到大陸買。</p>",
      "level": 0,
      "highlight": false,
      "children": [
        {
          "id": "7d9ba6f7971eae6d7cca0f2aa8e54abc",
          "author": "李宗恩",
          "time": "2020年08月03日 09:20",
          "content": "<p>台灣有賣四川江油中坝附子科技發展公司的附子。</p>",
          "level": 1,
          "highlight": true,
          "children": [
            {
              "id": "d77d7a7602edf392d36b96c146f90579",
              "author": "永安",
              "time": "2022年10月11日 19:54",
              "content": "<p>李醫師您好，請問台灣哪裡可以購買四川江油中坝附子科技發展公司的附子？</p>",
              "level": 2,
              "highlight": false,
              "children": [
                {
                  "id": "c1dbef9484e802e8500c700e5a13d0c5",
                  "author": "魯豆腐",
                  "time": "2022年10月12日 01:54",
                  "content": "<p>請連絡台北漢唐中醫診所</p>",
                  "level": 3,
                  "highlight": false,
                  "children": []
                }
              ]
            }
          ]
        }
      ]
    },
    {
      "id": "d347da9ce4da38ac768a133720b32907",
      "author": "傳承",
      "time": "2020年11月27日 06:52",
      "content": "<p>尊敬的李博士，對於生附子或者炮附子，要不要考慮有皮的和沒皮的？</p>",
      "level": 0,
      "highlight": false,
      "children": [
        {
          "id": "87d54e48b2fcc351b5036f5555e96d80",
          "author": "李宗恩",
          "time": "2020年11月27日 11:50",
          "content": "<p>一般而言，去皮的比較好，但市場上不一定每次都買得到，只要生藥材品質良好、炮製正確，有皮的附子不會差太多。</p>",
          "level": 1,
          "highlight": true,
          "children": [
            {
              "id": "ab28c18a446647f324b2a2439760b11d",
              "author": "傳承",
              "time": "2020年11月27日 17:54",
              "content": "<p>明白，感謝李博士的釋疑。</p>",
              "level": 2,
              "highlight": false,
              "children": []
            }
          ]
        }
      ]
    },
    {
      "id": "7e47b604ea3c6676c8aafe739f74df38",
      "author": "傅均貴",
      "time": "2021年07月17日 07:29",
      "content": "<p>李醫師您好，<br/>\n炮附子加青鹽刷牙的配方,其中炮附子要如何選用,才不會有中毒的問題?</p>",
      "level": 0,
      "highlight": false,
      "children": [
        {
          "id": "e4894cb1b74105c821f7064c8b85fddf",
          "author": "李宗恩",
          "time": "2021年07月17日 16:59",
          "content": "<p>不小心吞下小量的炮附子粉，不會有什麼問題。</p>",
          "level": 1,
          "highlight": true,
          "children": []
        }
      ]
    },
    {
      "id": "137cbfaf6adffeb5db24e2189b16c7e5",
      "author": "傅均貴",
      "time": "2021年07月18日 14:52",
      "content": "<p>謝謝李醫師的說明,<br/>\n前兩天買的炮附子粉,刷牙時取一小勺炮附子粉加湖鹽,結果嘴唇及舌頭皆會麻,<br/>\n大約三個小時麻痺才消退,請問這種現象可以接受嗎?</p>",
      "level": 0,
      "highlight": false,
      "children": [
        {
          "id": "8d992b8c9e0422d9b1847aa393cca82e",
          "author": "李宗恩",
          "time": "2021年07月20日 09:21",
          "content": "<p>炮附子的品質很重要，另外，也有可能你加太多鹽了。</p>",
          "level": 1,
          "highlight": true,
          "children": []
        }
      ]
    },
    {
      "id": "38ecf43880a97da4ce611ef68f6cb49b",
      "author": "傅均貴",
      "time": "2021年07月21日 16:27",
      "content": "<p>感謝!</p>",
      "level": 0,
      "highlight": false,
      "children": []
    },
    {
      "id": "992554efbbf1eaab8f88cb2ea0e3a67a",
      "author": "胡",
      "time": "2021年12月25日 05:49",
      "content": "<p>李醫生您好,我吃了2帖藥,藥單有 炮附子,乾薑,炙甘草,龍骨,牡蠣,磁石,桃仁,丹皮,山茱萸,紅花   每次吃完都會頭暈,有一次還會舌頭麻,但是我煮藥都有煮1個小時,請問可能是哪裡出問題了嗎?</p>",
      "level": 0,
      "highlight": false,
      "children": [
        {
          "id": "da0aa09c0668f7f28a5c73f8caf99486",
          "author": "李宗恩",
          "time": "2022年01月01日 10:34",
          "content": "<p>我即不知道你身體的情況，也不知道你為什麼要服用這樣的藥方，更不知道你買的藥材品質，我無法評論。</p>",
          "level": 1,
          "highlight": true,
          "children": []
        }
      ]
    },
    {
      "id": "5581000164112195a8bcd532a06f8f23",
      "author": "韓趙凱",
      "time": "2023年04月02日 06:37",
      "content": "<p>您好，請問下，生附子可以和米酒一起煮嗎？沸騰後煮足1小時，比如說我是炙甘草湯里添加了生附子，服用後出現的全身麻，拘謹現象是附子中毒現象嗎？</p>",
      "level": 0,
      "highlight": false,
      "children": [
        {
          "id": "bfc08d8ffb1716b6b085ce49b96ef058",
          "author": "李宗恩",
          "time": "2023年04月13日 14:06",
          "content": "<p>這很難説，也可能是你買的藥材有問題。</p>",
          "level": 1,
          "highlight": true,
          "children": []
        }
      ]
    },
    {
      "id": "9b8aac9d520cd8fa35905e111c43f978",
      "author": "迦葉不語",
      "time": "2023年04月22日 19:50",
      "content": "<p>您好，請問生附子要煮1個小時以上才安全，是只有皮的生附子？還是去皮的生附子？</p>",
      "level": 0,
      "highlight": false,
      "children": [
        {
          "id": "b001b48947ce6113f8b7d47d7aba0e27",
          "author": "李宗恩",
          "time": "2023年04月25日 19:06",
          "content": "<p>都一樣。</p>",
          "level": 1,
          "highlight": true,
          "children": [
            {
              "id": "c420e983e82dfa4c7530ed4b3295c6de",
              "author": "迦葉不語",
              "time": "2023年04月26日 19:58",
              "content": "<p>謝謝！</p>",
              "level": 2,
              "highlight": false,
              "children": []
            }
          ]
        }
      ]
    },
    {
      "id": "db8629e863319fb9f362447725106a03",
      "author": "showyan20",
      "time": "2023年06月08日 17:56",
      "content": "<p>您好，想請教一下李醫師 本身胃會停水 喝多水就會起胃酸</p>\n<p>能夠一次煎 9碗水煮成1碗嗎</p>",
      "level": 0,
      "highlight": false,
      "children": [
        {
          "id": "ea09f2943eee2d166e11009ba76b2ecb",
          "author": "李宗恩",
          "time": "2023年06月12日 09:25",
          "content": "<p>這是基本化學常識，如果水太少，物質無法充分溶解於水裏，會影響療效。如果你喝水太多會引起胃酸，那你應該找中醫師看診，而不是想著是不是可是少喝點水分。</p>",
          "level": 1,
          "highlight": true,
          "children": []
        }
      ]
    },
    {
      "id": "21493ca5b4b7aa7931a67e3673437573",
      "author": "古道",
      "time": "2023年07月20日 20:37",
      "content": "<p>李博士，您好<br/>\n請問炮附子（四川江油附子廠出品的炒附子）也是需要煮1小時的嗎？另請問麻黃是否已經不需要先煎去沫這種煮法？</p>",
      "level": 0,
      "highlight": false,
      "children": [
        {
          "id": "882df1375a195da043394e9824cb3ad8",
          "author": "李宗恩",
          "time": "2023年07月20日 21:56",
          "content": "<p>炮附子得煮一個小時，文章已經說明清楚了。現在的麻黃大多已經半枯黃了，不需要先煎。</p>",
          "level": 1,
          "highlight": true,
          "children": [
            {
              "id": "dc0faa7889521b4ac0f05225f8424164",
              "author": "古道",
              "time": "2023年07月22日 02:46",
              "content": "<p>感謝您的解答，祝好！</p>",
              "level": 2,
              "highlight": false,
              "children": []
            }
          ]
        }
      ]
    },
    {
      "id": "428ba33dcf6f36b448f3bb0438833f96",
      "author": "希文",
      "time": "2024年04月09日 21:30",
      "content": "<p>李医师您好！我想请问一下用烤箱制作炮附子的方法：</p>\n<p>将脱水的生附置于烤箱中，150度烤三个小时，期间翻面数次以免烤糊，是这样吗？</p>",
      "level": 0,
      "highlight": false,
      "children": [
        {
          "id": "6a297893dd16ba1097fca5db034b1ff1",
          "author": "李宗恩",
          "time": "2024年04月12日 09:08",
          "content": "<p>可以，不過每個烤箱不一樣，即使是一樣的設定，烤的過程中還是得注意，免得烤焦了。</p>",
          "level": 1,
          "highlight": true,
          "children": [
            {
              "id": "3983d987c39cdfbf1381be1922b8f024",
              "author": "希文",
              "time": "2024年04月12日 20:43",
              "content": "<p>好的，谢谢李医师！</p>",
              "level": 2,
              "highlight": false,
              "children": []
            }
          ]
        }
      ]
    },
    {
      "id": "162cced6c19a92bab3a70f859eabe5e3",
      "author": "新豪",
      "time": "2024年07月22日 05:25",
      "content": "<p>医师您好，我连续服用同仁堂金匮肾气丸一周左右后突然感觉心跳加快，心慌，失眠，入睡困难，是中毒了吗？</p>",
      "level": 0,
      "highlight": false,
      "children": [
        {
          "id": "ff02ce65ddb58e2a0a8de3a2d1d03132",
          "author": "李宗恩",
          "time": "2024年07月25日 15:41",
          "content": "<p>我不在網上針對個案一一討論，更何況你自己隨便服用中藥，導致各種症狀，那你得問你自己，為什麼給自己服用那些中藥、自己身體有什麼問題。</p>",
          "level": 1,
          "highlight": true,
          "children": []
        }
      ]
    },
    {
      "id": "d41ef52dd465118bfb3cb1a76009540f",
      "author": "未蒙师面，已承施恩",
      "time": "2024年07月22日 20:42",
      "content": "<p>李博士您好，倪师针灸大成，呼吸引气法说病人吸气时入针，呼气时出针是否正确？因此处倪师有口误，后面呼吸补泻是吸气时缓缓出针，呼吸引气是否和呼吸补泻法一致？</p>",
      "level": 0,
      "highlight": false,
      "children": [
        {
          "id": "da7cec7de9d203482cab49677e2f6d9b",
          "author": "李宗恩",
          "time": "2024年07月25日 15:43",
          "content": "<p>吸氣時緩緩退針。</p>",
          "level": 1,
          "highlight": true,
          "children": [
            {
              "id": "7fdbdc273b201854bf35ce085c26ded1",
              "author": "未蒙师面，已承施恩",
              "time": "2024年07月27日 20:01",
              "content": "<p>哇，谢谢您回复我！我目前因为自学倪师针灸，治好了我老婆的膝盖疼（五六年的痛，膝盖里面感觉很冷那种，膝五针），治好了我侄子的阴茎痛（他做了包皮切除手术，吃抗生素两周没有效果，阴茎还是疼，我给他下针中都，针完他去尿尿就不疼了，真是神效啊），还治好了我妈妈的放屁多，尿频，胃痛，艾灸关元中极，中脘巨阙。非常感恩倪海夏老师。我妈妈还有腿部静脉曲张很严重，目前我只看了针灸大成，倪师说小肠管静脉回流，我让妈妈灸关元和巨阙，足三里，三阴交，应该会对静脉曲张大有好处，我打算把倪师人纪全部学完，治好我妈妈的静脉曲张。</p>",
              "level": 2,
              "highlight": false,
              "children": [
                {
                  "id": "9352e6c181101748c5f94b48dbc2c525",
                  "author": "李宗恩",
                  "time": "2024年08月01日 09:15",
                  "content": "<p>謝謝你的分享，好好學習！</p>",
                  "level": 3,
                  "highlight": true,
                  "children": []
                }
              ]
            },
            {
              "id": "88ace253d3e22e43232ee28a5f4d23f1",
              "author": "未蒙师面，已承施恩",
              "time": "2024年07月27日 20:41",
              "content": "<p>李博士您好，有件事情，我有点震撼和担忧，事情是这样的，我最近在学习倪师针灸大成，就在前几天晚上我做梦梦到倪师了，他说有个什么汤，里面某味药换一下，好像是换成什么花，我吃了对我的心脏好，意思是说我心脏有问题了，梦里面我看到那个方子上写的药名了，但是因为我只学了针灸，神农百草还没看到，都不认识，早上一睁眼就忘记那些药材名字了。当时我以为就是一个梦，没想那么多，可是就在最近我学到倪师耳针，我拿棉签按对应的心脏位置，竟然都是刺痛，两边耳朵心脏位置轻轻按就刺痛，然后我就回忆我最近两三年，想起来有好几个晚上我睡得比较晚，半夜心脏难受醒来，说不上来的不舒服，但是我确信是心脏很难受导致我醒过来，但是只是偶尔很累熬夜时候会发生这样的事情，我也就没当回事。这个事情令我感到震撼和担忧。也令我更加想要迫切学习完倪师人纪。</p>",
              "level": 2,
              "highlight": false,
              "children": [
                {
                  "id": "3cc628d20cb4e3685d7890d43d8859ac",
                  "author": "李宗恩",
                  "time": "2024年08月01日 09:16",
                  "content": "<p>謝謝你的分享。</p>",
                  "level": 3,
                  "highlight": true,
                  "children": []
                }
              ]
            },
            {
              "id": "b55c7385c073c942607b3fa946fa84d4",
              "author": "未蒙师面，已承施恩",
              "time": "2024年07月28日 08:16",
              "content": "<p>李博士您好，倪师的捻转补泻，比如左腿足三里补，顺时针快转慢回是补，就好像阳明经在顺时针圆的外侧相切（圆外侧是左腿的外侧）；倪师针灸视频里找不到三阴交的补泻，比如在左腿三阴交补，怎样快转慢回是补呢？我可否理解为阳经在圆外侧相切，阴经在圆内测相切，所以补左腿三阴交也是顺时针快转慢回为补？这一点对我很重要，希望您能解惑。</p>",
              "level": 2,
              "highlight": false,
              "children": [
                {
                  "id": "475fd56ba7cbb0f61ee16a06966a5fae",
                  "author": "离中虚",
                  "time": "2024年07月29日 17:04",
                  "content": "<p>别想太复杂<br/>\n捻转补泄：快转慢回<br/>\n顺经为补～逆经为泄</p>\n<p>多看经络走向<br/>\n多看人纪针灸视频<br/>\n就明白了</p>",
                  "level": 3,
                  "highlight": false,
                  "children": []
                },
                {
                  "id": "d33c73915e0b8bbc277a24c1ea78b269",
                  "author": "李宗恩",
                  "time": "2024年08月01日 09:18",
                  "content": "<p>如果你不確定，可以改成用斜針方向來做補瀉。</p>",
                  "level": 3,
                  "highlight": true,
                  "children": [
                    {
                      "id": "beb2333c7af257118aa264428478b0af",
                      "author": "未蒙师面，已承施恩",
                      "time": "2024年08月01日 18:09",
                      "content": "<p>嗯，这样确实比较稳妥。</p>",
                      "level": 4,
                      "highlight": false,
                      "children": []
                    }
                  ]
                }
              ]
            },
            {
              "id": "10240465a5294b7c3ee68c1aa499a3bf",
              "author": "未蒙师面，已承施恩",
              "time": "2024年07月29日 07:41",
              "content": "<p>李医师您好，<br/>\n倪师针灸大成临床视频，有个胆经上的偏头痛，先在肝经本穴下针加强胆经母穴补的效果，这里没有用到五门十变，但是肝经本穴下的是行间。<br/>\n还有在讲五门十变的时候，大肠经本穴也是用荣穴替代（二间）。我是不是可以认为因为大肠经和肝经本穴都是井穴，井穴不好下针留针，也比较痛，所以才用最接近的荣穴替代本穴呢？</p>",
              "level": 2,
              "highlight": false,
              "children": [
                {
                  "id": "560cd793ee6151c94ec137a84516d963",
                  "author": "离中虚",
                  "time": "2024年07月29日 16:53",
                  "content": "<p>我也有个疑问<br/>\n为什么五门十变法<br/>\n大肠经本穴用荣穴代替<br/>\n那为什么不可以用合穴代替？</p>",
                  "level": 3,
                  "highlight": false,
                  "children": []
                },
                {
                  "id": "fe74c5f621fba4380fc4f34fe4eaaa3a",
                  "author": "李宗恩",
                  "time": "2024年08月01日 09:22",
                  "content": "<p>倪老師有解釋，下井穴太痛，通常會依照補瀉的需要，改成上下來下針。</p>",
                  "level": 3,
                  "highlight": true,
                  "children": [
                    {
                      "id": "4061e7f58fde465584c7b624262d484d",
                      "author": "未蒙师面，已承施恩",
                      "time": "2024年08月01日 18:15",
                      "content": "<p>谢谢，我明白了，五门十变的话：肝经和大肠经可以根据补泻情况选荣穴和合穴来合化金做补泻。</p>",
                      "level": 4,
                      "highlight": false,
                      "children": []
                    }
                  ]
                }
              ]
            },
            {
              "id": "2abf721fd5c17b742ed8f5dd5a927810",
              "author": "未蒙师面，已承施恩",
              "time": "2024年08月01日 06:48",
              "content": "<p>李博士，您好，左腿复溜行捻转补法，是逆时针快转慢回吗？（这个问题本质上和我上面提的左腿三阴交捻转补泻是同一个问题，希望您能帮我解惑）。</p>",
              "level": 2,
              "highlight": false,
              "children": []
            }
          ]
        }
      ]
    },
    {
      "id": "95c596fe9327309aa8073f3f03e5c17a",
      "author": "Destiny",
      "time": "2024年09月08日 05:43",
      "content": "<p>李医师你好，我用大概3400毫升的水，保持一直沸腾最低的火力，计时煮一个小时，就只剩七百五十毫升左右，用十杯或九杯水的量来煮好像不够，请问是需要盖盖子来煮药吗？我都是没盖盖子，因为盖上盖子会沸腾起泡溢出来</p>",
      "level": 0,
      "highlight": false,
      "children": [
        {
          "id": "1e5f96d978ebf39918f0051b65632703",
          "author": "李宗恩",
          "time": "2024年09月19日 11:11",
          "content": "<p>不用蓋蓋子，你的鍋子可能有點淺。如果真的無法調整到對的火力，多加點水也行。</p>",
          "level": 1,
          "highlight": true,
          "children": []
        },
        {
          "id": "2171bda789b6b22fe9a8335238206676",
          "author": "平平淡淡",
          "time": "2024年11月05日 12:33",
          "content": "<p>一杯水不是大概200-300ml嗎？9杯水不應該是2700左右嗎？為什麼是3400ml？750ml一次溫服250ml左右就夠了吧。</p>",
          "level": 1,
          "highlight": false,
          "children": [
            {
              "id": "53c40dc9367030d500ec31d59915c721",
              "author": "一壶酒",
              "time": "2024年11月06日 03:50",
              "content": "<p>他的意思是3400毫升水，煎一个小时只剩750毫升——也就是说蒸发了3400-750=2650；</p>\n<p>那如果换成1800～2700毫升（九碗水）的话，煎药一个小时，那水都快干了。</p>",
              "level": 2,
              "highlight": false,
              "children": [
                {
                  "id": "ff63fcedefbb633446c5743e26431e92",
                  "author": "平平淡淡",
                  "time": "2024年11月06日 18:28",
                  "content": "<p>明白了谢谢</p>",
                  "level": 3,
                  "highlight": false,
                  "children": []
                }
              ]
            }
          ]
        }
      ]
    },
    {
      "id": "fe9639f3b57cd5b9ef90fc4f9d42c6ad",
      "author": "方源",
      "time": "2024年09月20日 02:51",
      "content": "<p>李医师您好，家人前段时间因为感冒发汗后严重头晕，医院的中医师开的真武汤，喝了几副药后现在已经好很多了，但喝药期间身体里面觉得很热，白天还好，晚上身体里面觉得热燎火烧的睡不着，这种情况是因为附子（医院用的附子黑顺片，称了一下一副大概10g）的原因吗？这种情况正常吗？</p>",
      "level": 0,
      "highlight": false,
      "children": [
        {
          "id": "f213cbcaaa3d6d197403f23e3501689c",
          "author": "李宗恩",
          "time": "2024年09月30日 09:22",
          "content": "<p>陰虛</p>",
          "level": 1,
          "highlight": true,
          "children": []
        }
      ]
    },
    {
      "id": "4200643d422e7a5070f1c704ae01357d",
      "author": "Destiny",
      "time": "2024年09月22日 22:13",
      "content": "<p>好的，谢谢李医师解惑</p>",
      "level": 0,
      "highlight": false,
      "children": []
    },
    {
      "id": "0ef320c7eb73b85e878d749f9578503d",
      "author": "C",
      "time": "2024年11月12日 03:01",
      "content": "<p>李医生你好，你曾说过乌头汤不易去除腰部骨节的寒湿，请问可能有更好的办法去除吗？</p>",
      "level": 0,
      "highlight": false,
      "children": [
        {
          "id": "c7afbdc1c796f9801345c3c55d565b32",
          "author": "李宗恩",
          "time": "2024年11月19日 13:49",
          "content": "<p>不建議你自己治療。</p>",
          "level": 1,
          "highlight": true,
          "children": []
        }
      ]
    },
    {
      "id": "c8c7a3e0c710fd7d9d722cb15e71c988",
      "author": "chr1234",
      "time": "2024年12月01日 01:57",
      "content": "<p>我今天挂了李赛美教授的号看病，教授给我开的药方中有每一副药6g的黑顺片，一副药一天分两次服用。我跟她说我担心中胆巴的化学物质的毒，教授信心十足的跟我说外面的附子中毒是因为剂量开太大了并声称医院用的正规的药厂的药是没有问题的，请问李医生对此有什么看法吗</p>",
      "level": 0,
      "highlight": false,
      "children": [
        {
          "id": "aab08d47fbc2743c4e1178599f60387a",
          "author": "李梁",
          "time": "2024年12月01日 11:49",
          "content": "<p>建议不要使用黑顺片！可以自己做研究找一下沙炒的炮附子，去皮的，金黄色，炒出来很香，虽然价格贵了点，但是用的放心，效果也要好很多！</p>",
          "level": 1,
          "highlight": false,
          "children": []
        },
        {
          "id": "be589362276cc18127019b48a7535d7c",
          "author": "离中虚",
          "time": "2024年12月01日 19:55",
          "content": "<p>这位李赛美是为女性？</p>",
          "level": 1,
          "highlight": false,
          "children": []
        },
        {
          "id": "b1d901a5c4da3a9707eb0a44b61dec50",
          "author": "离中虚",
          "time": "2024年12月01日 20:28",
          "content": "<p>我的疑问是<br/>\n这位李赛美教授与李医师参加的广州经方演讲是同一人吗？</p>",
          "level": 1,
          "highlight": false,
          "children": [
            {
              "id": "0c8155be6a92e5b39154d63a513da405",
              "author": "一壶酒",
              "time": "2024年12月02日 14:39",
              "content": "<p>是的，是同一个人。所以，我觉得他是故意的。呵呵。</p>",
              "level": 2,
              "highlight": false,
              "children": [
                {
                  "id": "5bd6da5462be6ebad45d26e48a6dce83",
                  "author": "李梁",
                  "time": "2024年12月05日 08:35",
                  "content": "<p>这里面或许有其他的一些因素顾虑太多影响！不太好评价！这也反应了国内中医文化发展的受限困难！能做的只有病人自己有一定的基础中医知识，自己学会纠偏！</p>",
                  "level": 3,
                  "highlight": false,
                  "children": []
                }
              ]
            }
          ]
        },
        {
          "id": "faa8d69022b4d108ca6514f823a3f276",
          "author": "一壶酒",
          "time": "2024年12月02日 03:33",
          "content": "<p>上周末去诊所看诊，医生也开了黑顺片。我和医生直说不想用炮胆巴的，这味药我自备，后来买的炒附片（每付药6克）。<br/>\n煎药使用的是李博士的方法：炒附片和其他药一同下锅，304不锈钢锅全程大火开盖煎煮一小时。</p>",
          "level": 1,
          "highlight": false,
          "children": []
        },
        {
          "id": "4eacd05d05c174ff0315a18d7ae5de0b",
          "author": "一壶酒",
          "time": "2024年12月02日 03:39",
          "content": "<p>你这个问题我都乐了，你故意的吧！！！<br/>\n12月8号本周天李博士就要去新加坡参加国际经方大会。<br/>\n医保系统或者医院系统能开出国家药典之外的么？<br/>\n我琢磨这不是中胆巴毒的事儿，而是对胆巴存有心结。</p>",
          "level": 1,
          "highlight": false,
          "children": [
            {
              "id": "94ecabae6bdbb999773cf30ff6e9ca45",
              "author": "chr1234",
              "time": "2024年12月03日 03:15",
              "content": "<p>第一，李赛美教授会不定期在深圳市宝安区纯中医治疗医院坐诊一天，我去的那天是12月1日，你可以在这个医院公众号查得到李教授的出诊时间。<br/>\n第二，国家药典中的附子是包含黑顺片的<br/>\n第三，因为李宗恩医师有提到过附子中毒大多是因为用了胆巴附子，如果李教授这么笃定医院的黑顺片用安全剂量开始没问题的话，那么假设李赛美教授说的是真的，那是不是其他附子中毒的原因有可能是煮的时间不足，中的是双zhi乌头碱的毒？因此有所疑问所以想问下李医师的看法</p>",
              "level": 2,
              "highlight": false,
              "children": [
                {
                  "id": "ab7c528befc407d456e5bcf9e84f5345",
                  "author": "一壶酒",
                  "time": "2024年12月03日 16:29",
                  "content": "<p>知不知道我为什么说你是故意的？为什么说12月8号李博士要去新加坡演讲？<br/>\n医院的系统和医保系统开不开得出来，不泡胆巴的附子？进入中华人民共和国药典的4~5个附子种类全都是泡胆巴的。<br/>\n李博士这篇文章和其他的音视频等资料不是说了吗——要么就是中胆巴的毒，要么就是中双子乌头碱的毒。<br/>\n你第1次留言问李博士的看法明显是要拉仇恨……呵呵呵呵呵——李博士明确说过他不用泡胆巴的附子，然后你说李教授使用，然后你问李博士的看法！</p>",
                  "level": 3,
                  "highlight": false,
                  "children": []
                }
              ]
            }
          ]
        },
        {
          "id": "d0ef5dc7ea0ebd816da84e7be4b211e0",
          "author": "李宗恩",
          "time": "2024年12月10日 13:50",
          "content": "<p><a href=\"https://andylee.pro/wp/?p=4214\" rel=\"ugc\">https://andylee.pro/wp/?p=4214</a></p>",
          "level": 1,
          "highlight": true,
          "children": []
        }
      ]
    },
    {
      "id": "7f236df5795fa0045fab1e933b9ca538",
      "author": "中医爱好者",
      "time": "2025年03月19日 02:26",
      "content": "<p>李博士，您好。<br/>\n倪老师的本草经中，没有详细介绍白附子。麻烦请问您一下，白附子（也叫独角莲），也跟生附子一样很强的毒性吗？是不是也需要沸騰的水煮白附子60分鐘以上呢？</p>",
      "level": 0,
      "highlight": false,
      "children": [
        {
          "id": "d0418aefd1523b8bd1578aa0238b7d0c",
          "author": "李宗恩",
          "time": "2025年03月19日 17:16",
          "content": "<p>兩個是完全不一樣的中藥材。</p>",
          "level": 1,
          "highlight": true,
          "children": []
        }
      ]
    }
  ],
  "page": 39,
  "order": 7,
  "filename": "data\\page39\\page39_order6_5bbd2b0368f4d743c839c1229511b8aa.json",
  "timestamp": 1743221020.4866495
}