{
  "article_url": "https://andylee.pro/wp/?p=4248",
  "title": "FM 96.1 : 附子有毒？還是你煮錯了？",
  "content": "<!--[if lt IE 9]><script>document.createElement('audio');</script><![endif]-->\n<audio class=\"wp-audio-shortcode\" controls=\"controls\" id=\"audio-4248-1\" preload=\"none\" style=\"width: 100%;\"><source src=\"https://andylee.pro/wp/wp-content/uploads/2017/04/dr-case-20170418-511-537pm-23m54s_converted.mp3?_=1\" type=\"audio/mpeg\"/><a href=\"https://andylee.pro/wp/wp-content/uploads/2017/04/dr-case-20170418-511-537pm-23m54s_converted.mp3\">https://andylee.pro/wp/wp-content/uploads/2017/04/dr-case-20170418-511-537pm-23m54s_converted.mp3</a></audio>\n<p>最近舊金山發生的疑似中藥茶中毒事件引起社會廣大關注，公共衛生部門查出藥渣裡含有烏頭鹼，以下令相關產品下架，但官方至今還未對事故的真正原因做出正式的定論。 李醫師已在他的博客文章 <a href=\"https://andylee.pro/wp/?p=4214\" rel=\"noopener noreferrer\" target=\"_blank\">「附子有毒？還是你煮錯了？」</a>一文中引用關於附子毒性的權威研究報告「<a href=\"https://andylee.pro/wp/wp-content/uploads/2017/04/%E5%85%B3%E4%BA%8E%E9%99%84%E5%AD%90%E7%9A%84%E9%82%A3%E4%BA%9B%E4%BA%8B%E5%84%BF.pdf\" rel=\"noopener noreferrer\" target=\"_blank\">关于附子的那些事儿</a>」，和大家分享了生附子在沸水裡熬煮不同的時間所產生的不同化學成分以及呈現出的不同毒性，藉此強調正確煮藥的重要性，在這就不再贅述，請參考博客原文。</p>\n<p>鑒於煮藥的方法在病人的整個治療過程中常常被很多中醫師所忽視，下面是關於煮藥的一些注意事項。開藥的比例固然重要，但病人煮出來並吃進去的比例和克數更為重要。</p>\n<p>（一）不要用陶罐煮藥器煮藥。古時候合金冶煉的技術有限，為了減少金屬的溶出、防止藥物與金屬的相互反應，在不得已的情況下採用陶罐煮藥。如今不鏽鋼產品金屬穩定性好，受熱均勻，導熱性很好，非常適合煮中藥。我們診所要求病人使用不鏽鋼鍋煮藥，大火煮一個小時，9杯水煮成3杯水的量（一杯為一個量杯，大約240ml）。各個品牌的陶罐煮藥器火力設定不盡相同，若是每個人的煮法都不同，醫生如何才能根據病人給予的反饋調整治療方案呢？ 煮藥方法的標準化是治療過程中很重要的一個環節。</p>\n<p>（二） 為了保證煮好的藥的比例是醫生想要的比例，藥只煮一次，堅決反對二鍋頭的煮藥方式。</p>\n<p>要對一件事情做正確公平的論斷，必須對事件做全面徹底地調查，不要一知半解，以訛傳訛。</p>\n<p>（語音檔案由FM96.1電台提供，文章摘錄自語音檔案內容，部分文字略有異同，敬請見諒。）</p>",
  "article_time": "2017年04月18日 18:10",
  "comments": [],
  "page": 39,
  "order": 6,
  "filename": "data\\page39\\page39_order5_525999d35f33d3c3e3d96ed4105278b0.json"
}