{
  "article_url": "https://andylee.pro/wp/?p=5417",
  "title": "糞便移植後2年，自閉症症狀減少了近50％",
  "content": "<figure class=\"wp-block-image\"><img alt=\"\" class=\"wp-image-5430\" decoding=\"async\" fetchpriority=\"high\" height=\"508\" sizes=\"(max-width: 693px) 100vw, 693px\" src=\"https://andylee.pro/wp/wp-content/uploads/2019/04/Screen-Shot-2019-04-16-at-12.56.48-PM.png\" srcset=\"https://andylee.pro/wp/wp-content/uploads/2019/04/Screen-Shot-2019-04-16-at-12.56.48-PM.png 693w, https://andylee.pro/wp/wp-content/uploads/2019/04/Screen-Shot-2019-04-16-at-12.56.48-PM-300x220.png 300w\" width=\"693\"/></figure>\n<p>Arizona State University發表了一篇關於自閉症（Autism）的文章，討論自閉症治療的最新研究，指出研究人員逐漸發現自閉症和大腸的關聯性，許多自閉症兒童都有消化道問題，研究人員利用糞便移植，改變自閉症病患大腸內的細菌及微生物的組成，兩年後，自閉症症狀減少了近50％：</p>\n<p>Arizona State University：<a href=\"https://asunow.asu.edu/20190409-discoveries-autism-symptoms-reduced-nearly-50-percent-two-years-after-fecal-transplant?fbclid=IwAR0D81SRZhgnUbqKGepl53X85KBVTAgpKCPoMjthxp9DZYoDAetiFBhH3qY\">Autism symptoms reduced nearly 50% 2 years after fecal transplant </a></p>\n<p>其實，中醫早就知道這個關聯性。中醫認為「肺藏魄」，從臨床上觀察，許多自閉症病患的行為表現反應出肺不藏魄。而肺和大腸互為表裡，這些自閉症病患也多半有便秘或其它消化道的問題。同時，中醫說「金剋木」，肝臟負責處理大腸靜脈帶入肝臟的血液，大腸內有害的「沼氣」會進入肝臟，如果肝臟功能不足，無法完全清理這些有毒的物質，沼氣就會進入血脈，再轉入腦和其它器官。最新的醫學研究也發現，帕金森症（Parkinson）病患腦裡的毒蛋白並非原發在腦，而是大腸內的毒蛋白逐漸移轉到腦，而導致大腦的帕金森症病變。</p>\n<p>也就是說，臨床上看自閉症病患的症狀，大多和肺、大腸、肝有很大的關聯，治療上也大多以宣肺、清大腸、清肝為啟始，再逐漸推向肺、大腸、肝功能不佳的背後原因，臨床治療即使不能完全解決自閉症，也多半可以看到令人驚艷的效果。</p>\n<p>許多年前，舊金山灣區一個幫助自閉症兒童的華人公益組織找過我，討論中醫治療自閉症的可能性，我和這位找我的理事解釋了很多中醫的觀點，也和他討論了不少我幫助過自閉症和其它精神疾病的病例。這位理事非常振奮，把我們討論的內容帶回去給這個自閉症兒童公益組織的所有理事，希望大家能支持推廣中醫幫助自閉症兒童的理念。沒想到過半的理事們竟然嗤之以鼻，身為華人卻把中醫當成無稽之談、不科學、不文明的象徵，當然，整件事也就無疾而終了。</p>\n<p>現在研醫學研究人員「重新發現」中醫早就知道自閉症與大腸的關聯性，即使在臨床上也只有在少數病患上看到部分成效，在醫學界已經造成了頗大的震撼。那麼，身為華人的我們，為什麼還不願意多去了解中醫、信賴中醫，進而推廣中醫？</p>",
  "article_time": "2019年04月12日 11:23",
  "comments": [
    {
      "id": "55268be63e72890a195aaee1872fa457",
      "author": "Ferry瑞芳",
      "time": "2019年04月13日 06:32",
      "content": "<p>好消息！Good  news</p>",
      "level": 0,
      "highlight": false,
      "children": []
    },
    {
      "id": "93b9fb625adfe5d6fee6c417abc8cf2e",
      "author": "廖欣强",
      "time": "2019年08月01日 18:36",
      "content": "<p>博士您好，想请教您一下，听别人说在长沙有一位女医师是汉唐的人纪学员，您认识吗？</p>",
      "level": 0,
      "highlight": false,
      "children": [
        {
          "id": "d14b730a7f103311acbde17ba4ab8d3b",
          "author": "andy",
          "time": "2019年08月01日 21:03",
          "content": "<p>什麼名字？</p>",
          "level": 1,
          "highlight": true,
          "children": []
        }
      ]
    },
    {
      "id": "234ef7596655583510d69dd536d46ba5",
      "author": "Jacky",
      "time": "2024年03月10日 05:30",
      "content": "<p>清肝的意思是清肝火？</p>",
      "level": 0,
      "highlight": false,
      "children": [
        {
          "id": "ee5a2cadd505a50350fe5a1cfaa1a6ad",
          "author": "李宗恩",
          "time": "2024年03月14日 13:33",
          "content": "<p>不是。</p>",
          "level": 1,
          "highlight": true,
          "children": [
            {
              "id": "2a20398f6188a9fd5104fcafafe4cc39",
              "author": "Jacky",
              "time": "2024年03月22日 05:00",
              "content": "<p>那是甚麼意思？能寫多一些自閉症的文章嗎？我家（香港）附近的中醫師也這病也沒有方向.</p>",
              "level": 2,
              "highlight": false,
              "children": []
            }
          ]
        }
      ]
    }
  ],
  "page": 30,
  "order": 3,
  "filename": "data\\page30\\page30_order2_d14b730a7f103311acbde17ba4ab8d3b.json"
}