{
  "article_url": "https://andylee.pro/wp/?p=13468",
  "title": "第十四屆國際經方班 教學演講內容",
  "content": "<p>剛剛從加州飛抵新加坡，在機場等候起飛，以及17個小時的飛行時間裡，總算把這次教學演講內容整理好，在這裡先和讀者們分享，大會主辦單位會錄影，但我不確定是不是需要付費才能觀看，我會再詢問主辦單位。</p>\n<p>我幫助過很多癌症病患，但我很少公開討論癌症治療。因為在美國，除了西醫的開刀、化療、放療、標靶治療、免疫療法外，法律規定不得宣稱「治療癌症」(treat cancers) ，更不能宣稱「治癒癌症」(cure cancers)，中醫最多只能說幫忙減輕癌症病患的疼痛、失眠、焦慮等生活上的問題。這次新加坡大會主題為癌症，演講地點也不在美國，給了我一個機會來討論中醫抗癌與防癌。</p>\n<div class=\"wp-block-file\" data-wp-interactive=\"core/file\"><object aria-label=\"第十四届国际经方班 - 李宗恩 的嵌入內容。\" class=\"wp-block-file__embed\" data=\"https://andylee.pro/wp/wp-content/uploads/2024/12/第十四届国际经方班-李宗恩.pdf\" data-wp-bind--hidden=\"!state.hasPdfPreview\" hidden=\"\" style=\"width:100%;height:600px\" type=\"application/pdf\"></object><a href=\"https://andylee.pro/wp/wp-content/uploads/2024/12/第十四届国际经方班-李宗恩.pdf\" id=\"wp-block-file--media-45660417-0e3d-45a6-9e68-86de3ff88fb7\">第十四届国际经方班 – 李宗恩</a><a aria-describedby=\"wp-block-file--media-45660417-0e3d-45a6-9e68-86de3ff88fb7\" class=\"wp-block-file__button wp-element-button\" download=\"\" href=\"https://andylee.pro/wp/wp-content/uploads/2024/12/第十四届国际经方班-李宗恩.pdf\">下載</a></div>",
  "article_time": "2024年12月06日 22:19",
  "comments": [
    {
      "id": "fb294efa9e9781e3a11393261991fb99",
      "author": "荣耀",
      "time": "2024年12月07日 12:11",
      "content": "<p>李医生好，谢谢您无偿分享。</p>",
      "level": 0,
      "highlight": false,
      "children": []
    },
    {
      "id": "70b69ab2befdb4bb6bcdb6ba2c6fb43e",
      "author": "July",
      "time": "2024年12月07日 12:23",
      "content": "<p>李醫生，您的病人病危，我想和你溝通一下，我在微信上給你留言，我是July.</p>",
      "level": 0,
      "highlight": false,
      "children": [
        {
          "id": "4202b30e7c2bf87d5c9cd4c6eb9351c5",
          "author": "李宗恩",
          "time": "2024年12月10日 14:29",
          "content": "<p>看診事宜請直接聯絡診所，不要在這裡留言，更不要發微信，這是診所規定，也是基本禮貌。同時，病人都得按照規定排隊等候，你說的這位病人，目前已經安排了初診，但診所無法再特意提前看診，對不起其他等候多時的急重症病患。</p>",
          "level": 1,
          "highlight": true,
          "children": [
            {
              "id": "83e5edd01c5731cfc39b1e4800a8b422",
              "author": "我真滴好想吃鸡比饭",
              "time": "2024年12月20日 19:43",
              "content": "<p>假如我是小助理看到了july的留言，我会咯噔一下，毕竟是自己的病入，然后会去调查，才发现根本不是这么一回事，这是引人注意的权宜之计，但是这种小聪明对于使用对象是非常不尊重的，不但不遵守规矩，也丝毫没有礼貌，假如之后每个人都发现这套路好用，岂不是都用这个套路来道德绑架我，岂不是最后节奏完全打乱了？最后的结果就是其他就诊的病入也受影响，所以只能在紧急的情况下，被迫给从来没诊过的所谓病人接着安排上号，因为受苦受难的最后还是病入。<br/>\n虽然看起来很无情，但是没有办法，一旦流程可以被道德随意打破，那任何人都可以用各种各样的借口插队，直到变成卖惨的环节，甚至最惨的那个可能还只是感冒加抑郁，抑郁还是自己多行不义害的自己变成这样的。<br/>\n所以原则真的不能被大破，哪怕被人身后各种恶毒的诅咒。</p>",
              "level": 2,
              "highlight": false,
              "children": []
            },
            {
              "id": "8c65e12ec831c71560980f90935a8dd0",
              "author": "我真滴好想吃鸡比饭",
              "time": "2025年01月01日 04:37",
              "content": "<p>新年快乐啊李医生</p>",
              "level": 2,
              "highlight": false,
              "children": [
                {
                  "id": "c82a7c0aa691125ab9dcfabe908a5760",
                  "author": "李宗恩",
                  "time": "2025年01月10日 14:26",
                  "content": "<p>新年快樂！</p>",
                  "level": 3,
                  "highlight": true,
                  "children": []
                }
              ]
            }
          ]
        },
        {
          "id": "5447b88f883ba2a8d101920991778d37",
          "author": "一壶酒",
          "time": "2024年12月26日 23:31",
          "content": "<p>你知不知道你闯了大祸了？！<br/>\n李博士发火了这论坛就没了。<br/>\n管理员上次把你的留言审核通过  放了出来，下次谁的也过不了了。</p>",
          "level": 1,
          "highlight": false,
          "children": []
        }
      ]
    },
    {
      "id": "1e6a7a00339667fdd9ac2ea35b97afc4",
      "author": "一壶酒",
      "time": "2024年12月07日 02:31",
      "content": "<p>感谢李博士大爱！！！<br/>\n感谢李博士大爱！！！<br/>\n感谢李博士大爱！！！<br/>\n重要的事情最少说三遍。</p>",
      "level": 0,
      "highlight": false,
      "children": [
        {
          "id": "a43795e267160010878fdf516773282c",
          "author": "李宗恩",
          "time": "2024年12月10日 14:29",
          "content": "<p>謝謝</p>",
          "level": 1,
          "highlight": true,
          "children": []
        }
      ]
    },
    {
      "id": "fce031fa796e81930bff8e2c9ed80e49",
      "author": "jianghao",
      "time": "2024年12月07日 05:08",
      "content": "<p>李醫師，辛苦了，祝您一切順利，注意身體。感謝您的大愛和無私。</p>",
      "level": 0,
      "highlight": false,
      "children": [
        {
          "id": "3d46f6a8eb775c2bc02211fcd00c1578",
          "author": "李宗恩",
          "time": "2024年12月10日 14:29",
          "content": "<p>謝謝</p>",
          "level": 1,
          "highlight": true,
          "children": []
        }
      ]
    },
    {
      "id": "29bba93cac3a6904a76a0fe51e25e144",
      "author": "过江之鲫",
      "time": "2024年12月07日 05:38",
      "content": "<p>感谢李医师无私分享（抱拳）</p>",
      "level": 0,
      "highlight": false,
      "children": [
        {
          "id": "704501ae21c40ba8eab3afb686d1b238",
          "author": "李宗恩",
          "time": "2024年12月10日 14:29",
          "content": "<p>謝謝</p>",
          "level": 1,
          "highlight": true,
          "children": []
        }
      ]
    },
    {
      "id": "7b8aa281cb80442091e38cdfe31ee713",
      "author": "嘉乐",
      "time": "2024年12月07日 06:24",
      "content": "<p>感谢李医生分享的资料！！！！！</p>",
      "level": 0,
      "highlight": false,
      "children": [
        {
          "id": "98f88d5b4efb00301421e9f47710bb00",
          "author": "李宗恩",
          "time": "2024年12月10日 14:29",
          "content": "<p>謝謝</p>",
          "level": 1,
          "highlight": true,
          "children": []
        }
      ]
    },
    {
      "id": "3d774fd60ba15d68e32e6f76a3f64cc3",
      "author": "愿得一人心",
      "time": "2024年12月07日 14:09",
      "content": "<p>李医生你好，病人腹胀打嗝，喝中药后也会打嗝，大便后也会打嗝，请问枳实和厚朴这两位药，到底是用炙枳实、炙厚朴还是用生用的？一位正在自学的小白求解！！</p>",
      "level": 0,
      "highlight": false,
      "children": [
        {
          "id": "be3d613a81f835f434f9416c3ebe5e43",
          "author": "李宗恩",
          "time": "2024年12月10日 14:31",
          "content": "<p>單憑一個打嗝症狀，不足以診斷治療，如果你像自己試藥，那就使用生枳實和生厚朴。</p>",
          "level": 1,
          "highlight": true,
          "children": []
        }
      ]
    },
    {
      "id": "0e680146dd40828eaf423604a9e5734b",
      "author": "三伏",
      "time": "2024年12月07日 18:47",
      "content": "<p>李医生您好，现代人注重养生，传闻许多人把苓桂术甘汤作为养生汤剂，每日小量饮用，这样的做法合理吗</p>",
      "level": 0,
      "highlight": false,
      "children": [
        {
          "id": "e45ba7c12bda80f40f2219142cc6c716",
          "author": "李宗恩",
          "time": "2024年12月10日 14:33",
          "content": "<p>雖然一般情況下沒什麼負面影響，我不建議長期拿哪個中藥方來天天喝，最重要的是均衡飲食、睡眠、運動。</p>",
          "level": 1,
          "highlight": true,
          "children": [
            {
              "id": "f868e2073dc03834150186dfa8209feb",
              "author": "杨学锐",
              "time": "2024年12月18日 08:52",
              "content": "<p>李老师，在“中医健身蛋白粉”那篇文章的测试里不是可以看出健康的人服用中药会更强健吗，除掉中药品质问题和辩证错误，您为什么不建议长期服用中药？</p>\n<p>就上面的长期服用苓桂术甘汤来说<br/>\n1、是因为中药本质是在向身体借备份，备份的减少或许不是线性的，借多了理论上会不可逆的明显减少寿命？</p>\n<p>2、还是因为中药推着健康身体更强壮地运作，像健全的人为了更平稳走路而拄拐杖，时间久没了拐杖反而不能好好走路，时间久了停中药身体自己运作反而不如原本好？</p>\n<p>3、还是因为身体会对那些长期服用的中药的反应变顿感，实际长期养生效果不见得有多好，等生病需要治疗时，却更不容易用中药治好？</p>\n<p>4、还是因为依赖上中药，松懈了作息饮食舍本逐末等等行为心理上的影响？</p>",
              "level": 2,
              "highlight": false,
              "children": [
                {
                  "id": "cd2735bcbd620e52ec269c4e0a938898",
                  "author": "我真滴好想吃鸡比饭",
                  "time": "2024年12月20日 19:50",
                  "content": "<p>按照我对倪老师课里的说法的理解，每个人都有自己的一套身体运行的规则，这个分泌多少那个分泌多少，总之最后自己修复自己，有的时候实在解决不了，就用药来辅助，但千万别忘了只是辅助。<br/>\n举个例子，安眠药的例子你知道吧？他帮你分泌了化学物质，可以帮你一天两天，但是你看那些长期吃的人最后结果怎么样了？身体干脆直接摆烂不分泌那些化学物质了。我们放大点看，是不是肝心脾肺肾都是这个道理？<br/>\n你长期用药取代你身体的功能，那你猜猜五脏是越扶越给力还是越扶越摆烂？</p>",
                  "level": 3,
                  "highlight": false,
                  "children": []
                },
                {
                  "id": "4ffc35c8de30c76df64d0da42a7cf4df",
                  "author": "李宗恩",
                  "time": "2025年01月10日 10:28",
                  "content": "<p>中藥是用來治病用的，身體健康，為什麼要長期服用中藥？良好的生活習慣、飲食、睡眠、運動等，才是根本之道。</p>",
                  "level": 3,
                  "highlight": true,
                  "children": []
                }
              ]
            }
          ]
        }
      ]
    },
    {
      "id": "ae2316ecda714a6ed823543f8aaec44c",
      "author": "Jana",
      "time": "2024年12月07日 23:53",
      "content": "<p>凡经西医的三把刀治疗者，身心无不受其害，有生还者，已实属万幸。倘未经西医之手或切除或化毒脏腑，专取中医治疗，药效方至，尚存生机，筋骸虽老身犹康健。</p>",
      "level": 0,
      "highlight": false,
      "children": []
    },
    {
      "id": "53622c278f137ef2954415debd4937df",
      "author": "julian",
      "time": "2024年12月08日 06:21",
      "content": "<p>感謝李醫師分享, 受益良多, 另想請教, 中醫是否有針對白內障等眼疾之治療方式呢? 再次謝謝您</p>",
      "level": 0,
      "highlight": false,
      "children": [
        {
          "id": "216477fd46d56ee7cba614faa7c4d02a",
          "author": "李宗恩",
          "time": "2024年12月10日 14:35",
          "content": "<p>中醫可以減緩白內障的惡化，但是，已經形成的白內障很難用中藥化解，以前中醫是插入金針把白內障勾出來，現代眼科手術比金針先進許多。</p>",
          "level": 1,
          "highlight": true,
          "children": [
            {
              "id": "765b1907882d9ebec365bd9d0cb82e9f",
              "author": "天鷞 張",
              "time": "2024年12月11日 23:42",
              "content": "<p>如果症狀輕微，我個人的經驗是做眼球運動即可。順時鐘，逆時鐘各轉36次。睡覺前做，起床前也做。<br/>\n這是上網去找到一個中國大陸老中醫在電視節目中介紹的方法，他自己（50多歲時）曾得白內障，自己發明的方法。訪問他的節目時他已80多歲，仍然仍穿針線，沒有戴眼鏡。<br/>\n我體驗被告知有輕微白內障，找到這個方法後，持續執行，隔一年體驗就沒事了。沒有用任何藥。</p>",
              "level": 2,
              "highlight": false,
              "children": [
                {
                  "id": "a4c2b3bed00aa938591244da5e602242",
                  "author": "李宗恩",
                  "time": "2024年12月12日 13:21",
                  "content": "<p>眼球運動很難減輕白內障，而是對老花眼、近遠視等有幫助。眼球運動也非什麼中國老中醫發明的，幾十年前眼科醫師就已經提倡了，同時，能穿針線和不戴眼鏡，和白內障關聯不大。</p>",
                  "level": 3,
                  "highlight": true,
                  "children": []
                }
              ]
            },
            {
              "id": "439114030924662a848e92976a4bef89",
              "author": "金喜鸟",
              "time": "2025年01月24日 20:07",
              "content": "<p>李师关于白内障形成原因是什么？从中医角度，能有空说说吗？</p>",
              "level": 2,
              "highlight": false,
              "children": [
                {
                  "id": "487f81a4e33d7569e045ccf4da821147",
                  "author": "李宗恩",
                  "time": "2025年01月25日 15:41",
                  "content": "<p>中醫如何看待白内障，有些不同認知及爭議。肝腎虧損、陰虛導致虛熱上逆、脾虛積濕等等，都有醫家討論過。我個人認為，並非單一因素，人體老化加上生活因素，五臟六腑都受到影響，臨床治療依然得秉持辨證論治的原則，而非聽到白内障，就只想到眼睛及某種論述。</p>",
                  "level": 3,
                  "highlight": true,
                  "children": []
                }
              ]
            }
          ]
        }
      ]
    },
    {
      "id": "9eec72521638e2f5f1f0289263c822ab",
      "author": "簡",
      "time": "2024年12月08日 09:23",
      "content": "<p>李醫生，請教一下，勞損的腰椎間盤突出以及受傷骨頭掉落牽扯到傷口，可以從哪些角度切入思考治療。</p>",
      "level": 0,
      "highlight": false,
      "children": [
        {
          "id": "88391bc9751df4baca67fc78ede701ed",
          "author": "李宗恩",
          "time": "2024年12月10日 14:36",
          "content": "<p>這得看病人實際情況</p>",
          "level": 1,
          "highlight": true,
          "children": []
        }
      ]
    },
    {
      "id": "b060206962e1dbd893674ec02621dfd8",
      "author": "chxzgz",
      "time": "2024年12月08日 19:33",
      "content": "<p>感谢李师分享</p>",
      "level": 0,
      "highlight": false,
      "children": []
    },
    {
      "id": "82059a3099eb54deec033f9b44f809b2",
      "author": "多种甘蔗",
      "time": "2024年12月09日 02:51",
      "content": "<p>感谢李医生的无偿分享，从年初了解到网址之后，打开李医师的博客成了我每用浏览器必做的活动，并从此中收益良多。</p>",
      "level": 0,
      "highlight": false,
      "children": [
        {
          "id": "ceb7443fe8003fe9f23b8e8326b4f03b",
          "author": "李宗恩",
          "time": "2024年12月10日 14:37",
          "content": "<p>謝謝你告訴我</p>",
          "level": 1,
          "highlight": true,
          "children": []
        }
      ]
    },
    {
      "id": "0a4b95b56ca330d1c9a1148b12156ad9",
      "author": "阳",
      "time": "2024年12月09日 03:29",
      "content": "<p>李医师：打扰您，我看有人反应喝了小建中汤，肚子里暖暖的，有人却反应喝了小建中汤会拉稀，请问为什么会造成完全相反的反应呢？另外，有的医生会因为患者拉稀，把白芍换成炒白芍，或在小建中汤中合入附子理中汤，但依然会拉稀，这是什么原因呢？期待您的回复，谢谢！</p>",
      "level": 0,
      "highlight": false,
      "children": [
        {
          "id": "96053259d4cbb84b200a0e5b5bf118e7",
          "author": "李宗恩",
          "time": "2024年12月10日 14:37",
          "content": "<p>你只看到藥方，沒有看到不同病人的情況。</p>",
          "level": 1,
          "highlight": true,
          "children": []
        }
      ]
    },
    {
      "id": "3faec9a9bc158dcfbe8697212ec31a69",
      "author": "王飞亚",
      "time": "2024年12月09日 05:10",
      "content": "<p>感谢李老师分享</p>",
      "level": 0,
      "highlight": false,
      "children": []
    },
    {
      "id": "67cb1d8e4aa49abc04e93a4128891b81",
      "author": "韩广荣",
      "time": "2024年12月09日 05:39",
      "content": "<p>李老师您好，回到家了吗？感谢您不辞辛苦来大会无私的的分享，第一次通过线上直播看您的分享，条理清晰，很快就会进入到您的治疗思路里，演讲风格如沐春风，气宇非凡，也很遗憾没给您留出时间与学生们互动探讨问题，（真搞不懂上午花费那么多时间的各种颁奖，以及其他教授的讲课，什么五运六气到后来的方剂和病的对应，国内顶级中医教授都如此，中医乱象堪忧，感觉这不是您说的做学问）能感觉到您现在想把中医传承下去，本人也甚是期待，多加学习，争取能达到您教学时所录用的标准。感恩李宗恩老师！</p>",
      "level": 0,
      "highlight": false,
      "children": [
        {
          "id": "d59bb8ad4f2a1e5e5b98547772a17e84",
          "author": "李宗恩",
          "time": "2024年12月10日 14:38",
          "content": "<p>謝謝你遠距參加大會</p>",
          "level": 1,
          "highlight": true,
          "children": []
        }
      ]
    },
    {
      "id": "709bd7f1b3700f8e6fc66baf12e1a121",
      "author": "yasuo",
      "time": "2024年12月09日 06:17",
      "content": "<p>应该是脾虚，湿气太重，小建中汤有甜味加重脾运化负担，导致拉稀</p>",
      "level": 0,
      "highlight": false,
      "children": []
    },
    {
      "id": "f235ac9656d7ad3f2a41f9d98f8f74fe",
      "author": "韩广荣",
      "time": "2024年12月09日 17:49",
      "content": "<p>问题1：脾的功能现代解释中：白芍是增强静脉血液回流，茯苓是帮助利水，白术帮助肌肉紧实产生的压力从而健脾祛湿，让血液回流的吗？中医里的健脾和实脾有什么区别？<br/>\n问题2：卵巢癌末期转肝癌案例消腹水极双脚水肿药方中看到用到了实脾饮，砂仁，干姜，苍术为什么没用呢？是因为这3味药对病情有什么影响吗？<br/>\n问题3：在治疗疾病上，关于季节上和病理上是怎么分配的？是先按照病理考虑还是先按照季节做好攻防？一天2种不同的药方是怎么服用的？<br/>\n问题4：面对现在的流感，从发热咽喉到咳嗽，应该建立怎样的体系先把小病治好，比如西医方面的模式。国内的就是用方便的中药颗粒，您那边用的粉剂或者科学中药是怎么制作的？<br/>\n问题4：您重点讲了炮附子，您这边制作是进的干的生附片然后在去制作的炮附片吗？麻黄您进的是没有节的是吗？</p>",
      "level": 0,
      "highlight": false,
      "children": [
        {
          "id": "e08b6e5f736fcaa5d7bee709eb93bca4",
          "author": "李宗恩",
          "time": "2024年12月10日 14:44",
          "content": "<p>（1）不要拘泥在名稱上（2）一個藥方有太多味中藥材，會變得很亂，效果不佳，所以得適度地維持中藥材數量（3）看實際情況而定（4）你自己可以查詢台灣科學中藥粉劑的製作方式（5）診所自己烘培生附子成炮附子，麻黃去節。</p>",
          "level": 1,
          "highlight": true,
          "children": [
            {
              "id": "7f4c878ba52a3371410e99dc67a686dd",
              "author": "刘斌",
              "time": "2025年01月11日 22:26",
              "content": "<p>我看网上有些研究中草药的博主在用生附子做成炮附子的时候，有的是先用清水泡开，然后再用沙炒。请问李博士，烘培生附子成炮附子时还需不需要先用清水泡开，还是用干的生附片直接放烤箱里烘培就行。<br/>\nps：该博主的视频链接：https://v.douyin.com/iynRNE9C/</p>",
              "level": 2,
              "highlight": false,
              "children": [
                {
                  "id": "6a60e2bab7ec3d3f5e9a6be50b6b896e",
                  "author": "李宗恩",
                  "time": "2025年01月13日 10:31",
                  "content": "<p>不用先泡水，炮附子為火製，泡水幾個小時後，水分進入生附子內，再去加溫，有如同蒸附子水製的部分效果。如果擔心沙炒焦了，直接用烤箱烤，效果更好。</p>",
                  "level": 3,
                  "highlight": true,
                  "children": []
                },
                {
                  "id": "bf6f8b27ade319bdc38f0703cf449b09",
                  "author": "一壶酒",
                  "time": "2025年03月19日 22:06",
                  "content": "<p>hello，刘先生，希望获得你整理的同步文稿，也就是视频字幕用于自用自学。也可以有偿。我的邮箱为290532189@qq.com<br/>\n微信号为wxid_qu450twkhjcp21。</p>",
                  "level": 3,
                  "highlight": false,
                  "children": [
                    {
                      "id": "7d082c38878b1ccef3ec7c468f3ad8e4",
                      "author": "潇航",
                      "time": "2025年03月20日 18:33",
                      "content": "<p>这事你们应该先问问李博士的意见吧，这属于李博士智慧产权。如果搞有偿就违背了公益性质，搞无偿这位刘网友辛苦整理出来白嫖人家劳动力也不好。</p>",
                      "level": 4,
                      "highlight": false,
                      "children": []
                    }
                  ]
                }
              ]
            }
          ]
        }
      ]
    },
    {
      "id": "a909ebeffd2af6eddf83a0ec4d5d3ef9",
      "author": "韩广荣",
      "time": "2024年12月09日 17:50",
      "content": "<p>李老师，昨天发布的一条咋没啦</p>",
      "level": 0,
      "highlight": false,
      "children": []
    },
    {
      "id": "7ffa18ed517fff51882cd997fe2221ba",
      "author": "韩广荣",
      "time": "2024年12月09日 19:02",
      "content": "<p>问题1： 在眼诊中表现中，肾区过大，脾区过小，肝区过小是肾水太多，肾阳不足吗？<br/>\n问题二：脾的功能现代解释中：白芍是增强静脉血液回流，茯苓是帮助利水，白术帮助肌肉紧实产生的压力从而健脾祛湿，让血液回流的吗？中医里的健脾和实脾有什么区别？卵巢癌末期转肝癌案例消腹水极双脚水肿药方中看到用到了实脾饮，砂仁，干姜，苍术为什么没用呢？是因为这3味药对病情有什么影响吗？<br/>\n问题三：在治疗疾病上，关于季节上和病理上是怎么分配的？是先按照病理考虑还是先按照季节做好攻防？一天两种不同的药方，是怎样服用的？<br/>\n问题四：在面对西医主流的思想上，如果让其立刻停止西药会让病人产生恐慌，怎样去避免这个问题？如果一起服用，会产生什么结果？比如高血压，糖尿病？<br/>\n问题五：哮喘案例中：用了射干麻黄汤后效果有限，还回原本较轻的方案，是怎样判断回来的？而不是使用更强劲的药物？<br/>\n直肠癌的主要药方中，使用女贞子的目的是为了滋润肾阴帮助排便吗？<br/>\n问题六：附子是购买干生附片，还是需要自己切片？购买的MAHUANG 没有节是吗？<br/>\n问题七：面对现在的流感，从发热咽喉到咳嗽，应该建立怎样的体系先把小病治好，比如西医方面的模式。国内的就是用方便的中药颗粒，您那边用的粉剂或者科学中药是怎么制作的？<br/>\n期待李老师的回复<br/>\n(用手机写了3条，明明看到上去了，再打开又看不到了，不知道什么原因）</p>",
      "level": 0,
      "highlight": false,
      "children": [
        {
          "id": "de854207d27dea7f8015fbf501027353",
          "author": "李宗恩",
          "time": "2024年12月10日 14:45",
          "content": "<p>同樣的問題，不要重複問，所有留言都得經過審核，你也不是第一次留言，如此沒有耐心，如何學好一門學問？</p>",
          "level": 1,
          "highlight": true,
          "children": [
            {
              "id": "2b8577dd8ad34f85263eb16f1070718b",
              "author": "韩广荣",
              "time": "2024年12月11日 01:09",
              "content": "<p>不好意思李老师，以为是我这边出现的问题，谢谢您的批评教导，给您带来不便深感抱歉。</p>",
              "level": 2,
              "highlight": false,
              "children": []
            }
          ]
        }
      ]
    },
    {
      "id": "2023607bf3005e24da42113bfb3d311b",
      "author": "韩广荣",
      "time": "2024年12月09日 19:13",
      "content": "<p>问题1： 在眼诊中表现中，肾区过大，脾区过小，肝区过小是肾水太多，肾阳不足吗？<br/>\n问题二：脾的功能现代解释中：白芍是增强静脉血液回流，茯苓是帮助利水，白术帮助肌肉紧实产生的压力从而健脾祛湿，让血液回流的吗？中医里的健脾和实脾有什么区别？卵巢癌末期转肝癌案例消腹水极双脚水肿药方中看到用到了实脾饮，砂仁，干姜，苍术为什么没用呢？是因为这3味药对病情有什么影响吗？<br/>\n问题三：在治疗疾病上，关于季节上和病理上是怎么分配的？是先按照病理考虑还是先按照季节做好攻防？一天两种不同的药方，是怎样服用的？<br/>\n问题四：在面对西医主流的思想上，如果让其立刻停止西药会让病人产生恐慌，怎样去避免这个问题？如果一起服用，会产生什么结果？比如高血压，糖尿病？<br/>\n问题五：哮喘案例中：用了射干麻黄汤后效果有限，还回原本较轻的方案，是怎样判断回来的？而不是使用更强劲的药物？<br/>\n直肠癌的主要药方中，使用女贞子的目的是为了滋润肾阴帮助排便吗？<br/>\n问题六：附子是购买干生附片，还是需要自己切片？购买的MAHUANG 没有节是吗？<br/>\n问题七：面对现在的流感，从发热咽喉到咳嗽，应该建立怎样的体系先把小病治好，比如西医方面的模式。国内的就是用方便的中药颗粒，您那边用的粉剂或者科学中药是怎么制作的？<br/>\n期待李老师的回复</p>",
      "level": 0,
      "highlight": false,
      "children": []
    },
    {
      "id": "5b5da235feb4392df37ff2376ae4a607",
      "author": "凱林",
      "time": "2024年12月10日 12:21",
      "content": "<p>大师兄</p>",
      "level": 0,
      "highlight": false,
      "children": []
    },
    {
      "id": "f1720c4de1a49724e7a3607b422ce015",
      "author": "李凯林",
      "time": "2024年12月10日 12:58",
      "content": "<p>李医师，未谋面的大师兄，打扰您！请问如果是大青龙汤证的高烧39-40度，麻、桂在处方中所占的比例是按原方6：2吗？若病人有心脏问题，换成荆芥、防风、浮萍的比例是多少？假如是倪师说的夏喘，无表证，麻黄6的比例是否要随之减少？期待大师兄的回复！谢谢！</p>",
      "level": 0,
      "highlight": false,
      "children": [
        {
          "id": "f6934c4a7e82938c8ceae9360b55f677",
          "author": "李宗恩",
          "time": "2024年12月10日 14:47",
          "content": "<p>不要拘泥在固定的比例，而是看病人實際情況，如果病人承受不了大劑量的麻黃，可以從小劑量麻黃開始使用。</p>",
          "level": 1,
          "highlight": true,
          "children": [
            {
              "id": "74f6541cca33cc3c6030bb1364b8d2a6",
              "author": "李凯林",
              "time": "2024年12月11日 01:11",
              "content": "<p>谢谢大师兄百忙中回复！请允许我这“攀关系”的称呼。若无倪师传道受业之恩，我必然步入现代中医的后尘，他们的今天就是我的明天。久前就想在您这提问，苦于一直留言失败，读您写的文章，常获拨云见雾之感，得以解惑！未谋面而受恩，希望您生活愉快！</p>",
              "level": 2,
              "highlight": false,
              "children": []
            },
            {
              "id": "8a9f72d3583e48491613fc628d9d6fee",
              "author": "李凯林",
              "time": "2024年12月11日 06:03",
              "content": "<p>应是拨云见日，非雾，没有仔细查看输入法弹出的成语</p>",
              "level": 2,
              "highlight": false,
              "children": []
            }
          ]
        }
      ]
    },
    {
      "id": "3b9f371ff02a9024093866e2a1a8f648",
      "author": "vyjony",
      "time": "2024年12月10日 16:45",
      "content": "<p>感谢李博士的无私奉献~~~</p>",
      "level": 0,
      "highlight": false,
      "children": []
    },
    {
      "id": "a903e299e2ecec4e75b065dba6f007f1",
      "author": "韩广荣",
      "time": "2024年12月11日 19:49",
      "content": "<p>李老师您提到的西医报告，要解释各种指标不正常的原因，是要先学学西医的各种指标吗？这样才有办法跟病人解释是吗？</p>",
      "level": 0,
      "highlight": false,
      "children": [
        {
          "id": "3e5e7215e954876252a8618d25325e8f",
          "author": "李宗恩",
          "time": "2024年12月12日 13:18",
          "content": "<p>為了和病人及西醫溝通，中醫師得理解西醫的各種指標。</p>",
          "level": 1,
          "highlight": true,
          "children": []
        }
      ]
    },
    {
      "id": "89921beaeeb0cb9be06b21a2ff5a00a1",
      "author": "马琼蓉",
      "time": "2024年12月12日 05:20",
      "content": "<p>李医生您好，我想问一下您还收徒不？需要什么条件呢？</p>",
      "level": 0,
      "highlight": false,
      "children": [
        {
          "id": "ede09cc4c51941bd82c0b9376a70e90e",
          "author": "李宗恩",
          "time": "2024年12月12日 13:23",
          "content": "<p>以後會正式公佈</p>",
          "level": 1,
          "highlight": true,
          "children": [
            {
              "id": "ccd19f390d6aba31857ae14fd0c638b2",
              "author": "黄子聪",
              "time": "2024年12月16日 08:12",
              "content": "<p>我本人应该是没有机会能成为李师的正式学生了，但我希望我的儿子（5岁）以后可以成为李师的正式学生跟李师学中医！</p>",
              "level": 2,
              "highlight": false,
              "children": []
            },
            {
              "id": "3274d62669b30366b64b0bbcce9aa3c2",
              "author": "韩广荣",
              "time": "2024年12月18日 18:23",
              "content": "<p>李老师您好，倪师的正版视频教程怎样购买？您提供的苗小姐电话打不通不知道是什么情况？我想好好重新学习一下！也是充分尊重倪师的版权，希望能给我们这样的中医师一次机会！再次感谢！</p>",
              "level": 2,
              "highlight": false,
              "children": [
                {
                  "id": "54652d96329bfc8f4a7338316c40657e",
                  "author": "李宗恩",
                  "time": "2025年01月10日 10:34",
                  "content": "<p>早就已經絕版了。</p>",
                  "level": 3,
                  "highlight": true,
                  "children": [
                    {
                      "id": "b82b31e34cd96a5cb92926119d58eb6d",
                      "author": "韩广荣",
                      "time": "2025年01月13日 19:31",
                      "content": "<p>好的，感谢您的回复</p>",
                      "level": 4,
                      "highlight": false,
                      "children": []
                    }
                  ]
                }
              ]
            }
          ]
        }
      ]
    },
    {
      "id": "b812a6ce5dd2b15e36a07106ef9a7429",
      "author": "戒色",
      "time": "2024年12月13日 06:32",
      "content": "<p>您好医生想问您这个问题就是我在青少年时期通过网络接触了色情网站从而衍生出了手淫的行为几年下来身体状态越来越差后来接触到了中医也了解了其中的原由  在贴吧接触到了戒色的概念 这个东西要彻底戒除还是循序渐进  彻底不接触手淫会有坏处么？</p>",
      "level": 0,
      "highlight": false,
      "children": [
        {
          "id": "76d14da6582c5bc795a7f171b13e00a5",
          "author": "送你座帆船",
          "time": "2024年12月16日 08:27",
          "content": "<p>人，食色性也，用手会导致肾虚，肾虚之后水不生木，肝血会差，肝主筋，可能会运动表现 体力变差，而长时间压抑自己的情绪也是会影响到脏腑的，可以慢慢来，更不要焦虑，注意好自己的饮食，如果脾胃功能差了就相当于断了后勤补给，长时间入不敷出会加重这个恶性循环。</p>",
          "level": 1,
          "highlight": false,
          "children": [
            {
              "id": "6887de7bdd295959c3a14c683c95d0f4",
              "author": "戒色",
              "time": "2024年12月19日 09:28",
              "content": "<p>这个意思是要循序渐进的戒么</p>",
              "level": 2,
              "highlight": false,
              "children": [
                {
                  "id": "776a93184c630399b0c3ae93fe0b6a9c",
                  "author": "送你座帆船",
                  "time": "2024年12月21日 09:36",
                  "content": "<p>是也不是，不应该用戒来描述，用戒来描述始终会给自己一个无形的压力，我们应该正确看待，那只是很多种情绪的一部分</p>",
                  "level": 3,
                  "highlight": false,
                  "children": []
                }
              ]
            }
          ]
        },
        {
          "id": "4ac380eb1fa29752196b8434a6b8b367",
          "author": "李宗恩",
          "time": "2025年01月10日 09:54",
          "content": "<p>過度手淫會影響健康，然而，適度的手淫並不會造成問題，反而可以宣洩壓力等。何謂適度，每個人情況不一樣，有兩個大標準，第一，手淫後，體力和精神是否很快恢復，不會影響正常生活和工作，第二，是否造成精神萎靡，心思沈迷其中，常常陷入胡思亂想。</p>",
          "level": 1,
          "highlight": true,
          "children": []
        }
      ]
    },
    {
      "id": "11dba56bda1aa3e0f09dfd4625fb8884",
      "author": "张国强",
      "time": "2024年12月17日 16:53",
      "content": "<p>你好。李医生，你在视频中或书中，提到的麻黄附子细辛汤，说是发下焦的阳。这个发阳是个啥概念，或说啥意思？生理功能上啥表现？下焦寒湿，用其后能去寒湿，是利尿去掉湿还是啥意思？老师方便的话，麻烦解释一下，谢谢。</p>",
      "level": 0,
      "highlight": false,
      "children": [
        {
          "id": "37b16661da8126bf8ebfe08112c20886",
          "author": "千佛山",
          "time": "2024年12月21日 01:58",
          "content": "<p>发阳就是增加动力。<br/>\n这个组成主要增加下焦下半身的动力<br/>\n动力强劲，血液循环正常，新陈代谢正常后，寒湿啥的也就去了。</p>\n<p>下焦的寒湿主要从小便排出。<br/>\n个人理解</p>",
          "level": 1,
          "highlight": false,
          "children": [
            {
              "id": "1f5bd22eb4a1f06402413d01c8a4d586",
              "author": "张国强",
              "time": "2025年01月15日 12:55",
              "content": "<p>谢谢老师</p>",
              "level": 2,
              "highlight": false,
              "children": []
            }
          ]
        },
        {
          "id": "d0d0c39480d5f95d29745299b6a5b7b0",
          "author": "李宗恩",
          "time": "2025年01月10日 10:24",
          "content": "<p>可以比喻為把物質中的能量拿出來使用。</p>",
          "level": 1,
          "highlight": true,
          "children": [
            {
              "id": "4fb21a37ddfffa3f1399751f62448304",
              "author": "张国强",
              "time": "2025年01月15日 12:54",
              "content": "<p>谢谢老师</p>",
              "level": 2,
              "highlight": false,
              "children": []
            }
          ]
        }
      ]
    },
    {
      "id": "8bda2128f38265022f3251d7e3c9b7a3",
      "author": "韩广荣",
      "time": "2024年12月18日 17:55",
      "content": "<p>谢谢李老师的回复！</p>",
      "level": 0,
      "highlight": false,
      "children": []
    },
    {
      "id": "6193f3ab2e73b6c59885fddfef2edc40",
      "author": "肝内胆管癌转移骨 急切心情求救",
      "time": "2024年12月24日 05:14",
      "content": "<p>肝内胆管癌转移骨 急切心情求救。</p>\n<p>李医生好，母亲肝内胆管癌转移骨不得已在这里请教您，如果不妥之处，还请您见谅。</p>\n<p>我想为母亲尽可能的做出努力。我今日已跟贵诊所助理发邮件争取排队尽快就诊，但是的确我担心错过治疗时机，所以在这里给您留言，希望能获得指点一二：<br/>\n1.我母亲63岁，6月查处肝有肿瘤，很可惜今年6月20号做了开刀手术，病理报告为：EBV阳性 低分化 淋巴上皮瘤样肝内胆管癌。按西医理论讲恶性程度非常高。做完手术食欲还行或者算一般，一顿一小碗饭，睡眠可，大便拉不尽。做完未做其他西医治疗，有喝温方中药但是感觉对身体效果不大。<br/>\n2.9月中旬大腿外侧巴掌地方有麻木以及刺痛感，MRI显示颈和腰部多发肿瘤，颈部3个，腰部4个。<br/>\n3.这次，我们拒绝了西医治疗，跟倪老师学习后以及判断，多方求医最后找了一名经方医生进行治疗。<br/>\n4.10月19号开始吃中药，治疗效果第一个月不错，体重增加4斤，食欲变成一大碗饭，睡眠自我感觉可以，但是半夜有时会醒，可以马上再睡着。母亲几十年白癜风手臂处冒出一些正常皮肤点。气色变好。大腿的麻木感减轻很多。吃中药第二天有点腰疼，但是持续一星期左右后消失（不太确定是什么原因引发的腰痛）<br/>\n  第二个月吃中药白癜风进展较慢，食欲，睡眠，大便都保持还行。除了睡觉晚上会醒（也不是每天会醒）。有一次走路一万步引发腰痛，但是贴了膏药几天后缓解。<br/>\n5.在12.8日查MRI显示肿瘤有所增大，最大的一个涨幅最大，从2.1公分涨到2.8公分，之前边界很清晰，这次最大的肿瘤边界变模糊。有一个小点的肿瘤好像是小了一点，但是差别不大，不太确认。其他的5个肿瘤都有所增大。</p>\n<p>我想咨询一下您，我妈吃了经方中药目前是2个月，第一个月吃中药效果比较明显，第二个月好像看不出太大变化，同时肿瘤有增大，像这种情况应该怎么判断？有人说只要没有症状，可以先不在意肿瘤的大小？我是否应该先换别的经方中医争取宝贵的时间窗口？</p>\n<p>希望有幸您在百忙之中得到您的指点，十分感谢！</p>\n<p>罗宾</p>",
      "level": 0,
      "highlight": false,
      "children": [
        {
          "id": "970c67f659f30d9a738762f84f6db058",
          "author": "送你座帆船",
          "time": "2024年12月31日 06:27",
          "content": "<p>请咨询李博士诊所</p>",
          "level": 1,
          "highlight": false,
          "children": []
        },
        {
          "id": "e97010549e8a620bbd3a6f4d997550d1",
          "author": "李宗恩",
          "time": "2025年01月10日 14:00",
          "content": "<p>我不在網上針對個案一一討論，有醫療需要，請聯絡診所info@youngQi.com。</p>",
          "level": 1,
          "highlight": true,
          "children": []
        }
      ]
    },
    {
      "id": "8b41964c0068c5c6e10a4ac9571ec015",
      "author": "肝内胆管癌转移骨 急切心情求救",
      "time": "2024年12月24日 05:39",
      "content": "<p>肝内胆管癌转移骨 急切心情求救。</p>\n<p>李医生好，母亲肝内胆管癌转移骨不得已在这里请教您，如果不妥之处，还请您见谅。</p>\n<p>我想为母亲尽可能的做出努力。我今日已跟贵诊所助理发邮件争取排队尽快就诊，但是的确我担心错过治疗时机，所以在这里给您留言，希望能获得指点一二：<br/>\n1.我母亲63岁，6月查处肝有肿瘤，很可惜今年6月20号做了开刀手术，病理报告为：EBV阳性 低分化 淋巴上皮瘤样肝内胆管癌。按西医理论讲恶性程度非常高。做完手术食欲还行或者算一般，一顿一小碗饭，睡眠可，大便拉不尽。做完未做其他西医治疗，有喝温方中药但是感觉对身体效果不大。<br/>\n2.9月中旬大腿外侧巴掌地方有麻木以及刺痛感，MRI显示颈和腰部多发肿瘤，颈部3个，腰部4个。<br/>\n3.这次，我们拒绝了西医治疗，跟倪老师学习后以及判断，多方求医最后找了一名经方医生进行治疗。<br/>\n4.10月19号开始吃中药，治疗效果第一个月不错，体重增加4斤，食欲变成一大碗饭，睡眠自我感觉可以，但是半夜有时会醒，可以马上再睡着。母亲几十年白癜风手臂处冒出一些正常皮肤点。气色变好。大腿的麻木感减轻很多。吃中药第二天有点腰疼，但是持续一星期左右后消失（不太确定是什么原因引发的腰痛）<br/>\n  第二个月吃中药白癜风进展较慢，食欲，睡眠，大便都保持还行。除了睡觉晚上会醒（也不是每天会醒）。有一次走路一万步引发腰痛，但是贴了膏药几天后缓解。<br/>\n5.在12.8日查MRI显示肿瘤有所增大，最大的一个涨幅最大，从2.1公分涨到2.8公分，之前边界很清晰，这次最大的肿瘤边界变模糊。有一个小点的肿瘤好像是小了一点，但是差别不大，不太确认。其他的5个肿瘤都有所增大。</p>\n<p>（其他背景：1.母亲遗传性乙肝小三阳，2年前开始吃抗病毒药物恩替卡韦，现在想停，但是不知道如何停，怕停的太急会有反弹？<br/>\n2.做手术同时切掉了胆，10年胆结石 3.患病前1-2年睡觉半夜喜欢醒，便秘1年多。）</p>\n<p>我想咨询一下您，我妈吃了经方中药目前是2个月，第一个月吃中药效果比较明显，第二个月好像看不出太大变化，同时肿瘤有增大，像这种情况应该怎么判断？有人说只要没有症状，可以先不在意肿瘤的大小？我是否应该先换别的中医争取宝贵的时间窗口？</p>\n<p>希望有幸您在百忙之中得到您的指点，十分感谢！</p>",
      "level": 0,
      "highlight": false,
      "children": [
        {
          "id": "cbb62bb92e3db9518c20b1397603ac24",
          "author": "李宗恩",
          "time": "2025年01月10日 14:00",
          "content": "<p>同樣的問題，請不要重複留言。</p>",
          "level": 1,
          "highlight": true,
          "children": []
        }
      ]
    },
    {
      "id": "24796b6c3fc9bc9ad268d1029874a522",
      "author": "古中医学者",
      "time": "2025年01月06日 19:05",
      "content": "<p>在网上看到了李医师的演讲，中规中矩，像加特林机枪，扫射面大，但是缺乏沙漠之鹰的穿透力。中医消癌（肿）瘤论（消是自主消失、肖导之意，更能表达正统中医精髓），标题中医抗癌与防癌，偏西医论，抗对抗，斗争争斗，个人观点，一直很尊敬倪师和李医师，愿李医师尽早完成史丹佛级别的中医经方院校，造福全人类，万古流芳，名垂千古。</p>",
      "level": 0,
      "highlight": false,
      "children": [
        {
          "id": "1e5c6b573598a8ee7d0bbe9ee34423ed",
          "author": "李宗恩",
          "time": "2025年01月10日 15:30",
          "content": "<p>中醫治療癌症，也不是每個病例都能讓腫塊消失，重點在維持病人生命及提高生活品質，因此，「對抗」是比較正確的表達。</p>",
          "level": 1,
          "highlight": true,
          "children": []
        }
      ]
    },
    {
      "id": "afdf5781ffd12be59d5178d57ae485a1",
      "author": "哈啰",
      "time": "2025年01月08日 23:03",
      "content": "<p>李医生你好，请问一下徐光佑医生医术水平咋样呢，毕竟是倪海厦老师的多年朋友您会比较了解，想向您问一下</p>",
      "level": 0,
      "highlight": false,
      "children": [
        {
          "id": "4620a1faaadcca45080825f0c18f45a6",
          "author": "李宗恩",
          "time": "2025年01月10日 15:34",
          "content": "<p>我沒有實際和徐律師一起看診過，因此無法公平的評論。</p>",
          "level": 1,
          "highlight": true,
          "children": []
        }
      ]
    },
    {
      "id": "d33e2a0d2b108f022f95a1906f48137c",
      "author": "古中医学者",
      "time": "2025年01月12日 19:39",
      "content": "<p>谨听教诲，确实在某类人某个阶段只能维持生命和提高生活品质，达到一种状态，“阴阳互存，和谐共生”的究极状态。</p>",
      "level": 0,
      "highlight": false,
      "children": []
    },
    {
      "id": "eaf3b9c5058824263d057ecac06269ef",
      "author": "TM1998",
      "time": "2025年01月13日 05:10",
      "content": "<p>李医生你好！我请教一个问题，倪海厦老师说膀胱的气化/下焦的温煦/水谷的腐熟/大肠津液的再气化都是心脏移热于小肠的热的作用。但是北京中医药大学的郝万山教授讲的伤寒论里都说的是肾阳所发挥的作用。所以这些个功能究竟是哪个来实现的？</p>",
      "level": 0,
      "highlight": false,
      "children": [
        {
          "id": "e527ae4dce4ffe3af94168790b9cd573",
          "author": "李宗恩",
          "time": "2025年01月13日 10:36",
          "content": "<p>腎陽為先天之本，為人體的根本，一般日常生活中，以小腸的熱為主，小腸熱不足，系統運作出問題時，腎陽為自我調整的防線。</p>",
          "level": 1,
          "highlight": true,
          "children": []
        }
      ]
    },
    {
      "id": "b9a233e0e659a9ade59b5a185a535547",
      "author": "哈啰",
      "time": "2025年01月24日 18:47",
      "content": "<p>李医生，请问一下麻黄去节和不去节，效果差的大吗</p>",
      "level": 0,
      "highlight": false,
      "children": [
        {
          "id": "30ceb2418ee10d705dc2c150deb67bf5",
          "author": "李宗恩",
          "time": "2025年01月25日 15:35",
          "content": "<p>麻黃節有止汗的作用。</p>",
          "level": 1,
          "highlight": true,
          "children": []
        }
      ]
    }
  ],
  "page": 3,
  "order": 3,
  "filename": "data\\page3\\page3_order2_64461f4515e8ba68345095210cf2e0e9.json",
  "timestamp": 1743220989.95269
}