{
  "article_url": "https://andylee.pro/wp/?p=13284",
  "title": "一個小病例",
  "content": "<p>這對夫婦是多年的老朋友了，太太上週四開始暈眩，時好時壞。到了週日，西醫擔心有心血管或腦部問題，要求緊急看診。Kaiser Permanente大醫院驗血、CT、X光等等檢測，找不出問題，神經專科醫生也不知道為什麼，只能請病人回家多休息。到了這週二，病情加重，病人無法下床行動，連躺在床上都暈，頭痛加劇，只好緊急連絡診所，希望我能幫忙急診。</p>\n<p>病人多年來一直有睡眠問題，卻不願意好好面對，只靠著安眠藥來過日子，即使服用安眠藥，半夜還是會醒來幾次，如此情況，不難得知肝血嚴重不足。病人脈浮，兼有後頭痛及偏頭痛，加上其他一些細微的症狀，不難推論為血虛病人外感，中膈有水，導致暈眩頭痛。</p>\n<p>看診當時，我告訴這對夫婦朋友，沒什麼大問題。雖然老朋友了解我臨床看診的療效，他們還是一臉迷惑，畢竟現代科技儀器檢測都找不出問題，我看診五分鐘，就說是小事一件。藥方也不奇特，只是有些雜：桂枝、白芍、生薑、炙甘草、紅棗、白朮、茯苓、豬苓、澤瀉、吳茱萸、人參，炮附子、生半夏、酸棗仁、川芎、生地、女貞子、杜仲、黃精。下針百會、合谷、太衝、三陰交、地機、陰陵泉。</p>\n<p>看診當晚，病人服用一碗中藥，隔天早上再服用一碗中藥。先生回報，病人情況好很多，不但可以下床走動，還忙著準備合唱團演出的事宜。</p>\n<p>一次針灸一付中藥，或者是一連串的西醫儀器檢測及嘗試各種不同西藥治療，有時候端看病人及家屬的一念之差。</p>",
  "article_time": "2024年06月06日 10:50",
  "comments": [
    {
      "id": "c95f08efbe0cce0ec1d1bb5eb8369571",
      "author": "黄子聪",
      "time": "2024年06月06日 18:36",
      "content": "<p>李师功德无量</p>",
      "level": 0,
      "highlight": false,
      "children": []
    },
    {
      "id": "ac580388a426282da812405acf39956f",
      "author": "T3",
      "time": "2024年06月06日 21:49",
      "content": "<p>这类水饮问题在我这边很常见，基本上西医都束手无策，而中医处理起来则非常简单。而因为头晕非常影响生活，所以病人都觉得是很严重的病。</p>",
      "level": 0,
      "highlight": false,
      "children": []
    },
    {
      "id": "62264891150f52f8d1bfb054df37010f",
      "author": "王嘉俊(Amos Wang)",
      "time": "2024年06月06日 22:19",
      "content": "<p>高手！補腎利水強脾土，想請問針百會和開四関的用意是？</p>",
      "level": 0,
      "highlight": false,
      "children": [
        {
          "id": "b8c51617a3c9c48a203ac00a8e030c50",
          "author": "文凯",
          "time": "2024年06月10日 21:25",
          "content": "<p>开四关，也是为了阴阳平衡，在这跟桂枝汤有异曲同工之效。猜测病人本来就有肝寒，肾寒，近期又感太阳表证，故取之。百会是近取穴，病人有太阳，少阳经等的头痛，多条经的头痛，常取百会；如果病人不惧针，加减其它穴位也是可以。</p>",
          "level": 1,
          "highlight": false,
          "children": []
        },
        {
          "id": "65f26b0393e2ef5665bc6783e41141b8",
          "author": "李宗恩",
          "time": "2024年06月20日 09:49",
          "content": "<p>平衡氣血。</p>",
          "level": 1,
          "highlight": true,
          "children": [
            {
              "id": "0c0503c7411187bd1267d19a44a91f3b",
              "author": "王土豆",
              "time": "2024年06月26日 09:56",
              "content": "<p>李老师，现在中国大陆的舌诊好乱，倪老师上课也没仔细说，您可否说一说舌诊，舌诊急需像您这种正统中医做一下集大成，发愿，感恩</p>",
              "level": 2,
              "highlight": false,
              "children": [
                {
                  "id": "aa985f4cfbc042af7fdf9899e7d084ba",
                  "author": "李宗恩",
                  "time": "2024年06月27日 13:55",
                  "content": "<p>以前的教學有討論過，你可以在網頁上查詢。</p>",
                  "level": 3,
                  "highlight": true,
                  "children": []
                }
              ]
            }
          ]
        }
      ]
    },
    {
      "id": "4dfbf09f70560d2d6711375a70f7f495",
      "author": "caumou",
      "time": "2024年06月11日 06:49",
      "content": "<p>李医生您好</p>",
      "level": 0,
      "highlight": false,
      "children": []
    },
    {
      "id": "324023171ced8818ad49af2aece6ed83",
      "author": "荣耀",
      "time": "2024年06月12日 08:05",
      "content": "<p>李老师，什么时候再直播一次。</p>",
      "level": 0,
      "highlight": false,
      "children": []
    },
    {
      "id": "e9d458ecb18cc9746f0a05095e9fda33",
      "author": "黄子聪",
      "time": "2024年06月13日 08:59",
      "content": "<p>李师，我刚又重新看了你的（养儿育女的必备中医知识）感冒篇，肺里有寒又有热，时而白痰时而黄痰，用药治疗的话会比较考验中医师的功力，在大陆很难找到好的中医师，想请问一下，如果用针炙的话会不会比较简单一点？一般是针那几个穴道呢？并非是为了自己下针，而是找中医师下针时作一个参考！</p>",
      "level": 0,
      "highlight": false,
      "children": [
        {
          "id": "037a26ee8e14d9f3b5efb4d6bbdf92ca",
          "author": "李宗恩",
          "time": "2024年06月20日 12:05",
          "content": "<p>複雜的肺炎，不容易只用針灸來解決。</p>",
          "level": 1,
          "highlight": true,
          "children": []
        },
        {
          "id": "04219fc3568d8b5838e400ef7bf4f009",
          "author": "送你座帆船",
          "time": "2024年06月20日 15:03",
          "content": "<p>针灸也可以但是没有用药来的直接，可以合谷浅发汗，中府强肺气，足三里固脾胃。主要还是看病人吧，辩证取穴。假设病人是大青龙汤症，没有什么穴位能平替麻黄桂枝，补肠胃津液也没有生姜甘草大枣石膏来的直接，主要还是辅助作用多一些吧。</p>",
          "level": 1,
          "highlight": false,
          "children": [
            {
              "id": "3068a6589acc32fd077f46472f991bf9",
              "author": "黄子聪",
              "time": "2024年06月27日 18:39",
              "content": "<p>好的多谢</p>",
              "level": 2,
              "highlight": false,
              "children": []
            }
          ]
        },
        {
          "id": "169e7dcc7c67266d05f6daf0d9dd175c",
          "author": "明哥",
          "time": "2024年09月30日 01:23",
          "content": "<p>大陆哪儿能买新出版的养儿育女中医知识</p>",
          "level": 1,
          "highlight": false,
          "children": [
            {
              "id": "a079a5bb8b4df12e93ff485f909d05f9",
              "author": "一壶酒",
              "time": "2024年09月30日 08:22",
              "content": "<p>哎，看这本书的人好像不应该是问这个问题的年龄。呵呵。</p>",
              "level": 2,
              "highlight": false,
              "children": []
            }
          ]
        }
      ]
    },
    {
      "id": "db63bee4ac1e65d44ca91ca2c3375578",
      "author": "long",
      "time": "2024年06月15日 01:32",
      "content": "<p>李医生，您好<br/>\n看倪师的视频中谈到治疗阴实的思路(附子打开阴实，牡蛎软坚)，假设肺癌如果患者没有四逆的症状是不是可以用麻黄干姜来代替附子打开阴实呢？</p>",
      "level": 0,
      "highlight": false,
      "children": [
        {
          "id": "355c020d963635914a5c6a888d007a71",
          "author": "李宗恩",
          "time": "2024年06月20日 12:14",
          "content": "<p>那只是一個淺顯的比喻，臨床治療不是那麼單純。</p>",
          "level": 1,
          "highlight": true,
          "children": [
            {
              "id": "832f91b77648036e8ae942f599600912",
              "author": "Malcah Adon",
              "time": "2024年09月01日 06:56",
              "content": "<p>你好，我们是来自中国大陆的自闭症5岁男孩  现在于听说倪师弟子的正安中医馆谢育和大夫就诊 也是您的忠实粉丝很，虽然我们远赴美国有些困难，但想请问您能开展网络就诊的方式，孩子的舌苔和眼睛看诊吗。非常想要得到您的回复，感恩您</p>",
              "level": 2,
              "highlight": false,
              "children": []
            }
          ]
        }
      ]
    },
    {
      "id": "c0f830fc2b77358f004445df07b9a0a4",
      "author": "刘伟光",
      "time": "2024年06月18日 23:38",
      "content": "<p>看的真过瘾</p>",
      "level": 0,
      "highlight": false,
      "children": []
    },
    {
      "id": "5923b8f111f38782efff873f33be4acc",
      "author": "zzz",
      "time": "2024年06月25日 20:12",
      "content": "<p>请问李老师 自己在学习中医过程中会遇到很多疑惑的问题，在山区交通困难也不认识中医老师要怎么解决阿<br/>\n只通过看倪师教材自己领悟感觉好困难</p>",
      "level": 0,
      "highlight": false,
      "children": [
        {
          "id": "a90d3ce1f64843de4748e7a0978bca05",
          "author": "李宗恩",
          "time": "2024年06月27日 13:53",
          "content": "<p>多看倪老師教材幾次。</p>",
          "level": 1,
          "highlight": true,
          "children": [
            {
              "id": "94e55f57235d4aa81ca09fc0cef33029",
              "author": "zzz",
              "time": "2024年06月27日 19:00",
              "content": "<p>好的好的，记得之前直播里说过 只是通过看教材中医水平就小有名气了真是不可思议</p>",
              "level": 2,
              "highlight": false,
              "children": [
                {
                  "id": "f152ba1a25c69cd3b8db55e44beafc6e",
                  "author": "宇",
                  "time": "2024年06月28日 01:23",
                  "content": "<p>建议看完教材后，再把李宗恩老师的直播看完，有时间再把网站的内容看一遍，一定会有很大收获。</p>",
                  "level": 3,
                  "highlight": false,
                  "children": []
                }
              ]
            }
          ]
        }
      ]
    },
    {
      "id": "7e409ef84d6d68ef91b1bdce1f7dc75a",
      "author": "徘徊",
      "time": "2024年07月07日 01:46",
      "content": "<p>李医师您好！就是我想问下关于富贵包的病理病机是怎么样的嘛</p>",
      "level": 0,
      "highlight": false,
      "children": [
        {
          "id": "d144f572bd987ca50f12eacc67c42c41",
          "author": "李宗恩",
          "time": "2024年07月16日 15:51",
          "content": "<p>該代謝的東西沒有代謝掉。</p>",
          "level": 1,
          "highlight": true,
          "children": []
        }
      ]
    },
    {
      "id": "18f4d9c8da53c4f08a1287148d4ed506",
      "author": "小宇宙",
      "time": "2024年07月10日 09:08",
      "content": "<p>您好李师，又来请教问题，孩子曾在小时候在医院检查时，被从尾椎处抽过脊髓液做化验。后来听说很多说法，说这样不好，一直成为心中的痛。想请教一下，孩子抽这个脊髓液对身体影响大吗？如有影响，主要会在哪些方面。如果想“补”一下，有没有食疗或者药物的办法。我知道您不会在网上讨论个案。但是这个检查现在在医院里挺普便的，请您给大家指点迷津，避免更多的给孩子做出不正确的选择，谢谢您。</p>",
      "level": 0,
      "highlight": false,
      "children": [
        {
          "id": "3c85d1b1bc99f874b66cb6fd630f5713",
          "author": "李宗恩",
          "time": "2024年07月16日 16:00",
          "content": "<p>我建議你先研讀中醫基礎，你的問題天馬行空，一下拿西醫病名來問，一下又拿西醫檢測來問，中醫時辨證論治，不是對應西醫什麼名詞。</p>",
          "level": 1,
          "highlight": true,
          "children": [
            {
              "id": "9074521ab5da163cd48c8777cc5fe0f7",
              "author": "Malcah Adon",
              "time": "2024年09月01日 06:56",
              "content": "<p>你好，我们是来自中国大陆的自闭症5岁男孩  现在于听说倪师弟子的正安中医馆谢育和大夫就诊 也是您的忠实粉丝很，虽然我们远赴美国有些困难，但想请问您能开展网络就诊的方式，孩子的舌苔和眼睛看诊吗。非常想要得到您的回复，感恩您</p>",
              "level": 2,
              "highlight": false,
              "children": [
                {
                  "id": "a49bfb8cdad8d498f4f555671b8c523e",
                  "author": "李宗恩",
                  "time": "2024年09月01日 10:44",
                  "content": "<p>同樣的問題，你在不同文章下問了六次，是不尊重他人的行為。</p>",
                  "level": 3,
                  "highlight": true,
                  "children": []
                }
              ]
            }
          ]
        }
      ]
    },
    {
      "id": "5623e055e08c5d24e23cf2d1eda29259",
      "author": "钟心",
      "time": "2024年07月22日 02:24",
      "content": "<p>您好李医师，请问如何预约您的看诊?</p>",
      "level": 0,
      "highlight": false,
      "children": [
        {
          "id": "4f60f4219ceef387162b2740843ec45d",
          "author": "李宗恩",
          "time": "2024年07月25日 15:38",
          "content": "<p><a href=\"mailto:info@youngQi.com\">info@youngQi.com</a></p>",
          "level": 1,
          "highlight": true,
          "children": []
        }
      ]
    },
    {
      "id": "e97e3bb72b075fa5cd3406f880ae65f0",
      "author": "程",
      "time": "2024年08月07日 09:54",
      "content": "<p>刚看了您的书，感觉和听倪师的课一样，方剂运用灵活而又精准，受益匪浅</p>",
      "level": 0,
      "highlight": false,
      "children": [
        {
          "id": "8cde1943ed42939f9f566c78fbc92df5",
          "author": "李宗恩",
          "time": "2024年08月17日 17:02",
          "content": "<p>謝謝你的分享。</p>",
          "level": 1,
          "highlight": true,
          "children": []
        }
      ]
    },
    {
      "id": "a18eaf88caba81385fef3f79dfe416b5",
      "author": "唐亮",
      "time": "2024年08月20日 06:18",
      "content": "<p>李师，学完针灸之后，背后腧穴的定位找不准怎么办啊，肺腧 厥阴腧 心腧 督腧 不好定位，有没有好的方法啊，肩胛冈横平到脊柱是第三椎这种方法可以吗？<br/>\n还有 还有 倪师的视屏好像没有阴经捻转补泻的方向，阴陵泉的补泻是顺时针为补，逆时针为泻<br/>\n        ↑        |      脚    |<br/>\n        ↑        |      内    |<br/>\n        ↑        |      侧    |<br/>\n        ↑        |      左    |<br/>\n        ↑        |              |<br/>\n        ↑        |              \\<br/>\n        ↑      (                   ▔▔▔▔↘                      是不是这样啊    希望能得到您的回复<br/>\n        ↑        ︶…… ………………|</p>",
      "level": 0,
      "highlight": false,
      "children": []
    },
    {
      "id": "b758205afd2e3255b7378fa20b72de18",
      "author": "vincent.do",
      "time": "2024年09月06日 04:41",
      "content": "<p>最近也刚治过一个类似的眩晕年轻男性，针灸加真武汤，三天基本好转80%，水饮病造成的眩晕不太难。</p>",
      "level": 0,
      "highlight": false,
      "children": []
    },
    {
      "id": "2104a5d0711a22af80675d73242bc2d9",
      "author": "段LL",
      "time": "2024年10月04日 08:00",
      "content": "<p>李医师您好 很多人在新冠阳了之后患上了系统性红斑狼疮这类疾病 但是一般的中医都治不好 西医也是只能类固醇类的药控制 副作用还大 我翻看了您的所有的案例和讲解内容 但是并未见有关这类疾病的  如果是正统的经方中医治疗这类疾病大概是多久可以治好呢 期待您的回复 谢谢</p>",
      "level": 0,
      "highlight": false,
      "children": [
        {
          "id": "3c7288de160de000c1f69f3644c419d0",
          "author": "李宗恩",
          "time": "2024年10月07日 10:34",
          "content": "<p>中醫可以幫助紅斑狼瘡，但每個病人病情不一樣，沒有什麼大概多久可以治好的概論。</p>",
          "level": 1,
          "highlight": true,
          "children": []
        }
      ]
    },
    {
      "id": "5d380ec55835b1bda45bf7bf930db703",
      "author": "Erica",
      "time": "2025年02月13日 02:44",
      "content": "<p>李医生，我想请教一下对于淤血症破淤的问题。例如阳明结实最好速攻，但如果病人久病虚弱是承受不了这个攻的。请问在攻淤的问题上，是否是一个逻辑？但是淤血又与燥屎不同，燥屎比较容易被攻下，所以如果病人太虚缓攻淤血，一方面药效不到不一定达到破血的效果，久之会延误病情。 针对这类型的把控，还希望得到解惑。</p>",
      "level": 0,
      "highlight": false,
      "children": [
        {
          "id": "a8b42c32edafe755f07ad4ecbdad0611",
          "author": "李宗恩",
          "time": "2025年02月18日 08:55",
          "content": "<p>體虛的病人，不一定適合大幅度的活血化瘀，有些中醫師一聽到子宮肌瘤，就給病人服用桂枝茯苓丸，結果病人肌瘤沒縮小，反而心臟開始亂跳了。</p>",
          "level": 1,
          "highlight": true,
          "children": []
        }
      ]
    }
  ],
  "page": 3,
  "order": 10,
  "filename": "data\\page3\\page3_order9_ec4717fa0ad6d798b78ac4074fd28362.json",
  "timestamp": 1740715625.1948667
}