{
  "article_url": "https://andylee.pro/wp/?p=13409",
  "title": "第十四屆國際經方班 新加坡議程",
  "content": "<p>2024年新加坡國際中醫藥高層論壇暨第十四屆國際經方班議程如下：</p>\n<figure class=\"wp-block-image size-full\"><a href=\"https://andylee.pro/wp/wp-content/uploads/2024/10/Screen-Shot-2024-10-05-at-10.58.37-AM.png\"><img alt=\"\" class=\"wp-image-13411\" decoding=\"async\" fetchpriority=\"high\" height=\"747\" sizes=\"(max-width: 616px) 100vw, 616px\" src=\"https://andylee.pro/wp/wp-content/uploads/2024/10/Screen-Shot-2024-10-05-at-10.58.37-AM.png\" srcset=\"https://andylee.pro/wp/wp-content/uploads/2024/10/Screen-Shot-2024-10-05-at-10.58.37-AM.png 616w, https://andylee.pro/wp/wp-content/uploads/2024/10/Screen-Shot-2024-10-05-at-10.58.37-AM-247x300.png 247w\" width=\"616\"/></a></figure>\n<figure class=\"wp-block-image size-full\"><a href=\"https://andylee.pro/wp/wp-content/uploads/2024/10/Screen-Shot-2024-10-05-at-10.58.51-AM.png\"><img alt=\"\" class=\"wp-image-13412\" decoding=\"async\" height=\"439\" sizes=\"(max-width: 619px) 100vw, 619px\" src=\"https://andylee.pro/wp/wp-content/uploads/2024/10/Screen-Shot-2024-10-05-at-10.58.51-AM.png\" srcset=\"https://andylee.pro/wp/wp-content/uploads/2024/10/Screen-Shot-2024-10-05-at-10.58.51-AM.png 619w, https://andylee.pro/wp/wp-content/uploads/2024/10/Screen-Shot-2024-10-05-at-10.58.51-AM-300x213.png 300w\" width=\"619\"/></a></figure>\n<p>論壇細節，請查閱主辦單位網頁：</p>\n<p><a href=\"https://www.singaporetcm.edu.sg/cn/continuing_edu_conference.php\">https://www.singaporetcm.edu.sg/cn/continuing_edu_conference.php</a></p>",
  "article_time": "2024年10月05日 11:01",
  "comments": [
    {
      "id": "2f2d465bf7db2d977611465784826944",
      "author": "韩广荣",
      "time": "2024年10月06日 15:34",
      "content": "<p>收到，已线上报名成功！期待李宗恩老师的分享！</p>",
      "level": 0,
      "highlight": false,
      "children": [
        {
          "id": "fe0a1af9be37b6c8bee1e7a9c1aa9af7",
          "author": "荣耀",
          "time": "2024年10月10日 04:21",
          "content": "<p>你是不是飞到去新加坡去参加？</p>",
          "level": 1,
          "highlight": false,
          "children": []
        }
      ]
    },
    {
      "id": "af323d3932c36d41af65b959e5f22655",
      "author": "韩广荣",
      "time": "2024年10月06日 17:06",
      "content": "<p>李老师您好，抱歉不好找回复在此底下留言，1：关于嗓子痒的讨论，嗓子痒是不是分为有痰的痒和干干痒，比如有痰的痒，咳嗽有痰。干干的痒（咽喉到气管为干）这种的干痒先是干咳，咳好久才会出一点粘痰。请问：痒是否就是代表有水汽刺激咽喉部，干痒是咽喉干，舌尖红有裂纹，舌中有白苔，这是不是气管肺家周边有水汽，肺的水液运转出现的问题。2：干痒治疗原则，先去补水，在增强肺的运转功能，但是如果痒的话是否加半夏干姜细辛去水，那么嗓子会不会更干？<br/>\n3：酸枣仁国内有国产的和进口的，国产的580人民币一公斤，而进口的120一公斤，到底选用哪种酸枣仁？<br/>\n本人愚钝，实在是遇到问题又找不到办法解决，烦请李老师指点。感谢李老师！</p>",
      "level": 0,
      "highlight": false,
      "children": [
        {
          "id": "68e765563a329b83fc06d7014b848756",
          "author": "李宗恩",
          "time": "2024年10月07日 10:59",
          "content": "<p>（1&amp;2）我建議你先好好研讀中醫基礎，你這樣問，我實在不知道該如何不從頭開始解釋起，而我不可能在網上針對每個問題都從頭解釋起（3）我不清楚進口酸棗仁的情況。</p>",
          "level": 1,
          "highlight": true,
          "children": [
            {
              "id": "6ca662369ca178ebf8d7e85e20ccb321",
              "author": "韩广荣",
              "time": "2024年10月07日 15:03",
              "content": "<p>好的李老师，是我基础太差的原因，回去好好学习。</p>",
              "level": 2,
              "highlight": false,
              "children": []
            },
            {
              "id": "94915e3332e4c02d64d5454f9eb62c25",
              "author": "孙东东",
              "time": "2024年11月09日 15:14",
              "content": "<p>您好 李宗恩博士我想找您看诊 我 在网上搜索的地址是旧金山机场  附近  是吗</p>",
              "level": 2,
              "highlight": false,
              "children": [
                {
                  "id": "6eb23d859d8a509e48dd748c1340fea2",
                  "author": "李宗恩",
                  "time": "2024年11月19日 09:51",
                  "content": "<p>是</p>",
                  "level": 3,
                  "highlight": true,
                  "children": []
                }
              ]
            },
            {
              "id": "2ea46ffa420c4d131701b4f99de1ab21",
              "author": "叶明",
              "time": "2024年11月19日 06:26",
              "content": "<p>老师何时来大陆</p>",
              "level": 2,
              "highlight": false,
              "children": [
                {
                  "id": "2839cdebeb20d9f2b4ab1c24a787c5e9",
                  "author": "李宗恩",
                  "time": "2024年11月19日 15:22",
                  "content": "<p>會有機緣的。</p>",
                  "level": 3,
                  "highlight": true,
                  "children": []
                }
              ]
            }
          ]
        },
        {
          "id": "82c0e4d705d0683ce34acd2e607bb60b",
          "author": "T3",
          "time": "2024年10月08日 06:03",
          "content": "<p>关于国内酸枣仁的情况发表一下个人的见解。<br/>\n进口酸枣仁在国内药典中属于伪品，一般被称为理枣仁，但根据个人及民间交流经验似乎不是完全没有引血归肝的效果，至于效果是正品酸枣仁的多少个人没有办法测试。经济条件没有问题的还是建议买正品酸枣仁，也就是国产的酸枣仁。</p>",
          "level": 1,
          "highlight": false,
          "children": []
        },
        {
          "id": "6eb04eea400d4acfe0d4d3293d80763f",
          "author": "徐智祥",
          "time": "2024年10月08日 22:15",
          "content": "<p>你说的进口酸枣仁应该是理枣仁，国内有些厂商把进口的理枣仁当酸枣仁卖</p>",
          "level": 1,
          "highlight": false,
          "children": []
        }
      ]
    },
    {
      "id": "f1e8b2554e7c5ad6b6b4e32f545e83f6",
      "author": "身未动、心已远",
      "time": "2024年10月06日 23:55",
      "content": "<p>期待宗恩老师的讲学！！一个半小时也太短了。</p>",
      "level": 0,
      "highlight": false,
      "children": [
        {
          "id": "7b489f7143d2dce7ab485857a3ae3d49",
          "author": "李宗恩",
          "time": "2024年10月07日 11:00",
          "content": "<p>謝謝</p>",
          "level": 1,
          "highlight": true,
          "children": []
        }
      ]
    },
    {
      "id": "dde828ea9f652c83527f01eee3fdd97c",
      "author": "皇甫兰",
      "time": "2024年10月07日 12:46",
      "content": "<p>哇……好开心！谢谢李博士为传播经方发声！祝您更上一层楼！欢迎您以后有机会能到中国大陆来，我们翘首以盼！</p>",
      "level": 0,
      "highlight": false,
      "children": [
        {
          "id": "0441b6673fa9fddd6e2175140a2abc5a",
          "author": "李宗恩",
          "time": "2024年10月07日 11:00",
          "content": "<p>新冠前常去中國講學，新冠打斷了原本的節奏。</p>",
          "level": 1,
          "highlight": true,
          "children": []
        }
      ]
    },
    {
      "id": "f83b70da749a3adfbae0257d0330a662",
      "author": "鄭皓澜",
      "time": "2024年10月08日 18:45",
      "content": "<p>李博士：大陆许多人特别想听您在新加坡有关中医抗癌与防癌的演讲，请问如何才可以得到您的演讲视频，谢谢。</p>",
      "level": 0,
      "highlight": false,
      "children": [
        {
          "id": "a0ce7ca1c84146f09aa6a9c0f9495992",
          "author": "李宗恩",
          "time": "2024年10月09日 10:46",
          "content": "<p>這得問主辦單位，主辦單位得承擔會議所有費用，得靠報名費及銷售視頻資料等來維持。</p>",
          "level": 1,
          "highlight": true,
          "children": []
        }
      ]
    },
    {
      "id": "e8610c8d4928b0afc18e0c971f325a66",
      "author": "坚心",
      "time": "2024年10月10日 02:31",
      "content": "<p>李博士：您好，请问舌诊如何学习，有推荐的书籍吗？希望得到您的指导，谢谢！</p>",
      "level": 0,
      "highlight": false,
      "children": [
        {
          "id": "91f5d31c5d52624520ea2a174da883ca",
          "author": "李宗恩",
          "time": "2024年10月11日 13:28",
          "content": "<p>一般而言，中醫基礎教材內的舌診，臨床上就夠用了，中醫是望聞問切，綜合各種症狀表現來診斷，任何單一症狀都無法看清全面，換句話說，無論你怎麼專研舌診，都不足以只靠舌診來看診。</p>",
          "level": 1,
          "highlight": true,
          "children": [
            {
              "id": "d8e2f8b48a76f94e7bbfe091169dcd82",
              "author": "坚心",
              "time": "2024年10月15日 06:00",
              "content": "<p>李师，多谢您解疑答惑，因为我是自学中医，一直也在学习您和倪师的视频，因为脉诊没有老师带感觉真的很难学，希望把除了脉诊外的舌诊、眼诊、问诊、按诊等学全学细，增加诊断的准确性。</p>",
              "level": 2,
              "highlight": false,
              "children": []
            }
          ]
        }
      ]
    },
    {
      "id": "5b78ab461a64441d3faf165691f11943",
      "author": "木易杨",
      "time": "2024年10月10日 03:04",
      "content": "<p>老师你好，请教您个问题。我看倪师在人纪里面说，尺脉摸起来超过一寸就是覆脉，是真藏脉，属于很危险的脉，然后我没事摸了摸自己的脉，发现左右手的尺脉都超过一寸，估计超了有2个手指头，但是我感觉自己不像是有大病的，能吃能睡。还问了本地的中医，说尺脉长是肾阳不足，去网上查还有长脉的说法。老师能帮忙解答下我的疑问吗，是倪师说错了吗</p>",
      "level": 0,
      "highlight": false,
      "children": [
        {
          "id": "2bce3e51ec3672ee018e6d9b032a0156",
          "author": "李宗恩",
          "time": "2024年10月11日 13:29",
          "content": "<p>你理解錯了，尺脈往下延伸，是尺下尺，不是真臟脈。</p>",
          "level": 1,
          "highlight": true,
          "children": []
        }
      ]
    },
    {
      "id": "05b5541893aec73dc0d0d9e28c588dbe",
      "author": "离中虚",
      "time": "2024年10月14日 20:32",
      "content": "<p>李医师您好<br/>\n针灸问题请教你<br/>\n外伤右膝盖痛 当时同侧艾灸鹤顶穴<br/>\n疼痛减轻<br/>\n后因天气转凉膝盖受风寒<br/>\n膝盖一直不舒服 右侧外膝眼骨头处有压痛</p>\n<p>最近隔姜灸<br/>\n对侧解溪穴同侧压痛取穴<br/>\n灸了大概1个小时<br/>\n后减轻但是第二天有反复</p>\n<p>疑问有两点<br/>\n1取穴错误（因该选取膝五针穴）<br/>\n2疗程太短应继续艾灸</p>",
      "level": 0,
      "highlight": false,
      "children": [
        {
          "id": "e69c4ec9fc03b5c5af84a490bb747162",
          "author": "李宗恩",
          "time": "2024年10月16日 11:20",
          "content": "<p>只針灸，沒有深入了解背後隱藏的問題，效果當然會反覆。</p>",
          "level": 1,
          "highlight": true,
          "children": [
            {
              "id": "934fe36d7ed79bdced84299d515db5a1",
              "author": "离中虚",
              "time": "2024年10月16日 19:41",
              "content": "<p>谢谢您的回复<br/>\n我继续学习</p>",
              "level": 2,
              "highlight": false,
              "children": []
            }
          ]
        }
      ]
    },
    {
      "id": "7008179c7bd58384437b7c7691099ea9",
      "author": "陈欣宇",
      "time": "2024年10月29日 01:59",
      "content": "<p>李医生你好，我是个中医爱好者，也是受到倪师启蒙，很喜欢你的两本书，特别是养儿育女必备中医知识，非常实用，我没有系统的去学习过，就想多了解一些中医知识，希望可以帮到家人。有个问题想请教，我姐左手抖，平时不抖，平伸出来的时候会抖，肚子很饿的时候会抖，也不像倪师讲的藜芦甘草汤证，就只抖一边，右腿侧感觉紧绷，两年了，一直都没有缓解，想李医生给个思路</p>",
      "level": 0,
      "highlight": false,
      "children": [
        {
          "id": "9c418b23d0d63f5254cd1d37ce9b2761",
          "author": "李宗恩",
          "time": "2024年10月31日 12:42",
          "content": "<p>手抖的原因很多，沒有看診，無法回答。</p>",
          "level": 1,
          "highlight": true,
          "children": []
        }
      ]
    },
    {
      "id": "98b4597f01ba94cbc90d70964326f080",
      "author": "陈十一",
      "time": "2024年10月29日 07:59",
      "content": "<p>肾虚，</p>",
      "level": 0,
      "highlight": false,
      "children": []
    }
  ],
  "page": 3,
  "order": 5,
  "filename": "data\\page3\\page3_order4_6ca662369ca178ebf8d7e85e20ccb321.json"
}