{
  "article_url": "https://andylee.pro/wp/?p=12772",
  "title": "新書「養兒育女必備中醫知識」即將出版",
  "content": "<p>經過大半年的整理、撰寫、編輯，在台灣圓神出版社編輯群大力幫忙下，新書「養兒育女必備中醫知識」總算要出版了，預定在月底聖誕節前即可網上預購。</p>\n<p>這本書分四部分：「來自身體的訊息」、「外力與其他因素影響」、「父母必須知道的真相」，以及「養兒育女的真締」。</p>\n<p>第一和第二部分，討論一些中醫基本知識，讓爸爸媽媽了解該如何處理感冒、發燒、睡眠、食欲、視力、牙齒、月經、憂鬱等等，孩子在成長過程中常見到的問題。</p>\n<p>第三部分，討論父母必須知道的事情，從如何選擇中醫師、中藥馬兜鈴酸的誤解、乳製品的問題、營養補充劑的濫用等等，到與醫生的互動與合作，以及討論科學的盲點。</p>\n<p>第四部分，轉了一個大彎，從我在臨床上和很多家庭與各類專家的互動下，以及我個人橫跨理工商醫的人生經驗，整理出一些主題來和讀者分享：養兒育女的目的爲何、養兒育女的基本原則、父母態度及行爲對孩子的影響、爸爸和媽媽對孩子影響的差異、做父母的壓力、文學與歷史的重要性、讀書的方法等等。同時，也簡短回顧一下我和兒子的互動，以及我的人生哲學，讓讀者感受到，我也是從新手父母一步一步地走來，對正在教養孩子的爸爸媽媽，充滿了同理心。</p>\n<p>出版社正式開放預購時，會在網上公佈購書的方法。</p>\n<figure class=\"wp-block-image size-full is-resized\"><a href=\"https://andylee.pro/wp/wp-content/uploads/2023/12/Screenshot-2023-12-04-at-3.05.59 PM.png\"><img alt=\"\" class=\"wp-image-12770\" decoding=\"async\" fetchpriority=\"high\" height=\"1432\" sizes=\"(max-width: 1048px) 100vw, 1048px\" src=\"https://andylee.pro/wp/wp-content/uploads/2023/12/Screenshot-2023-12-04-at-3.05.59 PM.png\" srcset=\"https://andylee.pro/wp/wp-content/uploads/2023/12/Screenshot-2023-12-04-at-3.05.59 PM.png 1048w, https://andylee.pro/wp/wp-content/uploads/2023/12/Screenshot-2023-12-04-at-3.05.59 PM-220x300.png 220w, https://andylee.pro/wp/wp-content/uploads/2023/12/Screenshot-2023-12-04-at-3.05.59 PM-749x1024.png 749w, https://andylee.pro/wp/wp-content/uploads/2023/12/Screenshot-2023-12-04-at-3.05.59 PM-768x1049.png 768w\" style=\"width:778px;height:auto\" width=\"1048\"/></a></figure>\n<figure class=\"wp-block-image size-full\"><a href=\"https://andylee.pro/wp/wp-content/uploads/2023/12/Screenshot-2023-12-04-at-3.06.51 PM.png\"><img alt=\"\" class=\"wp-image-12771\" decoding=\"async\" height=\"1432\" sizes=\"(max-width: 1064px) 100vw, 1064px\" src=\"https://andylee.pro/wp/wp-content/uploads/2023/12/Screenshot-2023-12-04-at-3.06.51 PM.png\" srcset=\"https://andylee.pro/wp/wp-content/uploads/2023/12/Screenshot-2023-12-04-at-3.06.51 PM.png 1064w, https://andylee.pro/wp/wp-content/uploads/2023/12/Screenshot-2023-12-04-at-3.06.51 PM-223x300.png 223w, https://andylee.pro/wp/wp-content/uploads/2023/12/Screenshot-2023-12-04-at-3.06.51 PM-761x1024.png 761w, https://andylee.pro/wp/wp-content/uploads/2023/12/Screenshot-2023-12-04-at-3.06.51 PM-768x1034.png 768w\" width=\"1064\"/></a></figure>",
  "article_time": "2023年12月04日 15:52",
  "comments": [
    {
      "id": "4e69fb84ce7831fb4484bd8397bac58b",
      "author": "三",
      "time": "2023年12月04日 16:53",
      "content": "<p>老师，这本书在讲治疗的时候是否会带上用药剂量和用药禁忌等，我觉得这样可以帮助到很多没有中医基础的家长。另期待老师的传承课程。</p>",
      "level": 0,
      "highlight": false,
      "children": [
        {
          "id": "c62e3003a6ef8c128cad74e863efa72b",
          "author": "李宗恩",
          "time": "2023年12月05日 08:54",
          "content": "<p>這是提供基本概念的書，不是教導中醫的書。</p>",
          "level": 1,
          "highlight": true,
          "children": [
            {
              "id": "a5818212e67902a3c273d5df66d9581e",
              "author": "明",
              "time": "2023年12月13日 18:30",
              "content": "<p>太好了，大陆人也能看到</p>",
              "level": 2,
              "highlight": false,
              "children": []
            },
            {
              "id": "14aaa31c354733812de165ea5a33be63",
              "author": "王里仁",
              "time": "2024年04月16日 22:51",
              "content": "<p>李博士您好，看了您的中医育儿，其中小朋友磨牙说胃下方寒湿，我想请问您说的胃下方寒湿是不是就是指下焦寒湿？感恩您</p>",
              "level": 2,
              "highlight": false,
              "children": [
                {
                  "id": "6c0896a6cf8bcef3f48ac3d0afe75f67",
                  "author": "李宗恩",
                  "time": "2024年04月17日 09:01",
                  "content": "<p>胃下方可以包括中焦和下焦</p>",
                  "level": 3,
                  "highlight": true,
                  "children": [
                    {
                      "id": "6fb002d5b07a49b5555c04f10d4fffcd",
                      "author": "王里仁",
                      "time": "2024年04月18日 14:59",
                      "content": "<p>尊敬的李博士，听过您的视频桂枝汤的临床应用，下焦寒湿用桂枝汤加附子细辛，那请问中焦寒湿用什么做加减？感恩您？</p>",
                      "level": 4,
                      "highlight": false,
                      "children": []
                    },
                    {
                      "id": "8f778aa88f6a731de9be9a1386990d48",
                      "author": "李宗恩",
                      "time": "2024年04月22日 13:32",
                      "content": "<p>你應該先好好研讀倪老師中醫教材。</p>",
                      "level": 4,
                      "highlight": true,
                      "children": []
                    }
                  ]
                }
              ]
            }
          ]
        }
      ]
    },
    {
      "id": "c8faaced0340b1a9f518405ddc6483a9",
      "author": "夏至",
      "time": "2023年12月04日 16:58",
      "content": "<p>非常感谢您，中医有您让我感到中医复兴有望，我孙女今年九岁，我让她一有时间就听您的网站的广播的互动，我外公是土郎中，每年都是自己下半年出门采药，所以没有人愿意学，都觉得太辛苦了，因缘际会我在疫情前一年，就跟倪海厦老师学习的，感觉到了中医的伟大，倪海厦老师说中医会在您的手里复兴传承，中国的复兴在中国文化，中医就是中国的文化精髓，中国人繁延传代的根基，中国有您和倪海厦老师是中国人之幸！中国文化之幸！再次感谢您！我们在中国大陆什么时候可以买到您的书？我们在网上预购，不会唉。</p>",
      "level": 0,
      "highlight": false,
      "children": [
        {
          "id": "e5cc8f9d60049a6e5113859a954624db",
          "author": "李宗恩",
          "time": "2023年12月05日 08:55",
          "content": "<p>謝謝你的支持及鼓勵。新書將可以從台灣網上購買，全球寄書。</p>",
          "level": 1,
          "highlight": true,
          "children": [
            {
              "id": "16361810c8c90f0d5cc4d6db123a6905",
              "author": "夏至",
              "time": "2023年12月08日 18:22",
              "content": "<p>李医师您好，您能写本适合儿童可以读懂的中医儿童读物吗？这样光是中国国内的儿童，就会有许多的家庭会买的让他们学习的。</p>",
              "level": 2,
              "highlight": false,
              "children": [
                {
                  "id": "720782b7945a7886f28a6a56a40a164c",
                  "author": "李宗恩",
                  "time": "2023年12月10日 17:37",
                  "content": "<p>是計畫的一部分。</p>",
                  "level": 3,
                  "highlight": true,
                  "children": [
                    {
                      "id": "bdc753a4f5655e9be61c8056675687cc",
                      "author": "夏至",
                      "time": "2023年12月17日 18:37",
                      "content": "<p>老师好，倪海厦老师说三七是散恶血保新血的药，国内许多人服用三七粉来活血化瘀，如果车祸有瘀血，汤剂是放在一起煮还是后放生用效果好？</p>",
                      "level": 4,
                      "highlight": false,
                      "children": []
                    },
                    {
                      "id": "a8dfa89b6811563b79560a51012d9eea",
                      "author": "李宗恩",
                      "time": "2023年12月19日 09:10",
                      "content": "<p>中醫不是以單一藥材來治病。</p>",
                      "level": 4,
                      "highlight": true,
                      "children": []
                    }
                  ]
                }
              ]
            }
          ]
        }
      ]
    },
    {
      "id": "692b11a3293cb9e49850220f668aa2ca",
      "author": "杨歌",
      "time": "2023年12月04日 19:24",
      "content": "<p>宗恩老师功德无量，大爱，虽然我已经看过老师写的文章了，但新书发售必买。老师的文章总能给人启发。预祝销售一路飘红，好评如潮。同时也期待老师有时间有精力出更多新书给读者带来知识和启示，同时也为中医正名，让正统中医成为人们生活中的一部分。</p>",
      "level": 0,
      "highlight": false,
      "children": [
        {
          "id": "15a49dc76131233f0a88d449098f9e41",
          "author": "李宗恩",
          "time": "2023年12月05日 08:56",
          "content": "<p>謝謝你的支持及鼓勵。</p>",
          "level": 1,
          "highlight": true,
          "children": []
        }
      ]
    },
    {
      "id": "50c25e1343b33e3530670a3bd9689e17",
      "author": "离中虚",
      "time": "2023年12月04日 19:52",
      "content": "<p>期待已久的书籍终于快可以订购了<br/>\n恭喜李医师<br/>\n这么忙还有时间写书与视频教学真的是让人心生崇拜<br/>\n我还有什么理由网上冲浪看一些无聊视频来短暂的取悦自己<br/>\n人生短暂<br/>\n不如挤点时间学习正确的知识<br/>\n谢谢李医师的开导</p>",
      "level": 0,
      "highlight": false,
      "children": [
        {
          "id": "a80faa5c7ce07d36b6d0a9dcae0aa3c1",
          "author": "李宗恩",
          "time": "2023年12月05日 08:56",
          "content": "<p>謝謝你的支持及鼓勵。</p>",
          "level": 1,
          "highlight": true,
          "children": []
        }
      ]
    },
    {
      "id": "f17250bc512da476a02eb9a1d4f96ec6",
      "author": "T3",
      "time": "2023年12月04日 20:13",
      "content": "<p>恭喜李医生，顺便等待大陆渠道的消息</p>",
      "level": 0,
      "highlight": false,
      "children": [
        {
          "id": "161b558174569a7186842a0bc55328f7",
          "author": "李宗恩",
          "time": "2023年12月05日 08:56",
          "content": "<p>謝謝你的支持及鼓勵。</p>",
          "level": 1,
          "highlight": true,
          "children": []
        }
      ]
    },
    {
      "id": "78c5c0a03b53fce98d700da4b830bd7a",
      "author": "信中醫",
      "time": "2023年12月04日 21:15",
      "content": "<p>感謝李醫師和圓神出版社，希望同時也有電子書版本，方便收藏~  ^O^</p>",
      "level": 0,
      "highlight": false,
      "children": [
        {
          "id": "b73bfb29788aeafef1c49f1583d37d2c",
          "author": "李宗恩",
          "time": "2023年12月05日 08:57",
          "content": "<p>會有電子版。</p>",
          "level": 1,
          "highlight": true,
          "children": []
        }
      ]
    },
    {
      "id": "b3d30e2faa3bf135641177afa681cdeb",
      "author": "林佳佳",
      "time": "2023年12月05日 02:47",
      "content": "<p>能问一下红斑性狼疮能用纯中药治愈吗？看倪海厦先生的医案感觉治起来很容易。但在内地找了好几个医生都说得中西医结合，用激素加一些六味地黄丸来补肾。</p>",
      "level": 0,
      "highlight": false,
      "children": [
        {
          "id": "da964667d87cf137d979a303bc573ebe",
          "author": "李宗恩",
          "time": "2023年12月05日 09:00",
          "content": "<p>每一個病例不一樣，得看個案情況來判斷，但一般情況下，中醫可以大幅度幫助紅斑性狼瘡。只用六味地黃丸，那大概代表那些中醫師根本不知道如何治療。</p>",
          "level": 1,
          "highlight": true,
          "children": []
        }
      ]
    },
    {
      "id": "92f7ea607704da536d030dbf7f1b88c1",
      "author": "八跟",
      "time": "2023年12月05日 05:43",
      "content": "<p>李医生您好，假设肝出现了问题。一般来说，是实脾（土）来生金，金制衡肝功能。肝问题比较严重，金制衡不了的时候，就得从肾(水)方面下手，加水来降火，火过小，木就得用来生火，从而减轻肝的症状，这样一来，金就可以有制衡木的力量，从而使人体达到一个平衡。我的想法正确吗</p>",
      "level": 0,
      "highlight": false,
      "children": [
        {
          "id": "ee1443c365b2d0475110dfb310c73e22",
          "author": "李宗恩",
          "time": "2023年12月05日 09:01",
          "content": "<p>不要把問題抽象話，你應該多研讀學習，而不是憑空想像。</p>",
          "level": 1,
          "highlight": true,
          "children": []
        }
      ]
    },
    {
      "id": "9f9d8a093139519f53fc7d54e0fe0e36",
      "author": "齐晓瑜",
      "time": "2023年12月05日 21:26",
      "content": "<p>您好，李医生我看了您的眼诊视频。想问一下大眼角和黑眼球中间的眼白区域有一个小疙瘩，是代表心包有痰饮吗？我平时会有胸闷的感觉</p>",
      "level": 0,
      "highlight": false,
      "children": [
        {
          "id": "af3d59c85beefced6bcb1b1febba56a2",
          "author": "李宗恩",
          "time": "2023年12月06日 08:14",
          "content": "<p>單一症狀都只是線索，不是憑單一症狀來診斷。你可能眼睛受損，或許和內臟沒有關係。</p>",
          "level": 1,
          "highlight": true,
          "children": [
            {
              "id": "443b0da8abf40f0b7056b7c36c3a4a38",
              "author": "齐晓瑜",
              "time": "2023年12月06日 17:00",
              "content": "<p>这么快就得到李医生的回复，十分感谢！！！</p>",
              "level": 2,
              "highlight": false,
              "children": []
            }
          ]
        }
      ]
    },
    {
      "id": "d658d926f39c4e9feb56eda8c8fb4089",
      "author": "年轮",
      "time": "2023年12月06日 01:27",
      "content": "<p>两个月的新手妈妈很期待李医生的这本书呢！会关注预售信息学习书籍内容！不知道是否会有小婴儿阶段的养育照料内容呢！新生儿第一年作为新妈妈很多时候不知道该怎么正确的处理，常被西医吓到导致过度医疗。如新生儿受凉拉肚子，西医名词乳糖不耐受（母乳居然使婴儿乳糖不耐受），脐茸（脐带根部未完全脱落，或与膀胱尿管相连）需要麻醉手术切除等，新生儿一年内有十几二十种疫苗需要注射，是否有必要呢。相关知识李医生是否有机会做分享！</p>",
      "level": 0,
      "highlight": false,
      "children": [
        {
          "id": "8302c485ed013a4a09cb91b15f1b23fa",
          "author": "李宗恩",
          "time": "2023年12月06日 08:16",
          "content": "<p>你可以從台灣網頁訂購，全球寄書。</p>",
          "level": 1,
          "highlight": true,
          "children": []
        },
        {
          "id": "b8503c95e0196b647439639155901b82",
          "author": "Color",
          "time": "2023年12月21日 02:29",
          "content": "<p>新生兒的疫苗不需要打，我們的祖父母都沒有打那麼多針都一樣活得好好的，我也有孩子，我後悔讓她打了10多針，沒有作用，還換來過敏。</p>",
          "level": 1,
          "highlight": false,
          "children": []
        }
      ]
    },
    {
      "id": "64459ea58b569a91cf24705c818f9157",
      "author": "潇航",
      "time": "2023年12月06日 04:58",
      "content": "<p>很抱歉在这里打扰到李博士受朋友所托 想问一位病人的情况如何、这位病人是在中国大陆十一月七号晚上看诊的、从已有信息中推断像是远程看诊、但因为各种原因无法和这位病人建立联系、这位病人称是新冠后遗症、这是您给这位患者所开药方浮小麦 30克炙甘草 9克红枣 15克 ( 切开 无核)远志 15克酸枣仁 15克川芎 15克茯苓 12克知母 15克夜交藤 12克茯神 12克炙黄耆 24克党参 12克白术 12克木香 9克陈皮 9克生姜 4片（自备，新鲜生姜，切四片，每片约人民币一元硬币大小即可。详见下文）女贞子 15克杜仲 15克、我的这位朋友又是一个慈悲心肠过头的人、一直在追问我把我搞得很心累、我已经给他解释过很多次临床看病尤其是远程看诊是个麻烦事让他耐心等待、能不能治得好不仅取决于医生也要看患者而这位患者又是个自以为是的人、在已知信息中患者自以为是的想法和吐槽颇多、如果是我就直接对这样的患者进行劝退了把机会留给更多需要帮助的人、但实在耐不住朋友追问 特讨饶李博士望李博士见谅、顺便也想知道在临床上遇到这样的病人李博士会如何处理、李博士能否把这个医案写下来、望李博士回复若不便回复请李博士回复不便回复让我这位朋友死心 我也好清静一下、谢谢</p>",
      "level": 0,
      "highlight": false,
      "children": [
        {
          "id": "61e2a23c6c5560803a2b0d1e9bb8a7a4",
          "author": "李宗恩",
          "time": "2023年12月06日 08:19",
          "content": "<p>醫生和診所都不能透露病人的訊息。至於病人遠程看診有什麼問題，應該自己聯絡診所，如果自己態度不正確，不能好好與診所溝通，不注意藥材品質等等，那就不適合遠程治療。</p>",
          "level": 1,
          "highlight": true,
          "children": [
            {
              "id": "6da58a52ed5338ac619d130b30b57b3d",
              "author": "王嘉乐",
              "time": "2023年12月06日 19:25",
              "content": "<p>李医生您好，请问一下黑附片、白附片、蒸附片、炒附子和炮附子在使用上有区别吗还是药性差不多，市面上有很多不同炮制工艺的附子，您诊所用的是哪种类型的呢</p>",
              "level": 2,
              "highlight": false,
              "children": [
                {
                  "id": "42fd6c897b0c765eaf738fe7bb3d9031",
                  "author": "李宗恩",
                  "time": "2023年12月06日 20:54",
                  "content": "<p>各種附子產品差別很大，診所是自己烘培生附子成炮附子。</p>",
                  "level": 3,
                  "highlight": true,
                  "children": [
                    {
                      "id": "565be2938143b511e862caefdd304e11",
                      "author": "王嘉乐",
                      "time": "2023年12月09日 02:49",
                      "content": "<p>谢谢李医生，方便说一下炮制工艺吗，您使用的炮附子是由生附片高温砂烫而成的吗，还是说其他做法，这样以后买炮附子好有个参考</p>",
                      "level": 4,
                      "highlight": false,
                      "children": []
                    },
                    {
                      "id": "f858dd58f89a9f37a569adb3feb54ef1",
                      "author": "李宗恩",
                      "time": "2023年12月10日 17:42",
                      "content": "<p>用烤箱烤。</p>",
                      "level": 4,
                      "highlight": true,
                      "children": []
                    }
                  ]
                }
              ]
            }
          ]
        }
      ]
    },
    {
      "id": "b3bcb5d42fb2945a988e77c3d00f20fb",
      "author": "杭州光明",
      "time": "2023年12月06日 21:16",
      "content": "<p>期待李老师的新书，到时候发个购买链接，谢谢</p>",
      "level": 0,
      "highlight": false,
      "children": []
    },
    {
      "id": "b0a998e3d01b5b8a8634ddf96118e8ab",
      "author": "送你座帆船",
      "time": "2023年12月07日 12:46",
      "content": "<p>这一次还会在大陆出版吗</p>",
      "level": 0,
      "highlight": false,
      "children": [
        {
          "id": "30390e6c8688744bdbc9010331382ff2",
          "author": "李宗恩",
          "time": "2023年12月07日 09:18",
          "content": "<p>應該會，不過，上次大陸審核花了大半年。</p>",
          "level": 1,
          "highlight": true,
          "children": []
        }
      ]
    },
    {
      "id": "1401e18e133f4754f7a31001cf3fc5c5",
      "author": "liuyang",
      "time": "2023年12月07日 03:52",
      "content": "<p>感恩李老师：<br/>\n    一直有个问题在心里久久不能放下，由于各种原因总感觉大陆的药不如出口的质量好，特别想看看李老师用的药品的质量的成色以及李老师你选药的方式，药不会识别或者品质不好，会多走很多弯路，我也走了弯路！<br/>\n内心知道李老师很忙，但是又很想李老师能帮帮我们，或许这也是很多自学中医人的疑问，特别是附子，桂枝，细辛，半夏等重要的药品！</p>",
      "level": 0,
      "highlight": false,
      "children": [
        {
          "id": "bf0d3430f6365fe4d9ffbab00900f1fb",
          "author": "李宗恩",
          "time": "2023年12月07日 09:58",
          "content": "<p>你可以先買中藥書籍來閱讀，有很多中藥相關的書籍，附有很多彩色圖片，以及解說炮製過程等等。</p>",
          "level": 1,
          "highlight": true,
          "children": []
        }
      ]
    },
    {
      "id": "4cccc9f2ba3cf5fb1505fe18586cc948",
      "author": "非",
      "time": "2023年12月07日 03:54",
      "content": "<p>老师您好，想向您请教一下关于肝病肝肿胀；倪海厦老师曾在伤寒金贵提到肝着，肝因受寒而变得肿大顶到脾胃可是老师的处方开的都是寒凉的药啊，那岂不是更甚？没记错后面好像讲到小柴胡汤肝炎，老师又说肝脏肿大顶到胃；所谓炎症不是属热证吗？所以想请教老师肝肿大是热证还是寒证呢？</p>",
      "level": 0,
      "highlight": false,
      "children": [
        {
          "id": "1ac16de4dadf0ec4d5a54dbf3159ea8c",
          "author": "李宗恩",
          "time": "2023年12月07日 10:00",
          "content": "<p>不要把事情簡單化，不是一個病症就只是寒症或熱症。</p>",
          "level": 1,
          "highlight": true,
          "children": []
        }
      ]
    },
    {
      "id": "ac1d2e851551cc3a51d7c8e554bf61c9",
      "author": "陈年老酒",
      "time": "2023年12月07日 05:52",
      "content": "<p>太好了，正是当代父母所需，特别是年轻一代的父母，他们除了抗生素、挂水，大多数并不知还有别的、更好的选择！</p>",
      "level": 0,
      "highlight": false,
      "children": []
    },
    {
      "id": "2bad6e1cca55ce0d1fb081b3a148ed17",
      "author": "刃影",
      "time": "2023年12月07日 21:05",
      "content": "<p>李医生</p>",
      "level": 0,
      "highlight": false,
      "children": []
    },
    {
      "id": "33d6fcacae6e6663b09523d93f4c0b53",
      "author": "刃影",
      "time": "2023年12月07日 21:06",
      "content": "<p>近视500的孩子可以通过中医治疗能够改善吗？有没有类似案例可以治愈近视到不需要戴眼镜的病例？也可以在下次直播时候讨论这个问题。</p>",
      "level": 0,
      "highlight": false,
      "children": [
        {
          "id": "e76a4f2f4d3c3ef64f153b7ed11bad22",
          "author": "夏至",
          "time": "2023年12月08日 18:26",
          "content": "<p>李医师说过近视眼是肝血不足，先不要急着带眼镜，先补肝血。</p>",
          "level": 1,
          "highlight": false,
          "children": []
        },
        {
          "id": "8ded246d4dec3838baaad03e020c4cef",
          "author": "李宗恩",
          "time": "2023年12月10日 17:34",
          "content": "<p>500度已經不輕了，中醫可以幫忙改善或防止惡化，但不容易恢復到完全正常的視力，同時，生活習慣非常重要，不然治療了也是無意義。</p>",
          "level": 1,
          "highlight": true,
          "children": []
        }
      ]
    },
    {
      "id": "3fdf3e76f3df6d461f517d4f8e010bd2",
      "author": "Yhu",
      "time": "2023年12月08日 17:13",
      "content": "<p>李老師好：<br/>\n因緣際會看到您的視頻，找到這裏，太喜歡了，像個寶庫。您簡單的幾句話，就讓人恍然大悟，真乃明師。不知道老師未來有沒有機會到台灣授課？還是都在美國？希望能機緣成為您的學生。</p>",
      "level": 0,
      "highlight": false,
      "children": [
        {
          "id": "6ee7d80017b0de2b4dbb3b9f8f106900",
          "author": "李宗恩",
          "time": "2023年12月10日 17:37",
          "content": "<p>謝謝你的支持及鼓勵。未來傳承教學，會先以網上為主，再推展到當面教學及跟診教學。</p>",
          "level": 1,
          "highlight": true,
          "children": []
        }
      ]
    },
    {
      "id": "2246e5b1d7a2bc781dba2d72ae369a25",
      "author": "李梁",
      "time": "2023年12月08日 22:02",
      "content": "<p>李宗恩老师，跟您谈谈一直以来饱受争议的话题！四逆散在大陆，不少大陆的知名大牌中医，以及中医世家譬如郭生白，都有讲到归根结底四逆散其实是一个更注重于少阳的一个方剂，但是伤寒论里面归根于少阴证的方剂，同时也有不少中医师也规定为少阴的处方，一时间五花八门，众说纷坛，想听听您的高见！</p>",
      "level": 0,
      "highlight": false,
      "children": [
        {
          "id": "a19de87930041bd75fcb0c13f4de64b4",
          "author": "李宗恩",
          "time": "2023年12月10日 17:42",
          "content": "<p>這樣的爭議沒有什麼意義，四逆散就四味藥材，柴胡、枳實、白芍、甘草，醫家可以加減來治療許多不同問題，不是硬要說成是少陽或少陰的用藥。</p>",
          "level": 1,
          "highlight": true,
          "children": []
        },
        {
          "id": "85fc0f99d9f25556883c4f1228cf0104",
          "author": "暗香疏影",
          "time": "2024年03月17日 05:05",
          "content": "<p>你可以先从学习药材和药材的性味配伍入手，基本就能大概知道方剂的作用了，比如柴胡、枳实行气破气为主，白芍酸收，炙甘草有强心作用的同时味甘，结合白芍酸甘化阴，因为行气太过必伤阴（气带动水行），所以这个方是以行气为主，补阴为辅，或者说补阴是为了怕行气伤阴！其实结合多看一些药典以及黄帝内经的东西先打个基础，多看多听尤其多思考为什么，时间久了积累多了再结合生活中遇到的物理常识，有些东西慢慢就明白了，不知道方义的解释是否正确，请李博士斧正！</p>",
          "level": 1,
          "highlight": false,
          "children": []
        }
      ]
    },
    {
      "id": "4ed1fd2bec52388000c75319aa2a3c4a",
      "author": "yasuo",
      "time": "2023年12月09日 12:54",
      "content": "<p>祝贺新书出版，我先猜一下里面肯定会有大量黄帝内经的知识吧？另外简体中文版什么时候会出版上市呢？</p>",
      "level": 0,
      "highlight": false,
      "children": [
        {
          "id": "6496735d0075b2dba89b54c18e3f1218",
          "author": "李宗恩",
          "time": "2023年12月10日 17:42",
          "content": "<p>不確定，大陸審查書籍需要好幾個月。</p>",
          "level": 1,
          "highlight": true,
          "children": []
        }
      ]
    },
    {
      "id": "6fce17e00824df68a24c833d3a485ab5",
      "author": "看虎如岳",
      "time": "2023年12月09日 05:11",
      "content": "<p>期待已久！希望这次能尽快请购到！许多文章在公众号里已经看过，但李老师说过书本里会有比较详细的案例等，而且书本更适合长期、多次阅读，尤其是对中医爱好者而言。个人觉得，中医爱好者更应该按李老师的文章《如何学习中医临床看诊》做个人学习的基本规范，久久为功，肯定受益匪浅。</p>",
      "level": 0,
      "highlight": false,
      "children": []
    },
    {
      "id": "6e1491d305ea726c6bc38d02e1b88278",
      "author": "小叮当",
      "time": "2023年12月10日 12:03",
      "content": "<p>请问一下李医师，小建中汤为什么能温中呢，为什么虚寒可以用小建中汤呢？相对于桂枝汤只多了一味饴糖，却被双倍用了白芍，白芍不是酸收且寒吗？饴糖作为药引也不是什么大温的的东西。可以理解补虚但不能理解为什么温中。希望李医生解答一下。</p>",
      "level": 0,
      "highlight": false,
      "children": [
        {
          "id": "fec4cbc7b8f690559979f1b1eddae551",
          "author": "李宗恩",
          "time": "2023年12月10日 17:54",
          "content": "<p>生薑、炙甘草本了就可以溫中，飴糖也是甘溫，白芍加倍以補脾，而小建中湯本來就是輕補，不像附子理中湯等。</p>",
          "level": 1,
          "highlight": true,
          "children": []
        }
      ]
    },
    {
      "id": "359577341bd3ed4cb35d173be9e8ac21",
      "author": "敦复无悔",
      "time": "2023年12月10日 05:08",
      "content": "<p>李博士得到了倪师真传。感觉医术已超过倪师了。关注李博士很长时间了，期待有着一日见面。2024年开始，我要认真做几十种道地药材，国内药材假冒伪劣大行其道，学医的同仁很多都不知道，做道地药材会很难，因为人心坏了，我这种坚心的人不怕困难。</p>",
      "level": 0,
      "highlight": false,
      "children": [
        {
          "id": "0e22b99ab9484e09dde553f095e2fbad",
          "author": "李宗恩",
          "time": "2023年12月10日 17:55",
          "content": "<p>謝謝你的支持及鼓勵。</p>",
          "level": 1,
          "highlight": true,
          "children": []
        },
        {
          "id": "1869e4c6c0d13600b28cf1bd26adcf44",
          "author": "暗香疏影",
          "time": "2024年03月17日 05:25",
          "content": "<p>是的，了解过倪师一些学生的传承后，越来越发现只有李博士是正宗嫡传，我经常和学友交流一句话：学东西不但要知其然还要知其所以然才能运用自如。倪师和李博士都是用现代医学理论告诉你为什么，用实际治疗结果验证这个为什么！我最近也想先去趟亳州，找一些好药材的供货商，以备自己用药和亲朋好友用药，后期如果可能也给需要的朋友提供，不以赚钱为目的，只以助己助人为目的！李博士也说过：行医是修行的捷径，卻也是沉沦地狱最快的一条路，杀人不需要一刀一枪，甚至连一丝杀人的罪恶感都沒有！如果方便咱们可以私下交流交流！</p>",
          "level": 1,
          "highlight": false,
          "children": []
        }
      ]
    },
    {
      "id": "47ac1b95a2b4dd372c4017134c94fa79",
      "author": "阿潸",
      "time": "2023年12月11日 21:38",
      "content": "<p>迫不及待想要购买</p>",
      "level": 0,
      "highlight": false,
      "children": []
    },
    {
      "id": "953b1a1af73c8e520497a890fe5dc459",
      "author": "Jolly_rainbow",
      "time": "2023年12月12日 07:37",
      "content": "<p>作為在大陸的人，也想購買您寫的這本書，有沒有開通大陸購買的方式呢？</p>",
      "level": 0,
      "highlight": false,
      "children": [
        {
          "id": "37a6178f958c60060a871c6cfc3fb400",
          "author": "李宗恩",
          "time": "2023年12月12日 09:23",
          "content": "<p>台灣網上書店購買，全球寄送。</p>",
          "level": 1,
          "highlight": true,
          "children": []
        }
      ]
    },
    {
      "id": "346418aa62333e3983525532eeb67e5e",
      "author": "小米",
      "time": "2023年12月12日 18:55",
      "content": "<p>请教李老师，如果是中下焦寒湿导致的心阳反逆导致的舌红苔黄，和实热导致的舌红苔黄应该如何鉴别</p>",
      "level": 0,
      "highlight": false,
      "children": [
        {
          "id": "88b9d1136fd4ffb888f30e492a90ff9c",
          "author": "李宗恩",
          "time": "2023年12月18日 09:15",
          "content": "<p>如果你無法從舌診判斷，可以從其它症狀來判斷。望聞問切，本來就不一單一症狀來診斷。</p>",
          "level": 1,
          "highlight": true,
          "children": []
        }
      ]
    },
    {
      "id": "1bf72ba0f656cdf6294609bcbcb16722",
      "author": "陈宇祥",
      "time": "2023年12月13日 01:39",
      "content": "<p>李医生，想请教您个问题，想补充维生素D，但是不吃西药店卖的那种纯维生素D，中医中有什么中药或者食疗可以补充的吗？</p>",
      "level": 0,
      "highlight": false,
      "children": [
        {
          "id": "30e26e10bbcf8f17ced0030cb997be82",
          "author": "李宗恩",
          "time": "2023年12月18日 09:16",
          "content": "<p>這你可以自己在網上查詢。</p>",
          "level": 1,
          "highlight": true,
          "children": []
        }
      ]
    },
    {
      "id": "80deb399d8f5d7c29af87824dffcaceb",
      "author": "莫桥兰",
      "time": "2023年12月14日 19:28",
      "content": "<p>李医师您好，部分小男孩出现疝气、阴茎缩在里面，是什么原因呢，治疗应该考虑肝脏因素吗？</p>",
      "level": 0,
      "highlight": false,
      "children": [
        {
          "id": "b332a5ee9ef77c666bc2449b4712e6cd",
          "author": "李宗恩",
          "time": "2023年12月18日 09:30",
          "content": "<p>一般而言，肝經寒。</p>",
          "level": 1,
          "highlight": true,
          "children": []
        }
      ]
    },
    {
      "id": "ca2beb5d513ba678184dcd017d3da159",
      "author": "corbin",
      "time": "2023年12月16日 04:32",
      "content": "<p>老师您好，想请教一下最近一个病案的一些困惑：<br/>\n小儿患太阳病1、2日，发热，咳嗽剧烈，恶心呕吐伴随腹痛，无食欲，右胁满涨，脉呈洪大，口渴，无汗（就诊前被家人服用退烧药发过汗），白天恶热有出汗，晚上恶寒，夜里发烧38度多，最高到40度，精神萎靡，所以辩证为三阳并病处理。</p>\n<p>服药后精神略有好转，仍有呕吐腹痛，当天夜里高烧，咳嗽无改善，脉变弦，吐白痰，舌苔黄腻，按太阳少阳辩证处理。</p>\n<p>服药后仍有低热，无汗，无食欲，舌苔黄腻，不渴不恶寒，咳嗽仍无改善，精神转好。</p>\n<p>所以比较迷惑，这个辩证是否准确，是纯太阳病还是有并病，主要对这个恶心呕吐腹痛是属于少阳还是中焦虚寒有点迷惑，无胃口无食欲这个证什么情况下属于少阳什么情况下不属于少阳，后续这个咳嗽是否属纯表证的咳嗽？感谢您</p>",
      "level": 0,
      "highlight": false,
      "children": [
        {
          "id": "c96d9283fced5951b59135f15327136a",
          "author": "李宗恩",
          "time": "2023年12月18日 09:31",
          "content": "<p>我不在網上針對個案一一討論。另外，你的辨證似乎很雜亂。</p>",
          "level": 1,
          "highlight": true,
          "children": [
            {
              "id": "b1157c5bf8851c28f54f36fb13c3ea2e",
              "author": "corbin",
              "time": "2023年12月21日 18:40",
              "content": "<p>太感谢老师您了，您说的真的是一针见血。是我问的有问题，本来是想拿这个病案举个例子，想求教的是，有表证后的呕吐是不是就代表一定有少阳证，是不是有可能还有可能是因为本来病人有胃家寒证造成的呕吐被误辩证成了少阳证，担心辩证错了。本来是想问这个问题的。您说的太对了就是辩证有点杂乱，导致自己在辩证的时候有些情况拿不准，所以又想求教一下，如何能让自己的辩证更清晰和精准。谢谢老师！！</p>",
              "level": 2,
              "highlight": false,
              "children": [
                {
                  "id": "62682fb18e0fe1352904b87f284e9efa",
                  "author": "李宗恩",
                  "time": "2023年12月21日 18:41",
                  "content": "<p>中醫不是單一症狀來辨證論治。</p>",
                  "level": 3,
                  "highlight": true,
                  "children": []
                }
              ]
            }
          ]
        },
        {
          "id": "5beeeb9bacf887adcb41b926c959daa7",
          "author": "暗香疏影",
          "time": "2024年03月17日 05:37",
          "content": "<p>伤寒五六日中风，往来寒热、胸胁苦满、嘿嘿不欲饮食、心烦喜呕，或胸中烦而不呕，或渴，或腹中痛，或胁下痞鞕，或心下悸、小便不利，或不渴、身有微热，或咳者，小柴胡汤主之。（96）好像符合小柴胡汤条文，我看你的表述用词好像蛮古典的，伤寒杂病的条文应该看过。可以参考看看，这个只是我个人观点，只作讨论，不做推荐用方之意哦！</p>",
          "level": 1,
          "highlight": false,
          "children": []
        }
      ]
    },
    {
      "id": "bf5341eb1ba1e641ec637546eb5c1743",
      "author": "过江之鲫",
      "time": "2023年12月16日 06:50",
      "content": "<p>请教一下李博士，我在医院陪护，观测到了一个现象有点好奇，肺科有个病人晚上睡觉腿会时不时抖一抖，频率挺高的，他的吸气声短吐气声促大。请问这是由于氧气交换不够供给血管导致的吗？临床上一般由于哪些肺家有关引起？</p>",
      "level": 0,
      "highlight": false,
      "children": [
        {
          "id": "25509c7e03cbec21c2dc1e6b7f4c552b",
          "author": "李宗恩",
          "time": "2023年12月18日 10:02",
          "content": "<p>一般而言，肝血不足導致筋緊震動、抽筋等，西醫所謂的restless leg。至於是不是肺家問題導致肝血不足，那就得一步一步去了解。</p>",
          "level": 1,
          "highlight": true,
          "children": []
        }
      ]
    },
    {
      "id": "f4d121a8e26d159dc95e760a63f5598f",
      "author": "周",
      "time": "2023年12月16日 06:54",
      "content": "<p>李医生您好，我想问问您国内哪里还有像您和倪海厦老师一样好的中医大夫，我妈妈最近确诊了卵巢癌，做了手术后面还要化疗，复发再化疗，我是学西医的，我很了解化疗的结果，我已经不能相信西医了，我实在不忍心让她被化疗折磨的不成人形，我想带她看中医，但是我实在不知道国内哪里的中医可以治疗，求求你回复我一下，谢谢您了</p>",
      "level": 0,
      "highlight": false,
      "children": [
        {
          "id": "1f0c353898658bb36fd1f398926780f0",
          "author": "潇航",
          "time": "2023年12月16日 20:12",
          "content": "<p>黄煌教授或汤英医生那边你先去问问吧</p>",
          "level": 1,
          "highlight": false,
          "children": []
        },
        {
          "id": "8813aa8d0a00d19662000ca196e01a8f",
          "author": "潇航",
          "time": "2023年12月16日 20:16",
          "content": "<p>李博士最近一段时间比较忙而且这里不是间接问诊的地方.大陆这边好的中医也不少</p>",
          "level": 1,
          "highlight": false,
          "children": []
        },
        {
          "id": "bc1cec19589a8811bbb306352f7dd3e1",
          "author": "李宗恩",
          "time": "2023年12月19日 09:02",
          "content": "<p>不清楚。</p>",
          "level": 1,
          "highlight": true,
          "children": []
        },
        {
          "id": "10e6fa02cf812403ff529be94844d2aa",
          "author": "Yingnan",
          "time": "2024年01月01日 19:40",
          "content": "<p>通许那个医院，就是李博士在新冠时期远程支持的那所。<br/>\n可以去试试汤英主任，<br/>\n而且倪海厦老师的另一个弟子杨贞老师正在线下教学，你可以搜索下岐黄的公众号，尝试联络。</p>",
          "level": 1,
          "highlight": false,
          "children": []
        }
      ]
    },
    {
      "id": "4523ba804752b249869c8adfb7d75f1e",
      "author": "在野武将",
      "time": "2023年12月16日 20:37",
      "content": "<p>李宗恩老师，想咨询一下中医是否能根治飞蚊症啊</p>",
      "level": 0,
      "highlight": false,
      "children": [
        {
          "id": "72412247cd34c20d3370334e78a50506",
          "author": "李宗恩",
          "time": "2023年12月19日 09:06",
          "content": "<p>飛蚊症背後有許多可能的原因，不僅僅是肝開竅於眼，糖尿病、發炎等等都有可能造成。因此，得看個案情況來討論，一般而言，中醫治療應該可以有很大的幫助。</p>",
          "level": 1,
          "highlight": true,
          "children": []
        }
      ]
    },
    {
      "id": "9a38f0bd7eba892413b1ff4beb840953",
      "author": "娃娃脸—Zhu",
      "time": "2023年12月17日 12:06",
      "content": "<p>李医师，您好！期待您撰写一本关于女性朋友保养的中医书籍吗？皮肤，气色，头发等中医疗法，望回复，谢谢！</p>",
      "level": 0,
      "highlight": false,
      "children": [
        {
          "id": "00a5585c46ae38f7b8ba101124fb7720",
          "author": "李宗恩",
          "time": "2023年12月19日 09:08",
          "content": "<p>可以考慮。</p>",
          "level": 1,
          "highlight": true,
          "children": []
        }
      ]
    },
    {
      "id": "d09c1191fcf975acd47147f716a86417",
      "author": "哈啰",
      "time": "2023年12月18日 21:08",
      "content": "<p>李医生您好，你之前说过中药一般煮1次就够了，那开盖煮和不开盖煮区别大吗，如果9碗水煮的话不开盖很容易漫出来</p>",
      "level": 0,
      "highlight": false,
      "children": [
        {
          "id": "9bb87873c06049f988ca2e66faf836a6",
          "author": "李宗恩",
          "time": "2023年12月19日 09:18",
          "content": "<p>重點是煮的時間及煮後的水量，水漫出來，代表你用的鍋子不夠大或不夠高，不要死腦筋。</p>",
          "level": 1,
          "highlight": true,
          "children": [
            {
              "id": "6ab1bc31b8e91e26986f62936560b328",
              "author": "哈啰",
              "time": "2023年12月19日 16:48",
              "content": "<p>抱歉是我表达有误，锅是够大，我的意思是有些药比如桂枝会被沸腾的水冲到锅壁粘在上面煮不到，如果能开盖就不用一直盯着了</p>",
              "level": 2,
              "highlight": false,
              "children": [
                {
                  "id": "1e7388720d788282347814069fa780b4",
                  "author": "邓文正",
                  "time": "2023年12月20日 16:23",
                  "content": "<p>我在李宗恩医生这里看病，他们都是统一要求开盖煮药的，我一直用开盖煮药，不容易漫出来，而且药效也挺好的</p>",
                  "level": 3,
                  "highlight": false,
                  "children": []
                }
              ]
            }
          ]
        }
      ]
    },
    {
      "id": "75265b97335482eaf4a82d8b35350b1f",
      "author": "禅悟",
      "time": "2023年12月20日 15:31",
      "content": "<p>你好李老师，煎药的时候药材需要在砂锅里用水泡半个小时吗？还有个为题就是生酸枣仁需要给他捣碎在煎吗？</p>",
      "level": 0,
      "highlight": false,
      "children": [
        {
          "id": "fa436602d4185e24c1e05f40ac2c3a2f",
          "author": "李宗恩",
          "time": "2023年12月21日 16:20",
          "content": "<p>已經說過很多次，不要用砂鍋，而是用不鏽鋼鍋。泡半個小時，有些幫助，但差別不大。酸棗仁打碎比較好。</p>",
          "level": 1,
          "highlight": true,
          "children": [
            {
              "id": "693b1b20b45734ae6ffd11ed64726f32",
              "author": "禅悟",
              "time": "2023年12月21日 23:36",
              "content": "<p>谢谢，李老师</p>",
              "level": 2,
              "highlight": false,
              "children": []
            }
          ]
        }
      ]
    },
    {
      "id": "dbefcddedc4048a137beda0d0e4204ad",
      "author": "梅馨然",
      "time": "2023年12月21日 02:46",
      "content": "<p>感谢李老师，听君一席话 胜读十年书，每一个视频都会反复看，无论对人生还是对学中医都受益匪浅，就像老师在书中说的，能有幸看到老师的视频和书籍，可能也是我人生的一个点，期待老师更多的教学视频和书籍，也祝愿李老师一切顺利安好！</p>",
      "level": 0,
      "highlight": false,
      "children": [
        {
          "id": "96554ee9d65285c0f9898ab0b0bb5d88",
          "author": "李宗恩",
          "time": "2023年12月21日 16:22",
          "content": "<p>謝謝你的支持及鼓勵。</p>",
          "level": 1,
          "highlight": true,
          "children": []
        }
      ]
    },
    {
      "id": "85f2919f5b0edb54f8b74ed476cd524e",
      "author": "小宇宙",
      "time": "2023年12月21日 06:55",
      "content": "<p>您好李博士，恭喜这本书的上市。同时想咨询一下，儿童多动症在中医上是怎么认知的，调整和治疗的的方向是怎么样的，，现在孩子们中这个情况非常多，有机会能专门针对这个病来讲一下吗，就像您讲妥瑞症一样（您讲的的治疗方向和方案非常有效果,反观大陆的中医一开药开几个月的，而且讲不明白病理）省得西药的精神镇静类药物再来害孩子们。谢谢李博士了。</p>",
      "level": 0,
      "highlight": false,
      "children": [
        {
          "id": "9ee7a1e590b31f443cbea9a7913b7c5d",
          "author": "李宗恩",
          "time": "2023年12月21日 16:23",
          "content": "<p>網頁及上一本書有不少討論，你為什麼不先去查詢？</p>",
          "level": 1,
          "highlight": true,
          "children": []
        }
      ]
    },
    {
      "id": "f4b20874df57e2aeb75d154977f769df",
      "author": "小宇宙",
      "time": "2023年12月21日 07:26",
      "content": "<p>您好李博士，首先恭喜新书的上市。想请教您一个问题，儿童多动症在中医上是怎么认知的，包括它的病理以及医治的方向，思路。最好是像您讲妥瑞症一样，做一期节目（您对妥瑞症的病理说明非常清晰，治疗方案非常的有效。可惜大陆的一些所谓名医到现在还是讲不明白这个事情，对症开药，一开好几个月），让我们中国的多动症孩子能远离镇静类药物的危害，能够用中药完全调理健康，谢谢您了。</p>",
      "level": 0,
      "highlight": false,
      "children": [
        {
          "id": "a2fe0807cdeebe213fd5737cef471c36",
          "author": "李宗恩",
          "time": "2023年12月21日 16:25",
          "content": "<p>同樣的問題不要重複問。網上留言，明明解釋需要審核，你卻重複一直按，代表你自己無法按照規定做事，那你如何能幫助過動的孩子？</p>",
          "level": 1,
          "highlight": true,
          "children": []
        }
      ]
    },
    {
      "id": "975d256a56ef476654b4671cdf15dc06",
      "author": "小宇宙",
      "time": "2023年12月21日 18:41",
      "content": "<p>感谢老师的指导，受教了。也为因自己的不仔细不认真而给别人带来的时间浪费和网络资源浪费，向您表示歉意。同时也借此和其它读者说一下，用繁体中文搜索，很多资料就出来了。再次向老师表示歉意，这个地方感觉就像是一个家园一样，我们一定要呵护好，简洁高效高质，让更多人受益。</p>",
      "level": 0,
      "highlight": false,
      "children": []
    },
    {
      "id": "383211b8b363817be22443f901733433",
      "author": "桔子树",
      "time": "2024年04月16日 04:15",
      "content": "<p>李宗恩老师，请问2岁小孩如何保养能让头发增多？</p>",
      "level": 0,
      "highlight": false,
      "children": [
        {
          "id": "d2e1139d9fc2926a91acd3980a58e7f4",
          "author": "李宗恩",
          "time": "2024年04月16日 13:53",
          "content": "<p>正常飲食及正確的睡眠時間。</p>",
          "level": 1,
          "highlight": true,
          "children": [
            {
              "id": "813711f2ed2659aca10c33851df3ca8a",
              "author": "桔子树",
              "time": "2024年04月18日 23:39",
              "content": "<p>感谢～♥️</p>",
              "level": 2,
              "highlight": false,
              "children": []
            }
          ]
        }
      ]
    },
    {
      "id": "c42a957dc810e80ca8dffafca56736df",
      "author": "长秀",
      "time": "2024年04月20日 21:52",
      "content": "<p>不知道在哪个网站上买，能发购书网址吗？上次在某宝上买的倪师逝世十周年的书感觉像是盗版。</p>",
      "level": 0,
      "highlight": false,
      "children": [
        {
          "id": "5b8b30450ddb6442d99ce30fb9f8f797",
          "author": "李宗恩",
          "time": "2024年04月22日 15:42",
          "content": "<p>網頁上不是有公佈購買方式嗎？你可以查詢一下。</p>",
          "level": 1,
          "highlight": true,
          "children": []
        }
      ]
    }
  ],
  "page": 5,
  "order": 9,
  "filename": "data\\page5\\page5_order8_e5cc8f9d60049a6e5113859a954624db.json"
}