{
  "article_url": "https://andylee.pro/wp/?p=2938",
  "title": "電視節目：《當張仲景遇上斯坦福》（二）中醫治病見效慢嗎？",
  "content": "<p>https://www.youtube.com/watch?v=ir-UQ0cOmmE</p>\n<p>電視台幫我製作的中醫節目開播了，TV38台每兩週播出新的一集，前一週週四晚間九點播出，下一週週二下午兩點半重播，詳細節目時間請參照電視台頻道節目表（<a href=\"http://www.ntdtv.com/xtr/gb/schedule_ch1sf.html\">http://www.ntdtv.com/xtr/gb/schedule_ch1sf.html</a>）。最方便的收看方式，是在YouTube上搜尋「當張仲景遇上斯坦福」（Stanford University中國翻譯為「斯坦福大學」，不像台灣翻譯為「史丹佛大學」），第二集主要在介紹中醫治療可以既快速又有效，YouTube的連結為：<a href=\"https://www.youtube.com/watch?v=ir-UQ0cOmmE\">https://www.youtube.com/watch?v=ir-UQ0cOmmE</a>。</p>\n<p>這個節目的對象，是對中醫沒有什麼研究的一般大眾，所以，製作單位要我儘可能說得簡單一點。目前已經拍攝到第七集，如果有什麼建議，請留言給我。</p>",
  "article_time": "2015年06月29日 17:19",
  "comments": [
    {
      "id": "49e13eb78b9d8bd276ff85344e8cfcde",
      "author": "医者扶阳",
      "time": "2015年07月04日 21:16",
      "content": "<p>可惜大陆看不到视频了，请教李医师：六经辩证是一定受风寒，病情逐步加深，寒越来越重，还是说六经模型是为了说明病情的演变在不同的阶段，每一个阶段有不同证状，对证下手？</p>",
      "level": 0,
      "highlight": false,
      "children": [
        {
          "id": "7db9c39dbd75e752e5b1a9c90c31c7cc",
          "author": "andy",
          "time": "2015年07月06日 19:29",
          "content": "<p>我已經請電視製作單位研究是不是可以也上傳到YouKu。六經辯證，是判斷人體哪裡與如何出問題的「模型」。在一般情況下，病情逐步加深時，會依照六經來傳變。然而，「模型」是為了方便說明及學習，在真實複雜的情況下，病情不是單純的一步一步往下走，傷寒論裡提到直中太陰、少陰、厥陰，也提到幾個經並病等，同時，在學會傷寒論六經辯證的「基本武功」後，金匱要略中更討論許多複雜的病情，讓學習者能把以前學的知識融會貫通來使用，並不拘泥在六經裡的那一經。坊間很多討論六經辯證的中醫及書籍，然而，大多數都忽略了傷寒雜病論的後半本，只停留在「傷寒論」，而沒有進入「金匱要略」。</p>",
          "level": 1,
          "highlight": true,
          "children": [
            {
              "id": "5e59d201bbdfc84d54abc4fd906a5732",
              "author": "医者扶阳",
              "time": "2015年07月06日 21:28",
              "content": "<p>好，期待在youku上可以看到。確實病人不會照書生病，很多疑難雜證需要金匱中的八綱辯證來分析病情，我有一位朋友 女 42歲 子宮多年前切除 失眠已經有十年了，臉紅眼睛脹，胸悶，心煩，腳是冷的，大便不規則，胃口正常，她說她感覺上半身跟下半身是分開的，怕風吹到，出冷汗，好像風能吹到骨頭里去。我想到用黃連阿膠雞子黃湯先解決失眠，但接下就不知道該怎么辦了，另外 深圳漢唐有粉劑買，但書上說要用雞蛋黃沖服，不知道是不是有影響呢？</p>",
              "level": 2,
              "highlight": false,
              "children": [
                {
                  "id": "202e368506bced98ca9d52752e8eb980",
                  "author": "医者扶阳",
                  "time": "2015年07月11日 12:24",
                  "content": "<p>她找了三和中医：医师开了 桂枝 苍术 白芷 石菖蒲  法半夏 陈皮 茯苓 川芎 柴胡  黄芩 丹参 瓜蒌 厚朴 炙甘草 葛根 生姜  开了四天，吃了两天，还是焦虑和抑郁，请李医师指教。</p>",
                  "level": 3,
                  "highlight": false,
                  "children": [
                    {
                      "id": "5540846124f7ed3dcd4e3923a139b2c0",
                      "author": "andy",
                      "time": "2015年07月13日 09:17",
                      "content": "<p>我不知道這位中醫開方的用意為何，所以不適合多加評論。</p>",
                      "level": 4,
                      "highlight": true,
                      "children": []
                    }
                  ]
                },
                {
                  "id": "db4b776634ecd9ecbad4992fdb78a296",
                  "author": "andy",
                  "time": "2015年07月13日 09:11",
                  "content": "<p>黃連阿膠雞子黃湯科學中藥粉劑的效果比較差，不容易發揮阿膠及蛋黃兩味藥的藥性，不過，可以先試一試。然而，這裡黃連阿膠雞子黃湯是不是最適合的方劑，那就另加別論了。</p>",
                  "level": 3,
                  "highlight": true,
                  "children": [
                    {
                      "id": "c3138bf355bfc600aff90d1c014f2527",
                      "author": "医者扶阳",
                      "time": "2015年07月20日 22:38",
                      "content": "<p>谢谢李医师，</p>",
                      "level": 4,
                      "highlight": false,
                      "children": []
                    }
                  ]
                }
              ]
            }
          ]
        }
      ]
    },
    {
      "id": "97cd8deec933d367be81c74fb511c939",
      "author": "魯豆腐",
      "time": "2015年07月17日 19:40",
      "content": "<p>我搜尋了張仲景遇上斯坦褔卻沒找到第三集以後的節目</p>",
      "level": 0,
      "highlight": false,
      "children": [
        {
          "id": "1fd050feb17459785401f60f0e210a3a",
          "author": "andy",
          "time": "2015年07月19日 13:14",
          "content": "<p>我已經跟電視台反應了，工作人員可能忙忘了，應該很快會上傳，謝謝你的提醒！</p>",
          "level": 1,
          "highlight": true,
          "children": [
            {
              "id": "d6bd4377db7f9809274053a7b981fe2e",
              "author": "魯豆腐",
              "time": "2015年07月19日 17:53",
              "content": "<p>謝謝 Dr.李 百忙中的回應</p>",
              "level": 2,
              "highlight": false,
              "children": []
            }
          ]
        }
      ]
    },
    {
      "id": "5b18461c7ffa3dee4eb1e4b879147b0a",
      "author": "阿汪",
      "time": "2016年09月29日 20:50",
      "content": "<p>請問, 現在可以連結上 YOUKU 了嗎? 我都找不到!</p>",
      "level": 0,
      "highlight": false,
      "children": [
        {
          "id": "3f4e545b22e45bb4cd22e83968f11e67",
          "author": "andy",
          "time": "2016年09月30日 10:30",
          "content": "<p>Youku一直上不了，可能和這個電視台的某些政治立場有關，雖然我個人不介入政治討論，大概這個電視台所有的節目都被擋下來。</p>",
          "level": 1,
          "highlight": true,
          "children": []
        }
      ]
    }
  ],
  "page": 53,
  "order": 1,
  "filename": "data\\page52\\page52_order10_5b18461c7ffa3dee4eb1e4b879147b0a.json"
}