{
  "article_url": "https://andylee.pro/wp/?p=9065",
  "title": "廣州中醫藥大學 第十屆國際經方班",
  "content": "<p>幫忙主辦單位宣傳一下即將舉辦的大型中醫研討會。著名的廣州中醫藥大學「國際經方班」，今年已經是第十屆了，這次因為新冠疫情而改變大會形式，居住於廣州的特邀專家和報名醫生們可以親自到現場參與，而廣州以外人士以視頻方式參加。大會分三個週日舉行，：11月15日、11月29日、12月13日。</p>\n<p>大會工作同仁們告訴我演講錄製的方式，卻還沒告訴我一般大眾如何報名參加，但因為第一場幾天後就要開始了，我在這裡先行公佈，有興趣報名參加的人可以直接聯絡廣州中醫藥大學。</p>\n<p>更新：主辦單位表示，網上參加不需要事先報名，用微信掃下方二維碼即可。</p>\n<figure class=\"wp-block-image size-full\"><img alt=\"\" class=\"wp-image-9064\" decoding=\"async\" fetchpriority=\"high\" height=\"2560\" sizes=\"(max-width: 591px) 100vw, 591px\" src=\"https://andylee.pro/wp/wp-content/uploads/2020/11/mmexport1605120509209-scaled.jpg\" srcset=\"https://andylee.pro/wp/wp-content/uploads/2020/11/mmexport1605120509209-scaled.jpg 591w, https://andylee.pro/wp/wp-content/uploads/2020/11/mmexport1605120509209-69x300.jpg 69w, https://andylee.pro/wp/wp-content/uploads/2020/11/mmexport1605120509209-473x2048.jpg 473w\" width=\"591\"/></figure>\n<figure class=\"wp-block-image size-large\"><img alt=\"\" class=\"wp-image-9074\" decoding=\"async\" height=\"308\" sizes=\"(max-width: 244px) 100vw, 244px\" src=\"https://andylee.pro/wp/wp-content/uploads/2020/11/QR-Code.jpg\" srcset=\"https://andylee.pro/wp/wp-content/uploads/2020/11/QR-Code.jpg 244w, https://andylee.pro/wp/wp-content/uploads/2020/11/QR-Code-238x300.jpg 238w\" width=\"244\"/></figure>",
  "article_time": "2020年11月11日 12:11",
  "comments": [
    {
      "id": "af831e5827ab8ab83025e8c231ded28a",
      "author": "宋康生",
      "time": "2020年11月11日 21:12",
      "content": "<p>有興趣報名參加,</p>",
      "level": 0,
      "highlight": false,
      "children": []
    },
    {
      "id": "4bfe49834d7f6d4ff9322f5776b63ce0",
      "author": "淳賓",
      "time": "2020年11月12日 12:22",
      "content": "<p>會有直播或回放嗎？</p>",
      "level": 0,
      "highlight": false,
      "children": [
        {
          "id": "275ea05138bdec715e2a62b002bc2dba",
          "author": "粉絲",
          "time": "2020年11月12日 19:59",
          "content": "<p>可以的，可以掃描文章，下方的二維碼</p>",
          "level": 1,
          "highlight": false,
          "children": []
        }
      ]
    },
    {
      "id": "0fe6a82c0f226944211100c7ac111fd6",
      "author": "xianglei",
      "time": "2020年11月12日 20:37",
      "content": "<p>感谢老师就算不能亲临现场，能看到直播也是莫大的荣幸呀！</p>",
      "level": 0,
      "highlight": false,
      "children": []
    },
    {
      "id": "7eda4dffbd7525103dc944b445d6ea07",
      "author": "sherry wei",
      "time": "2020年11月14日 06:30",
      "content": "<p>李宗恩教授，请问未经西医任何治疗但已破溃翻花的乳腺癌还有希望救治吗?中国重庆患者微信号13271932919向您求救!谢谢!</p>",
      "level": 0,
      "highlight": false,
      "children": [
        {
          "id": "06944c7524109813f2aee6af5aa468a7",
          "author": "李宗恩",
          "time": "2020年11月14日 11:27",
          "content": "<p>應該還有希望，但是遠程看診很困難，而我也不在微信或網路上看診。</p>",
          "level": 1,
          "highlight": true,
          "children": []
        }
      ]
    },
    {
      "id": "e909cd70075dc4c99cbd2c2b831de3b3",
      "author": "sherry wei",
      "time": "2020年11月14日 19:11",
      "content": "<p>谢谢李宗恩教授亲回!请问可有推荐的国内的医生吗?(例如杨贞)我一直深信倪师中医治癌的思路，所以6年来一直中医治疗，但苦于找不到良医，病情还在发展。只可惜您深得倪师的真传却又遥不可及。垦请李宗恩教授能为我指条生路!跪谢!</p>",
      "level": 0,
      "highlight": false,
      "children": [
        {
          "id": "a5efdadba92545bd6f6f909cfa78cdf1",
          "author": "李宗恩",
          "time": "2020年11月14日 20:25",
          "content": "<p>很抱歉，我對大陸情況不熟，楊貞醫師只教學，不對外看診。</p>",
          "level": 1,
          "highlight": true,
          "children": [
            {
              "id": "527c3ef41be93eef3d8332c8ff18cbdb",
              "author": "sherry wei",
              "time": "2020年11月15日 19:37",
              "content": "<p>唉，叹我如此信任中医的患者却无医可治!最终可能不得已走上西医不归路!李教授等少数高医，医术再高，也不能扭转中医颓废的大势所趋的现状!可悲可叹!</p>",
              "level": 2,
              "highlight": false,
              "children": [
                {
                  "id": "14474a2a7814cdce6393182bd709c2d9",
                  "author": "ET",
                  "time": "2020年11月16日 04:21",
                  "content": "<p>据我所知天津的吴雄志教授有治疗乳腺癌和消化系统肿瘤，他是中西汇通派的，西医检测，中药治疗。柳州的王三虎教授也专注以经方治疗癌症多年，但是他的论述比较多是肺癌和大肠癌的，当然各种肿瘤也有涉及。<br/>\n以上也只是我听过的大陆医师，仅仅供您参考，您还是要多方打听了解才做您自己的医疗决定。</p>",
                  "level": 3,
                  "highlight": false,
                  "children": [
                    {
                      "id": "b75fe82860d7cb9a8e73e405cb618b37",
                      "author": "sherry wei",
                      "time": "2020年11月16日 17:00",
                      "content": "<p>谢谢ET热心!谢谢提供吴雄志教授信息，我去打听一下。关三虎我网诊过，网诊比较马虎，就叫吃他的药试，而且他说也没治过我这种病。谢谢!</p>",
                      "level": 4,
                      "highlight": false,
                      "children": []
                    }
                  ]
                },
                {
                  "id": "5b4e3e462f270058fcb500227ab4756a",
                  "author": "李宗恩",
                  "time": "2020年11月18日 11:35",
                  "content": "<p>問題的癥結至少有兩個：（1）中醫教育方系統有問題，導致一般中醫教授偏重科研論文，非臨床療效，而中醫大學教出來的學生，普遍臨床功力不足，卻也不知道改如何改進；（2）中醫亂象過多，太多偽大師、網紅式中醫、吃這個按那個的似是而非的網路文章等等，導致一般民眾不知所措。</p>",
                  "level": 3,
                  "highlight": true,
                  "children": [
                    {
                      "id": "9983c4b6a00aefa01c08f2a52f49ec38",
                      "author": "古中医爱好者",
                      "time": "2020年11月18日 19:58",
                      "content": "<p>李医师，您说到点子上了，有看到上海中医药大学开始考等级—就是《中医经典等级考》，猜想或是伤寒和金匮这样的经典。</p>",
                      "level": 4,
                      "highlight": false,
                      "children": []
                    }
                  ]
                }
              ]
            }
          ]
        },
        {
          "id": "4396ce68944d855bcf7edcd114a1f820",
          "author": "ieitZYB",
          "time": "2020年11月16日 23:19",
          "content": "<p>成都正安了解一下</p>",
          "level": 1,
          "highlight": false,
          "children": []
        }
      ]
    },
    {
      "id": "36234db6a393a2f2e834973815df8eeb",
      "author": "李晨",
      "time": "2020年11月14日 20:46",
      "content": "<p>李医生，给你发的邮件看到了吗？能给一个回复指导方向吗？再次谢谢了。</p>",
      "level": 0,
      "highlight": false,
      "children": [
        {
          "id": "da1b9f41ed2d6fe6f98d44fa0bdeac44",
          "author": "李宗恩",
          "time": "2020年11月14日 21:57",
          "content": "<p>很抱歉，診所收到很多詢問的來函，我無法針對個案一一討論。</p>",
          "level": 1,
          "highlight": true,
          "children": []
        }
      ]
    },
    {
      "id": "1df5cb585452307ee93e0e425a4be97c",
      "author": "李晨",
      "time": "2020年11月14日 23:46",
      "content": "<p>算了吧缘分未到，也许像杂症还伴随着生理心理各个环境问题。医者需要付出很多精力来帮助一个人恢复正常的生活。<br/>\n对医生也是一笔不小的麻烦。<br/>\n但我会对生活有信心的！不会被疾病打倒的！</p>",
      "level": 0,
      "highlight": false,
      "children": []
    },
    {
      "id": "89f501ef1ae5d566205689a29279415f",
      "author": "古中医爱好者",
      "time": "2020年11月29日 15:49",
      "content": "<p>昨天有更新，聽了下所謂的中醫大師們的演講，無論在臨床還是理論上，以及在用藥上，用二個字形容“迂腐”。期待李俠客與朝廷命官過招。一定 會很精彩。</p>",
      "level": 0,
      "highlight": false,
      "children": [
        {
          "id": "56c773b173be9a63319405f6b264ea6f",
          "author": "李宗恩",
          "time": "2020年11月29日 16:15",
          "content": "<p>自古這都是一個很麻煩的問題。與不良的朝廷命官唱和，大失俠客風範及使命，然而，與朝廷命官過招，即使贏了，也會被朝廷緝拿追殺。兩者之間，得找出一個平衡點，才能改變現狀，重振江湖。</p>",
          "level": 1,
          "highlight": true,
          "children": []
        }
      ]
    },
    {
      "id": "f00aa8a2a47dff59710657eb6720f852",
      "author": "古中医爱好者",
      "time": "2020年11月30日 03:21",
      "content": "<p>為難李醫師了，您的演講將是最精彩的，同時找那個平衡點，以您的智慧不難啦。一位博士導師在講，《有病名，有病機，還有核心病機》，中醫西醫化，做統計分析。在懷疑，他有沒有讀過《黃帝內經》《神農本草經》《傷寒雜病論》這些古典經典。博士生導師導出的是嘴炮很厲害的，但臨床上就是不堪一擊的大陸中醫。其實台灣中醫泰斗也說，把故宮珍藏的太醫的處方–做通方，誒！是不是該滿門抄斬，秋後問斬。幸好，緩期一年執行。俠客重振江湖，路途艱難，但作為倪師和李醫師的粉絲，永遠支持——鐵粉。</p>",
      "level": 0,
      "highlight": false,
      "children": [
        {
          "id": "2d48175d8639a902219310d7d8a66e53",
          "author": "李宗恩",
          "time": "2020年12月03日 09:55",
          "content": "<p>感謝你的支持及鼓勵，昨天網上錄製的第十届經方班的演講。</p>",
          "level": 1,
          "highlight": true,
          "children": []
        }
      ]
    }
  ],
  "page": 18,
  "order": 1,
  "filename": "data\\page17\\page17_order10_b75fe82860d7cb9a8e73e405cb618b37.json"
}