{
  "article_url": "https://andylee.pro/wp/?p=10730",
  "title": "PTSD 創傷後壓力症候群",
  "content": "<p>PTSD：post traumatic stress disorder，中文翻譯為創傷後壓力症候群，通常是在人遇到重大傷害、災難、戰爭等以後，心理受到極大的打擊，導致事後多年逃不出當時的陰影，日常生活中，本來看起來不相關的小事情，卻可以觸動病人極大的心理反應，讓病人再度陷入當年的恐懼及緊張，譬如一些小聲音可以讓曾經槍林彈雨的退役軍人重新陷入當年戰場上的心靈創傷。</p>\n<p>這位印度裔男士，在美國出生及成長，典型的高科技工程師。初診時，他告訴我他有 PTSD，十多年來一直陷於恐懼害怕當中，爲了剋服心理的問題，多年來練習靜坐、太極和氣功，也試著多了解古印度的修行法門。病人說，因爲他出生在美國，一直以高科技人自居，本來根本不相信這些東西，連他自己印度血統下的古老智慧也視如敝屣。然而，這幾年下來，接觸及練習了許多，明顯感受到身體及心理的反應，讓他逐漸相信了這些古老的智慧，這次是在他太極老師的推薦下來找我看診。</p>\n<p>看診一開始時，或許出於恐懼，病人似乎不願意多談，刻意避免討論他PTSD的起源。然而，看得出來病人不是退役軍人，也不像曾經遇到過大車禍等外傷，我試著在不傷害病人的情況下，慢慢引導病人放下心防來告訴我當年遇到了什麽樣的重大事件。幾次試探下，病人用很微弱的語氣，好不容易地說了一句，說他在十多年前親眼目擊了一場辦公室謀殺案件。這讓我心中一驚，因爲舊金山灣區十多年來，最重大的辦公室謀殺案件是SiPort案件，而我曾經的工作夥伴及朋友正是其中一位受害人。一問之下，果然是SiPort案件，而基於我和受害人的關係，病人開始敞開心胸和我細述當時的情況。</p>\n<p>2008年11月，初創公司SiPort的一位華裔工程師因爲工作表現不佳，在一個周五的早上被工程副總正式辭退。這位工程師收拾私人物件後離開了公司，幾個小時後又回到公司，想要找公司主管討個公道。 SiPort的執行長、工程副總及人事主管請這位前員工到會議室來討論，沒想到不到幾分鐘，這位工程師拿出一把手槍，當場以處決的方式槍殺了他們三位！而這位SiPort的執行長Sid Agrawal曾經是我的工作夥伴，在我創辦第一家高科技公司時，在投資人的推薦下，我延攬Sid爲我們的執行長，我們因而成了忘年的好朋友。數年後，<meta charset=\"utf-8\"/>Sid再度應投資人的請求，接下SiPort<meta charset=\"utf-8\"/>執行長的職位，那時他希望我擔任<meta charset=\"utf-8\"/>SiPort的首席科技長CTO，我因為有自己的生涯規劃，沒有接受Sid的邀約。</p>\n<p>這位印度裔的病人，當時不但是SiPort的員工，上班的座位就在會議室旁邊，在極近的距離下，親眼目擊這個凶殺案的過程。當時是他打電話報警的，而且那個時候人命關天，911緊急中心的派遣員要他立即去檢查三位受害人是否還活著。病人回憶說，當時他有了靈魂出竅的經驗，雖然他的身體顫抖地在血泊中檢查三位同事的脈搏，他的靈魂卻漂浮在空中，觀看自己身體的所有動作。</p>\n<p>我們不能確定這位病人是不是真的有靈魂出竅的經驗，但依據現在科學對大腦的認知，當人在高度危機的情況下，大腦對可敘述内容（declarative）的記憶會大幅下降，對非可敘述内容（non-declarative）的記憶會大幅上升。也就是說人腦無法清楚記住高度危機情況下事件的真實細節，但卻會長久記住當時的心理感受。這個現象被認爲是PTSD的主要原因，因爲大腦中只有事件内容模糊的記憶，很容易和其它事情搞混在一起，譬如敲打的噪音被連接到模糊的爆炸聲音記憶，立即引動强烈恐懼感覺的記憶。或許這位病人口中的靈魂出鞘經驗只是大腦模糊記憶下的產物，但他PTSD的强烈恐懼是極度真實的，無法被長久時間給冲淡。</p>\n<p>中醫怎麽治療PTSD？這其實是個錯誤的問題，中醫不以西醫病名來治病，不是PTSD、憂鬱症、迫害妄想症等的精神問題就這樣治、那樣治，更不是聽到病人恐懼就補腎、易怒就清肝，而是得深入了解病人各種症狀，推論身體內部有哪些問題。即使是心理的疾病，生理上一定也有失去平衡的地方，讓我們可以從那下手治療。這位病人下焦濕寒、脾虛、肝血虛、肺氣不宣等等，雖然都不嚴重，合在一起卻讓病人身體顛三倒四，臟腑運作失去協調，治療上當然也以病人的生理問題為主，而不是想著哪些中藥材可以改變病人的大腦運作、增加多巴胺分泌等等。</p>\n<p>病人第二次看診時告訴我，他的情緒平穩許多，恐懼感減少，也較少被激發。病人說，他的恐懼糾結在他的胸口上下，從印度瑜珈脈輪的太陽叢（Solar Plexus Chakra）往上到心輪（Heart <meta charset=\"utf-8\"/>Chakra），再往上到喉輪（Throat Charkra）。依據病人的陳述，服用中藥後，他覺得<meta charset=\"utf-8\"/>糾結在一起的恐懼感逐漸鬆散開了，往身體外面移動。他的形容讓我很驚訝，我不確定是他<meta charset=\"utf-8\"/>靜坐冥想的層次遠高過我的想像，還是他的聯想力十足，把痰濕減少的感覺當成了脈輪的氣場改變！無論如何，病人很高興，十多年的<meta charset=\"utf-8\"/>PTSD恐懼，服用一週左右的中醫，竟然可以明顯改善，這讓病人對未來再度充滿期待與信心。</p>\n<p>對我而言，雖然現代大腦神經科學、印度瑜珈脈輪等都令人十分好奇，臨床上我還是會依照正統中醫辨證論治的方式來治療，哪天中醫傳承工作有個樣子了，或許會多花些時間研究人類文明上其它許多有趣的智慧！</p>\n<p></p>",
  "article_time": "2021年11月02日 22:30",
  "comments": [
    {
      "id": "f0323f2c70825e7b1d5de64fb8c36faf",
      "author": "Joanne",
      "time": "2021年11月02日 22:52",
      "content": "<p>李醫師您好，我自產後就很怕冷，冬天腳都是冰的，因為看了您的文章，最近試著吃科學中藥當歸四逆湯，每次一匙，腳有稍微溫暖一點，便秘似乎也有改善，但是會感覺喉嚨癢想咳嗽，某天因為工作忙疲勞，自己把脈感覺左關特別微弱，於是加了一點當歸的劑量，結果當天晚上睡覺一直起來吐痰，非常影響睡眠，想請問當歸為何會造成這種現象？那我還能繼續吃當歸四逆湯嗎？感謝您</p>",
      "level": 0,
      "highlight": false,
      "children": [
        {
          "id": "682ce5cf438dd3b7a4aef251b51a9cc5",
          "author": "李宗恩",
          "time": "2021年11月04日 19:00",
          "content": "<p>這代表你對自己健康問題的了解有限，你應該找中醫師看診，而不是自己服用當歸四逆湯。</p>",
          "level": 1,
          "highlight": true,
          "children": []
        }
      ]
    },
    {
      "id": "33d564680ea98906dae87437f7cd5611",
      "author": "Andrew Wong",
      "time": "2021年11月03日 12:35",
      "content": "<p>恭喜大医师用中医改善了PTSD的状况。</p>\n<p>黄帝内经说：五情对应五脏，五神对应五脏。这意味“情志，神”，与“脏腑功能”是有联系的操作。</p>\n<p>负面的“情志，神”影响“脏腑功能”（有如这位病患）。</p>\n<p>“脏腑功能失调”也影响“情志，神”（有如不少的老年人，因为老化，产生一些行为表现问题，比如害怕或臭骂成年的孩子要偷他的钱，或要谋杀他老人家）。</p>\n<p>我做多年的心理辅导，以上的个案我都有面对过。</p>\n<p>我记录了我的经验在以下的视频课程，有兴趣的人士欢迎参加。</p>\n<p>从一扇窗口看性格，情志，脏腑功能</p>\n<p>（ 前18个视频课程是免费观看的）</p>\n<p><a href=\"https://www.udemy.com/course/singlewindow/?referralCode=03025B18FDEF7DF970D0\" rel=\"nofollow ugc\">https://www.udemy.com/course/singlewindow/?referralCode=03025B18FDEF7DF970D0</a></p>",
      "level": 0,
      "highlight": false,
      "children": []
    },
    {
      "id": "99d3294c28ffa38521fdecce100aece6",
      "author": "Ma Rong",
      "time": "2021年11月03日 04:55",
      "content": "<p>关于“灵魂出窍”这个问题，我周围的一些亲友有一些经验分享：<br/>\n第一个是关于我的父亲。<br/>\n他一共有两次“濒死体验”，第一次是从大桥旁边的坡下滚落下去，然后感觉到灵魂离体，自己一边望天上飘，一边快速移动，移动的速度非常快，天空中的景色非常美，他的描述是“霞光万丈”。但是飘了一段时间，突然有个声音由远及近一直叫他“哥哥…哥哥…”，然后他感觉到突然有一个什么力量一把把他拉了回来，然后一睁眼，又昏过去了。当时是我叔叔（爸爸的亲弟弟）在送他去医院的路上发出的声音。<br/>\n第二次体验是在一次献血过后，晚上他躺在沙发上看电视，还喝了一些酒，半梦半醒的时候突然邻居来敲门，因为他们家的电闸坏了让爸爸去修一下，爸爸急着起身走去开门，刚开门突然觉得一晕就仰面倒在了地上，把邻居阿姨吓坏赶紧去找人救他。那个时候爸爸觉得整个人也是有往上飘的感觉，但是这次持续时间并不长，似乎连楼也没有飘出去，就被一种力量给强行拉了回来。<br/>\n第二个是关于我的博士生导师的夫人。她有一次在我们师门的聚会上和我们讨论一些超自然的现象，说她自己曾经出过一次车祸，一路走在路上，四周鲜花铺满了道路，非常漂亮。当然更多的细节她就没说了。</p>\n<p>有趣的是，无论是我父亲还是我的博导夫人，他们都认为死亡也许并不是人或者说灵魂的终点。另外，我父亲并没有任何的宗教信仰，尽管有了这种体验他也不相信任何宗教，反而更加坚定地让自己“享受”每一天人生:-&gt;</p>",
      "level": 0,
      "highlight": false,
      "children": [
        {
          "id": "e32686a68cdaecab1461d986c0ab0e8d",
          "author": "李宗恩",
          "time": "2021年11月04日 19:01",
          "content": "<p>謝謝你的分享。</p>",
          "level": 1,
          "highlight": true,
          "children": []
        }
      ]
    },
    {
      "id": "2e4ca6eb64f077f411308c0660bc908a",
      "author": "carey",
      "time": "2021年11月03日 19:28",
      "content": "<p>看了前半段就想起來了， 李醫師曾經寫過一篇文章紀念那位忘年交，估計就是這件事情吧，我對那篇文章記憶深刻， 看完那篇文章很感動很唏噓。</p>\n<p>創傷， 有時候帶給自己的影響很奇怪。幾年前一位關係很普通的同事突然被送到ICU， 最終西醫沒能挽留，她才30出頭，平時看上去很健康， 雖然關係很普通， 但那段时间， 我卻經常想到那位同事，看到空空的位子很傷感， 太年輕了。。。 沒多久， 我突然感到胃很不舒服，喝杯水都感覺到被堵住，當時也不瞭解中醫， 去了西醫院檢查說胃酸過多，吃了抑制胃酸的藥， 反復了幾次后算控制住了。</p>\n<p>说回到那位同事，原来不是“突然”， 她早就被西医诊断为“红斑狼疮”，一直吃西药控制的， 只不过瞒着公司的。 如果当初找对医生该多好， 但没有如果了</p>",
      "level": 0,
      "highlight": false,
      "children": [
        {
          "id": "89a563b25477f008c1084b3f3e56f4b5",
          "author": "李宗恩",
          "time": "2021年11月04日 19:01",
          "content": "<p>謝謝你的分享。</p>",
          "level": 1,
          "highlight": true,
          "children": []
        }
      ]
    },
    {
      "id": "a68f9bd7e9591af2c8e94763d809400c",
      "author": "古經方愛好者",
      "time": "2021年11月03日 19:45",
      "content": "<p>李醫師，您好，請教下，這樣的理解是否恰當，仲景先師在傷寒論裡的條辯，開頭就是《中風》或《傷寒》，感冒是因為中風或傷寒，但不會僅僅如此表達，好比大小青龍，有表症可以用，溢飲也有大小青龍，難道有溢飲的人真好得到發燒感冒？忽然間恍然大悟，以前讀傷寒論讀錯了，僅僅限制在文字表面。仲景先師是想說，這個人有溢飲，曾經傷於寒，時間久了，肺氣不宣，津液運作不好，造成四肢有水腫，到底用大青龍還是小青龍，得去辨證，肺家有熱用大青龍，有寒就用小青龍。請李醫師指點，感謝！</p>",
      "level": 0,
      "highlight": false,
      "children": [
        {
          "id": "e8c7676c26b60392ed16c8d1ff99ab3a",
          "author": "李宗恩",
          "time": "2021年11月04日 19:11",
          "content": "<p>我已經說過很多次，不要只把傷寒論當作症狀對應藥方，那是錯誤的，得去深入了解背後代表的生理病理學，譬如小青龍湯中每一味中藥到底對身體有什麼影響、這樣的組合到底改變身體內部的什麼東西？另外，沒有什麼「古經方」，經方就是經方，不要被網路上亂七八糟的資訊給洗腦了，如果你學習中醫一陣子了，你對中醫的理解仍停留在你這個問題的程度，那你應該思考你的學習方法是否正確。</p>",
          "level": 1,
          "highlight": true,
          "children": []
        }
      ]
    }
  ],
  "page": 12,
  "order": 7,
  "filename": "data\\page12\\page12_order6_89a563b25477f008c1084b3f3e56f4b5.json"
}