{
  "article_url": "https://andylee.pro/wp/?p=2833",
  "title": "KTSF：今夜有話要說 熟讀經典 拿人生試卷高分",
  "content": "<p><a href=\"https://andylee.pro/wp/wp-content/uploads/2015/05/Screen-Shot-2015-05-23-at-4.46.36-PM.png\"><img alt=\"Screen Shot 2015-05-23 at 4.46.36 PM\" class=\"alignnone size-medium wp-image-2835\" decoding=\"async\" fetchpriority=\"high\" height=\"214\" sizes=\"(max-width: 300px) 100vw, 300px\" src=\"https://andylee.pro/wp/wp-content/uploads/2015/05/Screen-Shot-2015-05-23-at-4.46.36-PM-300x214.png\" srcset=\"https://andylee.pro/wp/wp-content/uploads/2015/05/Screen-Shot-2015-05-23-at-4.46.36-PM-300x214.png 300w, https://andylee.pro/wp/wp-content/uploads/2015/05/Screen-Shot-2015-05-23-at-4.46.36-PM.png 640w\" width=\"300\"/></a></p>\n<p>https://www.youtube.com/watch?v=xRjg0nwFdd0</p>\n<p> </p>",
  "article_time": "2015年05月23日 16:45",
  "comments": [
    {
      "id": "4fd00563f16aa74a9af8ddf06add2776",
      "author": "魯豆腐",
      "time": "2015年05月23日 17:48",
      "content": "<p>不但要熟讀，還要能融會貫通、臨機應變，才可能適存於任何險惡的環境</p>",
      "level": 0,
      "highlight": false,
      "children": []
    }
  ],
  "page": 54,
  "order": 3,
  "filename": "data\\page54\\page54_order2_0792ee0b7294aa6e197ebe0a3dbbc691.json"
}