{
  "article_url": "https://andylee.pro/wp/?p=5636",
  "title": "如何學習中醫臨床看診（3/3）",
  "content": "<figure class=\"wp-block-image is-resized\"><img alt=\"\" class=\"wp-image-5543\" decoding=\"async\" fetchpriority=\"high\" height=\"280\" sizes=\"(max-width: 580px) 100vw, 580px\" src=\"https://andylee.pro/wp/wp-content/uploads/2019/04/Screen-Shot-2019-04-27-at-8.54.22-PM.png\" srcset=\"https://andylee.pro/wp/wp-content/uploads/2019/04/Screen-Shot-2019-04-27-at-8.54.22-PM.png 793w, https://andylee.pro/wp/wp-content/uploads/2019/04/Screen-Shot-2019-04-27-at-8.54.22-PM-300x145.png 300w, https://andylee.pro/wp/wp-content/uploads/2019/04/Screen-Shot-2019-04-27-at-8.54.22-PM-768x372.png 768w\" width=\"580\"/></figure>\n<p>上兩次，我們從「蒐集資料」、「模式識別」、「中醫病理」開始討論中醫臨床看診的思維模式，再從「整體評估」、「現實條件」到「治療策略」，讓大家了解臨床看診不只僅僅是知識的應用，還得兼顧處理人事物的藝術。從臨床的角度來看中醫，可以讓初學中醫的讀者知道一個大方向，對於學習內容的先後緩急有些基本概念，不至於見樹不見林，不像許多初學中醫者，看了很多書，背了很多內容，真的面對病人時，卻覺得虛無飄渺，即使知道自己所學不足，也不知道到底是哪裡不足。</p>\n<p>我們回頭來探討幾個細節。中醫病理部份，絕大多數學習中醫的人都認為「黃帝內經」為中醫最重要的經典，確實是的，「黃帝內經」包含了很多重要的中醫理論，雖然基於當時社會文化背景，「黃帝內經」和其它許多古書一樣，譬如論語等，都是以對話的方式來陳述，黃帝提一個問題，岐伯回答一個問題等等，這樣的寫作方法和現代科學教科書很不一樣，但是卻不影響它的邏輯性，是學習中醫必讀的經典。很多人一旦接觸了「黃帝內經」就非常驚艷，非常想整理出各種條理、對稱性、五臟六腑和天地各種事物的對應等等。這無可厚非，然而，有些人，特別是那些以前很會唸書的人，會非常想找出完美的理論，破解整個人類密碼似的，不斷地往一個字一句話裡鑽，而「黃帝內經」畢竟是一兩千的古書，或許部分遺失，或許部分誤傳，許多地方不太對稱、甚至好像有衝突，有些人會花很多時間與精力去研究，而忽略掉臨床上的實證與應用，念了幾年下來，可以說得頭頭是道，臨床卻一塌糊塗。我最怕這樣的人來教中醫，中國大陸電視台有許多講解中醫古籍的節目，講員說得非常好聽，舉了很多有趣的故事，然而仔細研究一下，卻發現這些講員沒有什麼臨床治療重症急症的經驗，內容往往流於形而上的理論，反而誤導了初學中醫的人。這也是為什麼我們鼓勵大家直接讀「黃帝內經」等中醫經典，而不是只讀別人整理好的一堆圖表，或現代教科書內漂漂亮亮、對稱工整的內容，必須自己從原文前前後後的內容（context）中去理解，從臨床經驗中去體會。</p>\n<p>接下來，「模式識別」的部份，東漢張仲景編撰的「傷寒雜病論」，也就是後代分成兩冊的「傷寒論」和「金匱要略」，是中醫另一本偉大的經典，也是學習「模式識別」最好的第一本書。和「黃帝內經」相比之下，「傷寒雜病論」的用字遣詞白話許多，加上有對應的治療方劑，「實用性」大增。然而，「傷寒雜病論」其實是「易學難精」，大部分的人學習「傷寒雜病論」時，都落入了「連連看」的模式。最常看到的情節是，初學者看到了太陽篇一開始對外感問題的論述，覺得太神了，桂枝湯、葛根湯、麻黃湯、小青龍湯等，加上很簡單的症狀連連看，竟然可以在短短幾天內治好西醫都束手無策的感冒，讓四周的親朋好友同事大大佩服，初學者就以為這就是學習中醫的方法，後面許多的章節也不用仔細研讀了，遇到了什麼病症，再去查看書中各個方劑的症狀列表。結果，真的遇到複雜一些的問題時，越治越糟，開始對中醫感到失望，漸漸就不學了，或者改用西醫的診斷為依據，再看看書上網上說這西醫病名用那個中醫方劑，反正就只是賺錢過日子，真的有問題就叫病人去看西醫。曾經有一位中醫教授，大剌剌到處告訴學生，「傷寒論」不就是治療感冒嘛，現在抗生素那麼方便，吞兩粒抗生素就解決了！</p>\n<p>研讀「傷寒雜病論」時，除了文字上直接的敘述以外，至少得加上另外兩個主軸。第一個主軸是病理上前因後果、來龍去脈的探討，「傷寒雜病論」的病理論述是從「黃帝內經」而來，研讀起來，自然得和「黃帝內經」比對、並進。第二個主軸是從方劑內每一味藥材的選取、劑量、用意，反推原本看似簡單的病症敘述到底在說些什麼，在臨床治療上有什麼深一層的意義等，這又得和「神農本草經」及其它討論藥材的書籍一併研究。然而，以現在科學教科書的撰寫標準而言，「傷寒雜病論」比較像是上課筆記，沒有好的老師來帶領學生研讀，初學者很難真的深入其中的精髓。「金匱要略」的部份更是如此，學不好的人以為雜亂無章，學得好的人卻如獲至寶，臨床上可以幫助很多病情複雜又危急的病人。這十年來，「經方」在中國大陸中醫界非常火紅，然而，大多數的學習與研究還是圍著「傷寒論」的六經傳變打轉，對「金匱要略」的著墨相對少很多，非常可惜。</p>\n<p>有了「黃帝內經」和「傷寒雜病論」的基礎後，「蒐集資料」、望聞問切的大方向及項目也就比較有頭緒，歷代也有不少很好的書籍討論，值得好好研讀、參考，我們就不在這裡一一介紹。重點是，不要偏執在望聞問切的某個單一項目，四診合參，蒐集資料的廣度及深度越足夠，「辨證」越能準確。這裡最常看到的「誤區」就是想找個「Holy Grail」，脈診儀也好，經絡儀也好，人體導電儀也好，人體能量頻譜分析儀也好，希望有個什麼神奇的儀器，接到病人身上，所有問題都「一目了然」。中醫「脈聖」李時珍在所寫的「瀕湖脈學」裡，開宗明義就劈頭大罵當時的大夫過度渲染脈診，而不知道望聞問切、四診合參，後代人只看到李時珍寫的27種脈象，卻忘了他當時的感慨與教誨。換句話說，即使有人做出了完美的脈診儀，也不可能對複雜的病情「一目了然」。即使大量使用科技儀器的西醫，也沒有什麼儀器可以做到對病情「一目了然」，更何況從「掌握病情」到「實質治療」，又是一個鴻溝擋在中間。</p>\n<p>上面的討論裡，我們沒有特意提到針灸。然而，針灸、經絡是中醫非常重要的一部分，「黃帝內經」包含了不少經絡的論述，而從「蒐集資料」、「模式識別」到「治療策略」，也和經絡、針灸有緊密的關係。明代楊繼洲撰寫的「針灸大成」蒐集了歷代許多針灸的討論，配合現代針灸穴位解說圖表，是不錯的學習方向。重點是，針灸不是哪裡痛下哪裡、按哪裡，有很多的理論及治療法則，得好好「辨證論治」，不然又流為「連連看」的遊戲。有興趣的讀者，可以找一找我以前上中醫概論討論針灸的部份，或許會有些啟發，以後有時間，我們可以再專門來討論針灸的學習方法。至於推拿及其它外治療法，動手的技巧非常重要，必須請專注在這方面的專家來教導大家，我不能班門弄斧。</p>\n<p>連續三篇文章，探討如何學習中醫臨床看診，雖然洋洋灑灑寫了不少，已經可以讓初學者花上很多時間與精力，然而，真的深入「實戰教學」，還有很多很多可以討論，臨床跟診學習更是必要的一個步驟與環節。不過，初學者不用心急，從這三篇文章討論的方向先去學習，誠實面對自己，知道自己對病情的把握度，先從簡單的問題開始治療，不斷地回頭重新研讀「黃帝內經」、「傷寒雜病論」等中醫經典，你會有更深一層的體會，臨床功力也會逐漸提升，那個時候再和重症急症經驗深厚的中醫師多討論，把自己能把握的範圍（comfort zone）擴大。</p>\n<p>記住，學習中醫一定會遇到的三個階段：一開始會覺得中醫非常的神、非常的偉大，好像什麼健康問題都可以解決。慢慢的，你會發現臨床治療不是那回事，怎麼這個沒治好、那個也沒治好，開始沮喪、失去信心、甚至懷疑中醫到底是不是該像恐龍一樣被淘汰掉。這個時候不要放棄，只要你把握正確的原則與方向，繼續不斷精進自己的功力，你會走出陰霾，再度覺得中醫非常偉大，即使是複雜、危急的病例，你的療效會再次浮現，讓你覺得當初對中醫的喜愛及執著是對的、值得的。當然，到了第三個階段，代表你學習中醫的路才正式開始，就像空手道的黑帶，拿到初段黑帶，不代表你出師了、厲害了，只代表你有資格上擂台對打了，至於你能不能打贏對面那個黑帶五段的對手，那就看你自己了。</p>\n<p>總之，學習中醫是一輩子的路，當你覺得累了、懷疑自己為什麼要學習中醫時，想想當初你為什麼想學中醫？是希望幫助家人的病痛，還是憐憫世人的痛苦？「不忘初衷」，你的人生會很有意義。</p>",
  "article_time": "2019年05月07日 22:33",
  "comments": [
    {
      "id": "efc939c49b3594c9e775c3be1245b0ca",
      "author": "天雄",
      "time": "2019年05月07日 23:21",
      "content": "<p>李博，你好，有空推荐一下好书吧，太钩胃口了。</p>",
      "level": 0,
      "highlight": false,
      "children": []
    },
    {
      "id": "b9241bef2fa2d57e6e8dff3c0be2da8e",
      "author": "Ferry瑞芳",
      "time": "2019年05月08日 02:08",
      "content": "<p>Nice article !</p>",
      "level": 0,
      "highlight": false,
      "children": []
    },
    {
      "id": "df78839048905155c558d1d45d6cb28d",
      "author": "天雄",
      "time": "2019年05月08日 09:24",
      "content": "<p>李博你好，我看過太多身邊西醫所謂的不治之症在籌錢平台如輕松籌，水滴籌籌錢給西醫治后還是被奪去生命。能不能設計個類似籌錢平臺，人民買個保險，籌到的錢用於高薪聘請中醫高手教學生（病患痊癒數作為考覈標準）也用于用中醫治療病患（用給西醫治療籌的錢應該足夠撐起這兩個費用，好比如桂枝湯一服5.5，西醫治療感冒100多起步）其中的難度在于讓人民相信中醫，中藥的品質保證，以及想學中醫的人數。個人觀點單純片面，惟願經方發揚光大。</p>",
      "level": 0,
      "highlight": false,
      "children": [
        {
          "id": "2882369cd71bdeff0b6564d45a78c73d",
          "author": "andy",
          "time": "2019年05月12日 19:24",
          "content": "<p>中醫保險及眾籌平台幫助需要的病人，是很好的想法，可是實際上會有許多問題，以中醫之名來行騙的人很多，造成社會大眾不信任中醫及類似這樣的保險眾籌平台，這樣平台也可能被不肖之人利用。</p>",
          "level": 1,
          "highlight": true,
          "children": []
        }
      ]
    },
    {
      "id": "bf27a583b6ba7dfc6a696705f94a6bfc",
      "author": "migi",
      "time": "2019年05月08日 19:08",
      "content": "<p>李醫師您好  感謝您發了這一系列如何學習中醫臨床看診的文   對我幫助很大   我想請問  在蒐集病人病況的階段  您會把西醫的檢驗報告納入參考嗎?  我最近遇到一個CASE 病人外觀無陽黃或陰黃   但驗血確顯示膽紅素過高  西醫認為有黃疸  這樣要如何納入中醫的診斷中呢?</p>",
      "level": 0,
      "highlight": false,
      "children": [
        {
          "id": "d3c45d5d04a31a8172947e5bc7b35d54",
          "author": "andy",
          "time": "2019年05月12日 19:30",
          "content": "<p>中醫辨證論治是不靠西醫報告的，然而，西醫報告還是可以參考，可以反過來想想，是什麼內在原因會導致西醫檢驗出某些現象，只是治療上，不要被拉到西醫的思維，而失去了中醫自己的核心方向。像你問到的驗血確顯示膽紅素過高，或者驗尿發現尿液中紅血球過高等等，是可以參考的。</p>",
          "level": 1,
          "highlight": true,
          "children": []
        }
      ]
    },
    {
      "id": "10a7f1f094a05c3e384ad740fb1fd73d",
      "author": "內經初學者",
      "time": "2019年05月09日 13:02",
      "content": "<p>謝謝李醫師！我看到史丹佛追尋張仲景。</p>\n<p>對待中醫乃至任何學科要掌握：學習與實踐、書本與現實、精髓（神）與表象（形）的關係。</p>\n<p>我還想藉用Abraham Joshua Heschel 的名言 “Wonder rather than doubt is the root of all knowledge. ”</p>",
      "level": 0,
      "highlight": false,
      "children": [
        {
          "id": "0240cc735ae0f9f0e0bb541d900cf98a",
          "author": "andy",
          "time": "2019年05月12日 19:35",
          "content": "<p>謝謝你的鼓勵與支持。</p>",
          "level": 1,
          "highlight": true,
          "children": []
        }
      ]
    },
    {
      "id": "679da60e9930715b4e5659a4a51f037f",
      "author": "lmc",
      "time": "2019年05月11日 23:18",
      "content": "<p>李医师，近些天不管是股市还是市场，人造肉都开始掀起了不小的风浪，李嘉诚，比尔盖茨等大资本家都在投资这一领域，成分如下，豌豆蛋白+椰子油 制成素食肉饼这才完成了33%，再添加马铃薯蛋白和小麦淀粉完成66%，再加入血红素（和原色，气味）完成100%,看起来很科学，这种合成的东西在中医里面是不成立的，在这样一个逐利的时代，什么都是围着资本转，是社会的扭曲，还是名气的副作用，（所谓的引领作用）没有正确的方法指引，危害人类健康换来的财富可取吗！！！！</p>",
      "level": 0,
      "highlight": false,
      "children": [
        {
          "id": "a7f64d187f09695a4e9ad87f6d8bb790",
          "author": "andy",
          "time": "2019年05月12日 19:37",
          "content": "<p>人類社會在改變，許多本來以為是幫助人類的事情，幾十年後才會發現問題，這種事情在人類歷史上，不斷的重複發生。</p>",
          "level": 1,
          "highlight": true,
          "children": []
        }
      ]
    },
    {
      "id": "f4bb20d2f506d9f9dc91f317df6c9927",
      "author": "任彦博",
      "time": "2021年07月07日 20:14",
      "content": "<p>李博士，能否出一本关于中医生理学的小册子</p>",
      "level": 0,
      "highlight": false,
      "children": [
        {
          "id": "924554e9f916a004339f07c4eee4c669",
          "author": "李宗恩",
          "time": "2021年07月10日 20:23",
          "content": "<p>中醫生理學是整本黃帝內經及許多其它的書！</p>",
          "level": 1,
          "highlight": true,
          "children": []
        }
      ]
    },
    {
      "id": "50b45ecd467e2d5574c634c64a6450f5",
      "author": "张",
      "time": "2021年07月09日 12:29",
      "content": "<p>您的《当张仲景遇上史丹佛》简体横排版，有计划出版吗？</p>",
      "level": 0,
      "highlight": false,
      "children": [
        {
          "id": "47c1e26a51c6c13215343fe071a118cc",
          "author": "李宗恩",
          "time": "2021年07月10日 20:24",
          "content": "<p>中國輕工業出版社已經簽約發行，不過，他們表示台灣作者的書籍，等政府核准書號得等很久。</p>",
          "level": 1,
          "highlight": true,
          "children": []
        }
      ]
    },
    {
      "id": "568bef63933447885af262607be62609",
      "author": "张",
      "time": "2021年08月10日 12:56",
      "content": "<p>我们会耐心等待，但是您的书，和作为传统中医的未来，将会被打压的更加凶猛，昨天国家中医药管理局上任了最年轻的副局长，专长中药资源与分子生药专家</p>",
      "level": 0,
      "highlight": false,
      "children": []
    },
    {
      "id": "6ef88e83b9ea3367be248d049f00a63c",
      "author": "白栩仰",
      "time": "2024年08月15日 03:25",
      "content": "<p>感恩李老師，您的這篇文章我讀了好多遍，為了方便閱讀打印成了紙質的，每一次的低谷期我都會仔細閱讀一遍，給自己鼓勵加油。我今年三十九歲，現在已全職學習倪老師的課程兩年多，我知道這條路很辛苦很漫長，記憶力也大不如以前，但我會一直堅持下去。您的文章我都流覽了一遍，因為網頁打開很慢，基本上都在微信公眾平臺閱讀的；倪老師讓我們對中醫学有了全新的認識，帶領我們以最正確的方式步入中醫殿堂，您讓我們在學習中又有了更進一步的深度思考和更好的學習方法。幾乎每週都會看倪老師的課程，从最初的針灸到最後的金匱，看到倪老師身體的變化讓我心裡有說不出的難受和酸楚，心情難以言表。近幾日又到了學習低谷期，說實話有些低落和焦慮；昨天晚上把您的這篇文章又看了一遍，今天元氣滿滿繼續學習。感恩倪老師！感恩李老師！</p>",
      "level": 0,
      "highlight": false,
      "children": [
        {
          "id": "23f6a6c3fe4b25c10d14f4c1baa1f0ef",
          "author": "李宗恩",
          "time": "2024年08月17日 18:38",
          "content": "<p>謝謝你的分享。</p>",
          "level": 1,
          "highlight": true,
          "children": []
        }
      ]
    }
  ],
  "page": 29,
  "order": 5,
  "filename": "data\\page29\\page29_order4_bf27a583b6ba7dfc6a696705f94a6bfc.json"
}