{
  "article_url": "https://andylee.pro/wp/?p=5859",
  "title": "FM96.1：精神疾病，除了吃藥，我們還能做什麼？",
  "content": "<figure class=\"wp-block-audio\"><audio controls=\"\" src=\"https://andylee.pro/wp/wp-content/uploads/2019/06/S-20190506精神疾病，除了吃藥，我們還能做什麼？.mp3\"></audio></figure>\n<p> （語音檔案由FM96.1電台提供，文章摘錄撰寫中，請稍加等待謝謝。）</p>\n<p></p>",
  "article_time": "2019年05月06日 11:25",
  "comments": [],
  "page": 29,
  "order": 6,
  "filename": "data\\page29\\page29_order5_03a0bbed674239448b0f9fb6390bde7e.json"
}