{
  "article_url": "https://andylee.pro/wp/?p=3595",
  "title": "FM 96.1: 東西方醫學高手撞擊的火花",
  "content": "<!--[if lt IE 9]><script>document.createElement('audio');</script><![endif]-->\n<audio class=\"wp-audio-shortcode\" controls=\"controls\" id=\"audio-3595-1\" preload=\"none\" style=\"width: 100%;\"><source src=\"https://andylee.pro/wp/wp-content/uploads/2016/06/dr_case_20160503_510-542pm_28m03s_converted.mp3?_=1\" type=\"audio/mpeg\"/><a href=\"https://andylee.pro/wp/wp-content/uploads/2016/06/dr_case_20160503_510-542pm_28m03s_converted.mp3\">https://andylee.pro/wp/wp-content/uploads/2016/06/dr_case_20160503_510-542pm_28m03s_converted.mp3</a></audio>\n<p>這次受邀台灣＂中國醫藥大學　＂創系五十周年演講，主題為＂精神與神經科＂，演講內容包含癲癇、腦膜瘤等，利用中醫治療的成功案例。這趟演講之行，最大的收獲就是與中國醫藥大學　李文華　校長，探討中醫臨床重症的治療方法，李文華　校長也促成陽氣中醫與免疫系統權威藍忠亮　教授，西醫醫院副院長，未來一併探討風濕性關節炎中西醫臨床治療成效之計畫。</p>\n<p>李文華　校長，分子醫學教授，臨床癌症專家，認為放療、化療對於癌症治療的意義與一般西醫的想法有異，在臨床上使用放射治療腦瘤癌症細胞時，癌細胞並不會馬上凋亡，而在這個過程中，凋亡的癌細胞會釋放出訊號酵素，通知其餘的癌細胞反抗，對於治療腦瘤是沒有效果。李文華　教授也提到，腦瘤唯一的治法就是開刀，當兩公分的腫瘤，必須手術十公分的傷口，將周圍的組織也一併切除，這樣才能防範癌細胞的擴展，但這種情形下，病人的存活率也大大下降。</p>\n<p>這次在台中與李文華　校長用餐中，談論到高血糖臨床上的致病原因，中醫臨床曾經利用＂紅糖＂治療過高血糖病患，這個方法竟然得到西醫背景的　李　校長認同，他也解釋，血液中的糖分，有兩個主要的去處，一是大腦、二是脾臟，紅糖屬於雙醣，李校長認為雙醣經胃腸消化後進入血液，仍是雙醣的形式，可以被脾臟吸收，這與中醫利用紅糖來健脾胃的理論相輔佐，一但脾臟獲得營養，恢復功能，自然血糖就下降。</p>\n<p>中醫理論重視體內＂水道　＂，勉強可以相對於西醫的＂淋巴系統＂，李　校長提到，西醫目前最大的盲點就是淋巴系統，淋巴液如何在體內傳遞？西醫尚未能解釋，而中醫的水道運行則是利用脾主四肢、肌肉，形成壓力差推動水道（淋巴）運行，所以臨床上，在病因不明情形下，使用＂五苓散　＂先利水道，多少對於病因會有幫助，李　校長也認為，中醫對於免疫系統的理解頗有建樹。</p>\n<p><strong>（語音檔案由FM96.1電台提供，文章摘錄自語音檔案內容，部分文字略有異同，敬請見諒。）</strong></p>",
  "article_time": "2016年05月03日 15:14",
  "comments": [],
  "page": 45,
  "order": 9,
  "filename": "data\\page45\\page45_order8_a905e2b47bdb058ac393bcfd8ea11285.json"
}