{
  "article_url": "https://andylee.pro/wp/?p=3353",
  "title": "Bye Bye, Hotel California! － 關節炎西藥副作用 害死名歌手",
  "content": "<p>上週老鷹（Eagles）合唱團主唱格林佛萊（Glenn Frey）過世，死因被認為是長期服用類風溼性關節炎的西藥，深受很多人喜愛歌曲Hotel California（<a href=\"https://www.youtube.com/watch?v=puHoadtIivc\">https://www.youtube.com/watch?v=puHoadtIivc</a>），從此帶上一層深深的傷心難過！R.I.P. Glenn Frey!</p>\n<p>目前西藥根本無法治療類風溼性關節炎，Humira及其它所謂的類風溼性關節炎西藥，充其量只是壓抑病人的疼痛，換來的是一大堆嚴重的副作用。中醫治療類風溼性關節炎及其它種類的關節炎效果很好，我個人就幫助過很多病患，我相信其他中醫師也有很多很好的關節炎病例。幾個常用於治療關節炎的基本中藥組合，不但簡單、便宜，沒有副作用，同時還不難吃，為什麼社會大眾還要被西藥廠牽著鼻子走？西藥不但治不好關節炎，反而讓病患身體更糟糕、受到更多的折磨，還把命送上了！而西醫也不去檢討他們開出去的西藥有多害人，徒然只是推卸責任地說「沒有更好的辦法」！不會治療關節炎就老實告訴病人不會治療，讓會治療關節炎的中醫來幫助病人，我們也就不用感傷地說「Bye Bye, Hotel California」！</p>\n<p> </p>\n<p><strong>世界日報：關節炎副作用 害死名歌手 </strong>（<a href=\"http://www.worldjournal.com/3691108/\">http://www.worldjournal.com/3691108/</a>）</p>\n<p>日前去世的知名老鷹（Eagles）合唱團主唱格林佛萊（Glenn Frey），15年來患有嚴重的類風溼性關節炎，他為治療此病服用的藥，是導致他去世的死因之一。</p>\n<p>佛萊的經理艾索夫（Irving Azoff）表示，佛萊為治療類風溼性關節炎而吃藥後，死於潰瘍和大腸炎造成的併發症。佛萊的大腸炎和肺炎，是吃很多藥帶來的副作用。艾索夫回憶關節炎使佛萊苦不堪言，今天膝蓋痛、明天手痛，病會沿著關節移動。與妻子辛蒂住在紐約市的佛萊，18日去世，享年67歲。</p>\n<p>佛萊的弟弟艾倫說，佛萊去年7月最後一次與老鷹合唱團在路易斯安納州表演後一個月，健康開始惡化。他結束表演後曾到夏威夷度假，但在10月腸道感染而被迫住進洛杉磯的醫院。</p>\n<p>佛萊短暫康復，甚至計畫12月在華府甘迺迪中心文化成就獎的頒獎典禮上，與老鷹合唱團再度獻唱。但是他被迫在11月初取消該活動，因為他需要開刀。同月，佛萊因嚴重肺炎而住進曼哈坦一家醫院。醫療團隊努力救他，一度讓他進入醫療性昏迷。</p>\n<p>佛萊的歌手朋友鮑勃塞格（Bob Seger）在訪問中，淚流滿面的說，醫生盡全力想挽回佛萊的生命，他的經理用盡辦法，找到八位最優秀的專科醫生治療佛萊。但是肺炎惡化，免疫系統變弱，使他原有的疾病更糟。塞格說，佛萊先染上肺炎，接著又感染更惡性的肺炎，他有時昏迷有時清醒，但無法自己呼吸。約一個月前，醫生宣告無能為力。</p>\n<p>艾倫說，佛萊對他最後在醫院的生死之戰保密到家，直到他去世才公諸於世。</p>\n<p> </p>\n<p><strong>世界日報：專家：控風濕藥物 易致感染 </strong>（<a href=\"http://www.worldjournal.com/3691111/\">http://www.worldjournal.com/3691111/</a>）</p>\n<p>專家表示，用來治療類風溼性關節炎的藥物，會使病患較易得到嚴重感染。許多這些藥有不同的副作用，包括心臟衰竭和肺結核。</p>\n<p>這是因為名為「疾病調節抗風溼藥物」（DMARDS）的最有效療法，其運作方式，是抑制病人過於活躍的免疫系統，以至於病人容易感染。</p>\n<p>老鷹合唱團主唱格林佛萊日前病逝，他的經理艾索夫稱，佛萊染上肺炎，是他吃很多藥的副作用。</p>\n<p>「關節炎基金會」消費者健康主任瑪西．歐昆（Marcy O’Koon）指出，艾索夫的講法很有可能，因為服用「疾病調節抗風溼藥物」，會讓人容易感染，而且類風溼性關節炎，本來就會提高病人感染的可能。</p>\n<p>歐昆說，服用此類藥物者要很注意，一有發燒的跡象，就應連絡醫生。</p>\n<p>專家表示，類風溼性關節炎病患需衡量藥物帶來的許多重大好處，以及嚴重的副作用。聯邦食品藥物管理局（FDA）的資料顯示，以消炎藥Humira為例，它可導致某些癌症、嚴重感染和神經系統問題的風險提高。</p>\n<p>Humira和其他類似藥物，都屬於名為「生物製劑」（biologic agents）的新藥，包括Remicade和Enbrel，這一類的藥有類似的副作用。歐昆說，副作用可能很少出現，但是仍有風險。</p>\n<p>不過，歐昆認為，對類風溼性關節炎病患而言，生物製劑藥是一大進步，不僅放緩病情惡化，也降低病患得到心血管疾病的風險。</p>\n<p>一名紐約市醫生則說，吃藥都會有危險，但是類風溼性關節炎不治療，會很嚴重，應該盡可能控制病情。</p>\n<p> </p>",
  "article_time": "2016年01月24日 22:23",
  "comments": [
    {
      "id": "128c8027c6f59a5bcf119f795eae5d59",
      "author": "魯豆腐",
      "time": "2016年01月29日 15:28",
      "content": "<p>簡潔有力的話對於大眾是最有力的告知</p>",
      "level": 0,
      "highlight": false,
      "children": []
    },
    {
      "id": "62583a8e493131d34ae231315e171d41",
      "author": "魯豆腐",
      "time": "2016年01月29日 15:31",
      "content": "<p>您的 blog title 為何不見了</p>",
      "level": 0,
      "highlight": false,
      "children": [
        {
          "id": "573517de4e644d5a2ce6347175c1df34",
          "author": "andy",
          "time": "2016年01月29日 17:17",
          "content": "<p>感謝告知！前幾天更新新版的WordPress佈景主題，可能程式沒有自動裝換customized settings，剛剛看了一下，把settings重新設定後，title就回來了！</p>",
          "level": 1,
          "highlight": true,
          "children": []
        }
      ]
    }
  ],
  "page": 48,
  "order": 2,
  "filename": "data\\page48\\page48_order1_62583a8e493131d34ae231315e171d41.json"
}