{
  "article_url": "https://andylee.pro/wp/?p=3676",
  "title": "電視訪談直播：《灣區聚焦》加州疫苗法案為何被告？",
  "content": "<p><a href=\"https://andylee.pro/wp/wp-content/uploads/2016/08/Screen-Shot-2016-08-13-at-10.54.27-AM.png\"><img alt=\"Screen Shot 2016-08-13 at 10.54.27 AM\" class=\"alignnone size-full wp-image-3675\" decoding=\"async\" fetchpriority=\"high\" height=\"434\" sizes=\"(max-width: 843px) 100vw, 843px\" src=\"https://andylee.pro/wp/wp-content/uploads/2016/08/Screen-Shot-2016-08-13-at-10.54.27-AM.png\" srcset=\"https://andylee.pro/wp/wp-content/uploads/2016/08/Screen-Shot-2016-08-13-at-10.54.27-AM.png 843w, https://andylee.pro/wp/wp-content/uploads/2016/08/Screen-Shot-2016-08-13-at-10.54.27-AM-300x154.png 300w, https://andylee.pro/wp/wp-content/uploads/2016/08/Screen-Shot-2016-08-13-at-10.54.27-AM-768x395.png 768w\" width=\"843\"/></a></p>\n<p><strong>節目內容：</strong></p>\n<p>加州強制疫苗法案（ SB-277 ）在生效的當天，加州政府便被家長團體與非營利組織「所有人的教育」（Education 4 All）告上了南加州的聯邦地區法庭。強制疫苗法案為何遭到如此強烈的反對？注射疫苗可以有效控制流行病傳播，為何有人對它望而卻步？接種某些疫苗真的會對兒童造成腦部損傷和免疫系統損傷嗎？強制學童接種疫苗的手段，是否侵犯了孩子的受教育權？是否違反了健康安全法和憲法？</p>\n<p><iframe allow=\"accelerometer; autoplay; clipboard-write; encrypted-media; gyroscope; picture-in-picture; web-share\" allowfullscreen=\"\" frameborder=\"0\" height=\"281\" referrerpolicy=\"strict-origin-when-cross-origin\" src=\"https://www.youtube.com/embed/nn_EiB61k70?feature=oembed\" title=\"《灣區聚焦》第十九期：加州疫苗法案為何被告？\" width=\"500\"></iframe></p>\n<p> </p>",
  "article_time": "2016年08月13日 10:58",
  "comments": [
    {
      "id": "54f135ec6bdf40ba1883b55edee5b65b",
      "author": "魯豆腐",
      "time": "2016年08月13日 18:47",
      "content": "<p>藥品公司的手法跟政治人物掛鈎從這點就可以知道有多緊密了</p>",
      "level": 0,
      "highlight": false,
      "children": []
    },
    {
      "id": "df6044cc44941191f093f6e009bee3b3",
      "author": "GARY",
      "time": "2016年08月17日 19:42",
      "content": "<p>李宗恩醫師您好，我近來讀到自然療法書中談過，”根管治療”過的死牙齒，會不斷釋放毒素進入體內，應將其拔除，不知您的觀點為何，謝謝!</p>",
      "level": 0,
      "highlight": false,
      "children": [
        {
          "id": "51c7bc57826f3a4c13c90ba5727454c2",
          "author": "andy",
          "time": "2016年08月18日 09:34",
          "content": "<p>這個我不是專家，雖然我看過正反兩邊的論述，也有些自己的想法，但是我不適合提出建議。</p>",
          "level": 1,
          "highlight": true,
          "children": []
        },
        {
          "id": "3761de61beaa00c08e15745642c368eb",
          "author": "James",
          "time": "2017年01月06日 06:09",
          "content": "<p>个人建议每天早上试试 Oil Pulling  油漱法</p>",
          "level": 1,
          "highlight": false,
          "children": []
        }
      ]
    }
  ],
  "page": 44,
  "order": 5,
  "filename": "data\\page44\\page44_order4_988486d330fd6a17a53dcfb36487d4ff.json"
}