{
  "article_url": "https://andylee.pro/wp/?p=3687",
  "title": "東森新聞：「中西醫合併治療奏效？醫生說出了癌末病人的心態 …」",
  "content": "<p>台灣的東森新聞把部落格上的文章「<a href=\"https://andylee.pro/wp/?p=3681\">癌末病人的心態</a>」轉載到首頁焦點新聞第一條：「中西醫合併治療奏效？醫生說出了癌末病人的心態 …」。</p>\n<p><a href=\"http://news.ebc.net.tw/news.php?nid=34543\" rel=\"nofollow\" target=\"_blank\">http://news.ebc.net.tw/news.php?nid=34543</a></p>\n<p><a href=\"https://andylee.pro/wp/wp-content/uploads/2016/09/14231195_941681682642373_6071506796204471620_o.jpg\"><img alt=\"14231195_941681682642373_6071506796204471620_o\" class=\"alignnone size-full wp-image-3686\" decoding=\"async\" fetchpriority=\"high\" height=\"799\" sizes=\"(max-width: 1030px) 100vw, 1030px\" src=\"https://andylee.pro/wp/wp-content/uploads/2016/09/14231195_941681682642373_6071506796204471620_o.jpg\" srcset=\"https://andylee.pro/wp/wp-content/uploads/2016/09/14231195_941681682642373_6071506796204471620_o.jpg 1030w, https://andylee.pro/wp/wp-content/uploads/2016/09/14231195_941681682642373_6071506796204471620_o-300x233.jpg 300w, https://andylee.pro/wp/wp-content/uploads/2016/09/14231195_941681682642373_6071506796204471620_o-768x596.jpg 768w, https://andylee.pro/wp/wp-content/uploads/2016/09/14231195_941681682642373_6071506796204471620_o-1024x794.jpg 1024w\" width=\"1030\"/></a></p>",
  "article_time": "2016年09月01日 16:53",
  "comments": [
    {
      "id": "afeeb36acc2440a1a3908d17ccfb34a4",
      "author": "魯豆腐",
      "time": "2016年09月01日 17:08",
      "content": "<p>敗筆出現在該篇報導記者加入了以下這段繼續誤導大眾的説法：<br/>\n但無論是接受中醫還是西醫治療，相信只要病人好好配合醫師的指示，<br/>\n聽從醫師的建議，對於治療都會有很大的幫助。</p>",
      "level": 0,
      "highlight": false,
      "children": [
        {
          "id": "c19c3719efa6e85f895511dfb35b57e4",
          "author": "andy",
          "time": "2016年09月01日 17:50",
          "content": "<p>記者面對不少社會壓力及法律責任，往往不得不加一些「中立性」的文字，也就不用苛責他們了。聽得進去的讀者自然聽得進去，聽不進去的讀者，即使記者一面倒向中醫也是枉然。</p>",
          "level": 1,
          "highlight": true,
          "children": []
        }
      ]
    }
  ],
  "page": 44,
  "order": 2,
  "filename": "data\\page44\\page44_order1_c19c3719efa6e85f895511dfb35b57e4.json"
}