{
  "article_url": "https://andylee.pro/wp/?p=5276",
  "title": "一個很好的教學病例（1/2）",
  "content": "<p>這就是我之前討論「喝水即嗆、卻可喝茶」的那位病患，上次簡單討論了「水逆」的「小問題」，這次我們來深入了解這個病例的細節。不過，我得聲明一下，這六年多來負責治療這位病人的西醫團隊是很認真的，用盡各種辦法來幫助病人，雖然他們的治療方法不一定是最好的選擇，也造成不少副作用和後遺症，至少他們讓病人存活下來了，我們得尊重他們的專業精神及辛苦付出。同時，倪老師師門下一位功力很好的中醫師，之前斷斷續續幫助治療，效果也很不錯，只是這一次因緣際會下，我從去年十二月開始介入，看到了一些新的變化，有些不同的治療策略，正好很適合拿來教學討論。</p>\n<p>我們先來說明一下病人這幾年發生了什麼事。這位病人，是位年長的女士，華人，住在中國大陸。2012年9月因為頭痛劇烈去西醫院檢查，發現為肺腺癌四期移轉腦瘤，進行Gamma Knife腦部治療，而肺癌腫塊起源於左肺主動脈，無法進行手術切除，改以化療為主，先使用「药铂类药」、「吉西他滨」，副作用過大，改為六次點滴注射化療，每次施行一週，停三週，期間穿插五次生物治療（Biopharmaceutical），之後一年半長期使用口服「特罗凯」標靶藥物。</p>\n<p>2014年發現原發腫瘤變大，亦在肺內擴散，決定在原發腫瘤四周植入22顆放射性碘離子，希望利用碘離子緩慢釋放的放射線來控制原發腫瘤繼續發展，不過，這個植入是不可逆的，到今天仍沒有良好的辦法把他們從人體內取出來。</p>\n<p>2014年冬天開始加入中醫治療，以病人怕冷等症狀為方向，主要使用射干麻黃湯、桔梗湯、小青龍湯、大建中湯、五苓散、當歸四逆湯等加減方。服用中藥的兩個月，病人情況穩定，除了服用化療藥物導致手腳指甲潰爛以外，可以正常生活。</p>\n<p>2015年中，西醫複檢發現癌症持續發展，擴散到右肺，再度施行住院化療「培美曲塞(力必泰)」13個療程。2015年及2016年的冬天，再度加入中醫治療，各兩個月左右，延續2014年時的思維來使用中藥，病人覺得情況良好。</p>\n<p>2017年初又加服用一個月的試驗性化療藥物「9291」，參加對照實驗比較，造成頭面及身體嚴重浮腫，再度加入中醫治療，五苓散、射干麻黃湯、大建中湯、四逆湯、桂枝瓜蔞薤白湯、黃連阿膠湯等加減，一週後水腫消退，體力進步，可以買菜做飯、走路三公里。</p>\n<p>2017年3月出現大汗、嚴重胸悶、無法平躺睡覺等急性心衰竭現象，有生命危險，急診發現心臟功能不全、胸腔大量積液，做穿插排水治療，效果不彰，改以中藥治療，以茯苓四逆湯為主，病人症狀緩解，可以平躺睡覺，體力仍差，之後使用茯苓四逆湯、澤漆湯、麻黃附子細辛湯、黃連阿膠湯等加減來調養，但病人覺得服用中西藥太久，心裡開始抗拒，不願多服用，中藥吃吃停停，期間亦停止服用化療藥物，但仍一直服用利尿劑、消心痛等西藥。</p>\n<p>2017年7月，因情緒問題，再度出現大汗、嚴重胸悶、無法平躺睡覺等急性心衰竭現象，西醫急救，之後中醫斷斷續續加強。</p>\n<p>2017年10月又發生同樣情況，這次直接以中醫治療，一週左右情況恢復穩定，病人開始比較信任中醫治療，願意長期服用中藥，病情穩定，唯不能劇烈運動、容易受心情影響而出現胸悶，期間沒有服用化療藥物，但還是一直服用利尿劑、消心痛等西藥。</p>\n<p>2018年6月，又再次因情緒問題，出現大汗、嚴重胸悶、無法平躺睡覺等症狀，西醫急診，住院十天，複檢發現肺癌情況穩定。這個時候，病人覺得西醫治療腫瘤及心臟衰竭效果不錯，中藥也服用了進一年，堅持不肯再服用中藥。</p>\n<p>2018年9月，又發生急性心衰竭，西醫急診住院後，病人再度願意服用中藥，以十棗湯、五苓散、真武湯、茯苓四逆木通湯、澤漆湯等加減為主。然而，病人依然自行服用利尿劑、消心疼、倍它羅克、波立维、地高辛、硝酸甘油等多種西藥。病人家屬表示，病人心裡很害怕，非常擔心再度急性心衰竭，不敢不吃那些西藥。</p>\n<p>2018年12月，同樣情況再度發生，病人因情緒問題，心臟劇痛、嚴重胸悶、四肢冰冷、頭胸大汗等急性心衰竭的現象都回來了，西醫急救住院，注射降血壓藥物，口服控制心律藥物，而中藥治療部分，如前幾次以茯苓四逆湯為主。然而，這次情況變得和以前不同了，即使大幅加重了生附子及茯苓的劑量，病症沒有好轉，只要控制心律的西藥時效一過，病人心律就馬上飆高，同時胸悶、四肢冰冷、大汗、全身燥熱等等，晚上每一個多小時就醒，醒來就全身大汗，一全身大汗，所有症狀又再度變嚴重，得不斷使用降血壓及控制心律的西藥來暫時緩解病人情況。</p>\n<p>好了，洋洋灑灑寫了好幾段，才勉強說明個大概，上面陳述的是我去年十二月介入治療前的情況，中西醫治療都遇到了瓶頸，怎麼辦？接下來的發展，我們下次再討論。在這裡我想提出幾個問題，讓大家來思考、來討論，沒有標準答案，只有不斷的反覆思索與矛盾：</p>\n<p>（1）西醫治療只知道對抗癌細胞與壓制症狀，也帶來了很多的副作用，然而，病人於2012年被認定為肺癌末期轉移腦瘤，在大量化療藥物的控制下，目前已經存活了六年多，實屬不易。那麼，我們如何判斷當初病人選擇西醫化療是正確還是錯誤的決定？</p>\n<p>（2）臨床醫療是沒有辦法重複的，選了一條路後，永遠不會知道另一條路的結果，事後諸葛的批評是容易的，節骨眼上做決定卻需要十足的勇氣，也得承擔決定的後果。這對病人及家屬已經是件非常困難的事情了，當一位醫師面對素昧平生的重病病人時，替病人做的治療，以及反對病人去做的某些治療，每一個決定是何等的沈重？又如何知道五年十年後會不會後悔？</p>\n<p>（3）病人一下子相信中醫治療，一下子抗拒中醫治療，又把西藥當成溺水時抓到的一根稻草，緊緊抓住不肯放手。我們應該當頭棒喝，打醒病人，然而，病人重病多年，身體及心靈受盡了各種折磨，已經不是個正常健康的靈魂了，我們還能苛求病人什麼？不苛求，又怎能打醒病人呢？</p>\n<p>（4）從2017年7月以來，每次急性心衰竭都是因情緒問題而誘發，其中的前因後果是如何？病人四周的親朋好友，應該處處讓著病人、順著病人的情緒走，以免病人情緒失控？還是應該讓病人了解真實的世界，讓病人趁早能矯正自己的情緒，以免越陷越深？</p>\n<p> </p>",
  "article_time": "2019年01月28日 22:59",
  "comments": [
    {
      "id": "6e5576b8290b53c5349a74756b215aad",
      "author": "jonsonku",
      "time": "2019年01月29日 15:38",
      "content": "<p>當病人在遭受病魔折磨的時候，已經失去理性判斷能力，所謂的抓到老鼠的貓就是好貓的理論深入人心，促使她在兩個不同醫學理論的醫學治療中來回擺動。也包括病人的家屬，基本上都失去了理智。結果會是如何？取決於她們的理智。這些事情在大陸每天發生。</p>",
      "level": 0,
      "highlight": false,
      "children": [
        {
          "id": "b023579a1ed8fe95d1a217aa7e5e003e",
          "author": "andy",
          "time": "2019年01月29日 22:28",
          "content": "<p>這其實代表大多數人並不真的了解中醫，他們對中醫的理解停留在那些似是而非及誇大效果的宣傳，因此，又不是真的相信中醫，又希望中醫能帶來什麼奇蹟。</p>",
          "level": 1,
          "highlight": true,
          "children": [
            {
              "id": "a5e038d12dbc2c24dd814e5575c8cf83",
              "author": "jonsonku",
              "time": "2019年01月30日 05:30",
              "content": "<p>如果沒有了解什麼是正統中醫，也是過去二千多年來的主流醫學。那麼就個人而言，在二個醫學治療中會如何選擇呢？恐怕重症還是依賴於西醫。但是自從了解並自學正統中醫，非時方中醫，結論已經有了，經方中醫遠超過時方中醫和西醫，當然西醫在外科上做的依然比較好。問題大陸有多少人，親身體驗過經方中醫的醫療效果—立竿見影。恐怕很少很少。哪怕在外感太陽病的傷風感冒，和陽明的便秘上，幾乎很少有人體驗過。有個朋友來電說她的父親70多歲，便秘而且小便難（小便很費勁才滴幾滴），又怕去醫院受罪，請我幫忙，先喝一劑豬苓湯，然後大小承氣湯合方一劑（講不清哪裡有壓痛），喝完後，小便輕鬆點，大便開始有了，拉稀的情況。後來也沒再說什麼。事實上，她和她父親也不是同住，消息有點欠佳。或許還沒完全康復，至少沒去城裡再看西醫。該怎麼說呢，有時候真的無語。如果大陸的中醫真的能做到，一劑知二劑止，自然會對經方中醫有堅強的信心。有時候真的很無語。</p>",
              "level": 2,
              "highlight": false,
              "children": []
            }
          ]
        }
      ]
    },
    {
      "id": "f16223582d2dd3dbcb90f4f5e515aa33",
      "author": "山林雾霭",
      "time": "2019年01月29日 23:03",
      "content": "<p>老师，您提出的几个问题都引人深思。治病没有A/B Test可做，也没有回头路可走，多种疗法同时并进，治得好或是不好究竟是谁的功劳、谁的过错，很难有个客观的定论，所以也很难借鉴从而提高可重复性。虽然人不能决定自己的出生，而如何渡过生命的最后旅程，很多时候是自己决定的。病人做决定需要勇气，医生在推荐或者反对某种疗法时何尝不需要勇气、责任和担当？等着听您下回分解。</p>",
      "level": 0,
      "highlight": false,
      "children": [
        {
          "id": "fef8f88841753b37166403ddeeb189a5",
          "author": "ieitZYB",
          "time": "2019年01月30日 23:30",
          "content": "<p>A/B Test<br/>\n搞软件的思路？！</p>",
          "level": 1,
          "highlight": false,
          "children": []
        }
      ]
    },
    {
      "id": "a5c5c92316d8bfd01a357b898c84844a",
      "author": "jonsonku",
      "time": "2019年01月30日 05:41",
      "content": "<p>想請教李醫師一個問題，大概3年前，牙齦腫痛，自己不懂啊，跑去西醫哪裡洗牙，感覺是舒服了，結果牙齒在隨後幾年裡掉了四顆，好痛心。進幾個星期，牙齦腫痛又開始了，調胃承氣湯一劑夠了。但是牙齒還有二顆在鬆動，想想又要痛心了。思路如下，牙為骨之餘，牙齦肌肉歸脾管，骨與肌肉有筋膜連著（肝管著），治症思路是讓脾胃冷下來，同時讓筋膜再生出來。得用讓血涼下來的生地，加杜仲，續斷，又怎麼讓脾胃再冷些呢。在思考如何配湯劑，救救那二顆牙齒。請李醫師賜教，謝謝。</p>",
      "level": 0,
      "highlight": false,
      "children": [
        {
          "id": "d2964ec41b8e6ef8913c8d3dc9acc0e3",
          "author": "andy",
          "time": "2019年01月31日 17:01",
          "content": "<p>讓脾胃冷下來？這可能是錯誤的想法，脾胃的火，大部分是虛火，譬如中下焦寒濕，導致胃火無法下行而反逆，看起來胃熱有火。換句話說，你沒有真的找到病源，而只是壓制現象，那麼你的牙齒出問題，也就不奇怪了。你還是去找中醫師看診，不要自己亂想著如何讓脾胃再冷些，造成更多的健康問題。</p>",
          "level": 1,
          "highlight": true,
          "children": [
            {
              "id": "37cad93a3db39803fb80f3b9f8365c2f",
              "author": "jonsonku",
              "time": "2019年02月03日 03:30",
              "content": "<p>谢谢李医师，在思考中，胃火上行是虚，应该往下，如何往下，继续思考。中国年快乐。</p>",
              "level": 2,
              "highlight": false,
              "children": [
                {
                  "id": "a06eb969dd5dc031f98862717ce43cc2",
                  "author": "送你座帆船",
                  "time": "2024年09月19日 01:01",
                  "content": "<p>李老师说的虚火是因为胃火本来要到达下肢被寒湿阻隔从而反弹上来，故称为“虚”</p>",
                  "level": 3,
                  "highlight": false,
                  "children": []
                }
              ]
            }
          ]
        }
      ]
    },
    {
      "id": "c506a95bf929e2c3aaf4b2c6dac6f551",
      "author": "Ferry瑞芳",
      "time": "2019年01月31日 22:44",
      "content": "<p>Hello Andy,这真是个好例子，针对文章末尾的列出的四个问题，我想谈一谈我个人的观点：<br/>\n1）判断当初病人选择西医化疗是对是错，这个问题其实很复杂，患者的治疗过程中医和西医分别多次介入，介入治疗的效果各有功过，我觉得至少要从五个方面来看，或者说是判断的标准有三种情况：其一，如果是从西医的角度来看，治疗手段只有西医化疗这一种，时下也没有别的选择，所以是正确的决定；其二，如果从中医的角度来看，治疗手段不是只有西医化疗这一种，还可以中药保守治疗逐步缓解病情，尝试过中医治疗之后，再去西医化疗也是来得及的，因此，这个决定是盲目而不周全的；其三，如果从其亲友家属的角度来看，西医化疗也好，中医保守治疗也好，只要能救命，经商讨一致所做的任何决定都是正确的，剩下的就要看西医或者中医的实际诊治效果了。其四，如果从患者本人的角度来看，单方面给出一个明确的意见很难，除非本人了解自身疾病，同时具备一定的西医知识和中医知识，很显然，患者本人根本不了解这些知识，只能听从亲友和家属的安排，至少从本文中，患者本人无法判断选择西医化疗是对还是错。其五，从我的角度来看（旁观者），中医和西医反反复复多次介入，各有功过，比如突发衰竭这样的情况，如果不送西医，根本来不及看中医，搞不好中医还没看诊，人就已经完了，所以，坦白讲，我也说不清楚选择西医化疗是对还是错。<br/>\n2）我觉得作为一个医师可以客观建议病人作何种治疗或者不建议病人作何种治疗，不要主观去反对病人作何种治疗，因为左右病人想法的并不是病人本人一个人这么好对付，而是病人周围的亲友、网络信息，不要试图强迫病人遵从医嘱，这样也不利于病人的病情以及治疗疗效，毕竟人是社会性质的，观念也是社会性质的，不是单一的个体那么好处理的，自认为正确的，别人不一定都能认同，西医标靶精准医疗技术做得越来越好，各种微创手术新技术也在不断的发展进步，当然西医西药的各种副作用也是不可忽略的，把其中利害客观讲清楚就好了，只要病人愿意都是可以尝试的，如其所愿顺其自然即可。<br/>\n3）在中医和西医反复多次介入的基础上，各有功过，这个问题最难说清楚，一个懂医的都说不清楚，更何况是那些不懂医的人群呢？这只能由病人自己或者病人家属来决定，谁也没办法强迫病人或者病人家属相信中医或者抗拒中医相信西医。<br/>\n4）这个问题要从两个方面看，首先诱发的事件是什么事，是不是每次诱发的事件都是同一件事，如果是，那以后这件事应该就不要再提了；如果诱发的事件各不相同，而是病人本身的情绪刺激点比较低，很容易受到刺激，那就尽量广而告之周围的亲友街坊邻居，体谅照顾一下，同时，身边的亲友适当开导疏导病人的情绪，降低发作频率。</p>",
      "level": 0,
      "highlight": false,
      "children": []
    },
    {
      "id": "1cf13527b591ac9f9394a072c56022a2",
      "author": "migi",
      "time": "2019年04月06日 20:07",
      "content": "<p>李醫師您好   我的家人也有口腔問題  另外還加上一個情況:  他飯後就會頭耳發熱  喝水就能消熱   但喝水之後就會小便  小便出來順暢量大  小便後又會想喝水  目前一天小便最多可以到7次   看過中醫師開腎氣丸  但對主證效果不大  小便的量變得更大而已  因為他小便很有力  大便也正常  這樣也可能是中下焦有寒濕嗎?  請您指點   非常謝謝您!!</p>",
      "level": 0,
      "highlight": false,
      "children": [
        {
          "id": "d1310d1074ac6458343300b0a02f9d8e",
          "author": "andy",
          "time": "2019年04月08日 21:16",
          "content": "<p>有可能是中下焦寒濕，但是只憑你說的幾個症狀，不足以確診，不過，在此腎氣丸似乎並非最好的選擇，緩不濟急，聽到小便頻繁就開腎氣丸，並非真的辨證論治，https://andylee.pro/wp/?p=5013 文章中正好以小便頻繁為例子來討論。</p>",
          "level": 1,
          "highlight": true,
          "children": []
        }
      ]
    },
    {
      "id": "e8b0aac2836c2bc71a37f23411705ada",
      "author": "周江浩",
      "time": "2022年03月28日 21:48",
      "content": "<p>李医师，您好：<br/>\n请问，每次睡醒口很干是什么原因？尤其是白天睡后口干明显。<br/>\n有晚睡，看手机习惯，吃点炸物，唇周及素髎处就会红肿，牙龈也会出血，天冷时手足冷，约在13℃左右就会怕冷。还有带脉处易长丘疹。<br/>\n请问是什么原因？</p>",
      "level": 0,
      "highlight": false,
      "children": [
        {
          "id": "809d4d23c94bba7c6f37cb352af9fbda",
          "author": "李宗恩",
          "time": "2022年04月11日 10:08",
          "content": "<p>你把手機戒掉，大概就好了一半。</p>",
          "level": 1,
          "highlight": true,
          "children": []
        }
      ]
    },
    {
      "id": "e87e5d2c1883fa4db25f20e70d14ad87",
      "author": "周江浩",
      "time": "2022年03月28日 21:49",
      "content": "<p>谢谢</p>",
      "level": 0,
      "highlight": false,
      "children": []
    },
    {
      "id": "edf8b58db2bc037a389d80423122ccef",
      "author": "李梁",
      "time": "2024年11月14日 09:14",
      "content": "<p>2018年12月份，患者出现明显心衰竭，已经到了迫在眉睫急下存阴的时候，即使加大生附子与茯苓的用量依然不见起色！这是个非常有意思的值得探讨的一个问题关键点！虽然我们看不到当时具体病人的情况，但是急下存阴的时候或许先得抛开生理病理学的分析去直捣黄龙的用茯苓四逆汤去稳定大局，但是却遇到了瓶颈，宗恩老师这里能否一言两语带过一下</p>",
      "level": 0,
      "highlight": false,
      "children": [
        {
          "id": "99456bfa61f666d357c23a2dae9ad953",
          "author": "天空",
          "time": "2024年11月15日 14:31",
          "content": "<p>老師在這裡有提到啊：https://andylee.pro/wp/?p=5303</p>",
          "level": 1,
          "highlight": false,
          "children": [
            {
              "id": "47ca5deb47aee1ec0479eb9d3afd086f",
              "author": "李梁",
              "time": "2024年11月15日 18:18",
              "content": "<p>谢谢你帮我找到！很多文章都有看了很多遍，记忆力确是越来越差！</p>",
              "level": 2,
              "highlight": false,
              "children": []
            }
          ]
        },
        {
          "id": "5b14be1400e636b084f3eb2c7e964796",
          "author": "李宗恩",
          "time": "2024年11月19日 13:52",
          "content": "<p>不確定你在問什麼，文章的下篇不是有解釋嗎？</p>",
          "level": 1,
          "highlight": true,
          "children": []
        }
      ]
    }
  ],
  "page": 31,
  "order": 6,
  "filename": "data\\page31\\page31_order5_a5c5c92316d8bfd01a357b898c84844a.json"
}