{
  "article_url": "https://andylee.pro/wp/?p=5249",
  "title": "喝水馬上劇烈嗆咳，卻可以喝茶和湯？",
  "content": "<p>這個病例，是一個很好的教學案例，我從去年十二月開始遠距離幫忙這位患肺癌的年長女士，每一步發展都非常值得拿出來討論，不僅僅是中西醫治療的比對，同時也展現出許多中醫治療上應該注意的細節。不過，在深入討論病例之前，我們這次先來談談其中一個挺有意思的小細節，免得下次深入病例時，還得繞個彎路，花篇幅來討論這個「小問題」。</p>\n<p>這位肺癌病人有一個奇怪的症狀，她無法喝單純的水，只要喝一點點就會嗆咳，非常劇烈，幾乎喘不過氣。可是，她卻可以喝茶、喝湯、喝米漿。奇怪吧？那些茶、湯、米漿九成以上也是水，為什麼反而可以喝而不會劇烈嗆咳？</p>\n<p>我們先不討論中醫的解釋，我們來看看有沒有什麼一般「科學」的解釋。病人喝水，水還沒到胃就立即劇烈嗆咳，顯然在口腔及食道就已經觸動身體反應，而茶、湯、米漿卻不會觸動一樣的身體反應，看來最大的可能性在氣味。喜歡喝葡萄酒的朋友們，大概都知道葡萄酒杯的重要性，好的葡萄酒杯，譬如用來喝Grand Bordeaux的酒杯得很大，大到可以蓋到鼻子，讓品嚐葡萄酒的人在喝到酒以前，就已經聞到酒的氣味，如此的過程，會讓葡萄酒的澀味大幅減少，讓三十美金的葡萄酒嚐起來像一百美金的葡萄酒，道理是因為人的味覺和嗅覺為相連的，嗅覺可以改變味覺。然而，這樣的嗅覺機制，是不是真的能壓制病人喝水劇烈嗆咳的反應？目前我還沒有找到任何文獻的討論，同時，在西醫院病房裡，三餐飯菜的味道，加上其它各種奇奇怪怪的味道，對嗅覺的刺激應該大於一般的茶、湯、米漿，那麼即使是喝水，嗅覺的反饋也應該也會起作用。因此，我認為這樣的推論，雖然不是完全不可能，卻是十分牽強。</p>\n<p>那麼中醫要怎麼解釋？這個得分兩個部份來討論，第一，為什麼喝水會馬上劇烈嗆咳？有許多原因可以造成這樣水嗆的現象，這位年長的肺癌病人情況是中下焦寒濕非常嚴重，脾胃等於是泡在冷水裡，這個時候胃無法順利氣化水，脾也無法順利把氣化的水轉到三焦，情況嚴重時就導致喝水即嗆。傷寒論太陽篇中有一條：「中風發熱，六七日不解而煩，有表裏證，渴欲飲水，水入則吐者，名曰水逆，五苓散主之」，雖然，太陽篇陳述的現象是由太陽中風時水隔中焦而來，其中的道理是一樣的。</p>\n<p>第二，為什麼喝茶、湯、米漿反而不會嗆咳呢？這個解釋起來比較麻煩。一般情況下，有「水逆」證時，喝茶、湯、米漿也是會嗆咳。然而，以中醫的理論而言，水和食物中的水是不一樣的。單純的水是由胃來氣化，轉到脾臟，再轉入三焦。而食物中的水，雖然胃或多或少也會幫助氣化一些些，胃本身是不負責處理食物中的水，胃主要是腐熟食物，讓小腸吸收營養、大腸吸收食物中的水分，也就是說，食物中的水是由大腸來處理。而這位肺癌病人身體非常虛弱，胃的功能很差，當病人喝茶、湯、米漿時，胃把他們當成食物，卻也不去腐熟他們，直接讓他們下傳小腸，雖然，小腸和大腸也無法順利吸收運化他們，至少已經下傳了，病人不會因此嗆咳。</p>\n<p>怎麼治療？本來「水逆」證時，五苓散就可以解決，這也是一般嬰兒不斷吐奶時最常使用的方劑。但是，這位肺癌病人中下焦寒濕很嚴重，水犯到上焦，導致咳嗽等肺家問題，雙腳及乳房水腫明顯等等，我使用麻黃、炮附子，細辛、桂枝、白朮、茯苓、豬苓、澤瀉，也就是麻黃附子細辛湯來去中下焦的寒，五苓散來利水，不過，因為我擔心水犯上焦的情況變嚴重，可能會導致心肺衰竭，我另外加了生硫磺來增加藥力。結果，病人情況持續好轉，喝水即嗆的問題解決了，病人可以喝溫水了。</p>\n<p>這個「喝水即嗆，卻可喝茶」的「小問題」，挺有意思的，也展現中醫理論的細密。說到這裡，我們得再回去看看一般「科學」的解釋，其實除了嗅覺的影響，還有另一個可能，那就是病人加熱溫水的容器有問題，導致水有奇怪味道而造成病人嗆咳，雖然茶也是這個水泡的，茶的味道或許可以蓋住怪味。然而，病人服用中藥，中下焦寒濕減退後就不再喝水即嗆，事後諸葛，我們知道不是這個原因。換句話說，病人對各種藥方的反應，也是中醫師深入了解病人身體內部的一個方法，所以，誰說中醫不科學？這樣的反饋與研判，是非常符合科學的方法。</p>",
  "article_time": "2019年01月24日 20:40",
  "comments": [
    {
      "id": "5a2c2c2576f74130f69fde63daa86f6b",
      "author": "lmc",
      "time": "2019年01月25日 04:25",
      "content": "<p>李医生，如果把生硫磺换成 生附子，效果会不会一样，  倪师说：炮附子加生附子也是可以去水的（一个是往由内向外，一个由外向内，把水推到中间，五苓散加麻黄附子细辛汤   去寒去水，不知道如何）。</p>",
      "level": 0,
      "highlight": false,
      "children": [
        {
          "id": "e2464a2fd15ed323d1b27f59a3a8d2a9",
          "author": "andy",
          "time": "2019年01月25日 12:16",
          "content": "<p>生附子和生硫磺是不一樣的，生硫磺除了熱，還是通利三焦水道的要藥。即使以熱而言，生附子像木材，生硫磺像火種，兩者是不同的。我猜你是跳著看倪老師的教材，如果你認真看完全部，你應該不會問我這個問題，倪老師解釋的很清楚。</p>",
          "level": 1,
          "highlight": true,
          "children": [
            {
              "id": "7cf212ce9c95fce70a9d11316d99d106",
              "author": "lmc",
              "time": "2019年01月25日 18:32",
              "content": "<p>谢谢李医生，呵呵，我还没有看完，正在看本草经的下品篇，是的，倪师和您说的一样，只是说肉桂是木材，命门火弱的话，肉桂会把火灭掉，，说生附子的地方还没有看到（肉桂和生附子是一样属性，自己没有归纳在一起）。</p>",
              "level": 2,
              "highlight": false,
              "children": []
            }
          ]
        }
      ]
    },
    {
      "id": "dfe2ccedff22011b5851b08654a22ed4",
      "author": "Gordon",
      "time": "2019年01月29日 07:18",
      "content": "<p>李醫師，有兩個問題資訊一下，有空請回答一下，給指個方向，謝謝！<br/>\n1.老人家說話或者吃東西的時候，要吃會經常的咬到口腔內部（右邊），請問有機種可能的病因？ 是不是臉部輕度中風導致面部肌肉活動不好而咬到？<br/>\n2.小孩經常在躺下睡覺時，就說腳踝部商丘和邱墟穴那一塊疼痛，從小（3歲時）就有這種情況，帶他去兒童醫院看醫生，還拍了X光片，檢查不出問題，就解釋為生長痛。小孩要求大人用腿給他輕輕的壓著腳，他就說不痛了。白天也不影響他走路和運動，還蹦蹦跳跳。</p>",
      "level": 0,
      "highlight": false,
      "children": [
        {
          "id": "b36af766c44d7be7bc2ba768d0519b3d",
          "author": "andy",
          "time": "2019年01月29日 22:25",
          "content": "<p>這樣的敘述非常侷限，很難判斷病因，你應該帶老人家及小孩子去看中醫師。簡單而言：（1）不一定，脾虛時，舌頭會比較腫大，容易被牙齒咬到，而人的牙齒及上下顎並非完全對稱，所以，一邊比另一邊容易咬到（2）X-ray看不出發炎水腫，如果只有一點點發炎水腫，外表也不易看得出來，但通常會喜歡按壓。</p>",
          "level": 1,
          "highlight": true,
          "children": [
            {
              "id": "c62dcddecceb40414bb9d624871d1dd9",
              "author": "Gordon",
              "time": "2019年01月30日 06:57",
              "content": "<p>謝謝李醫師在繁忙中回復。<br/>\n（1）不是要到舌頭，是口腔內部（臉頰裡面）。<br/>\n由於不在老人身邊，不過過年回去帶她去看看中醫師（小縣城很難找到經方醫師，很愁啊）。之前咨詢過西醫師，他建議進行頭顱的核磁共振檢查。</p>",
              "level": 2,
              "highlight": false,
              "children": [
                {
                  "id": "45bf43797c27dd76dc54e2fa64fa2185",
                  "author": "andy",
                  "time": "2019年01月31日 17:03",
                  "content": "<p>除了一樣可能是脾虛導致，另外也可能是上下顎咬合的問題，如西醫講的TMJ。沒有看到病人，只靠一兩個症狀，這樣診斷是不負責任的。</p>",
                  "level": 3,
                  "highlight": true,
                  "children": []
                }
              ]
            }
          ]
        }
      ]
    },
    {
      "id": "75812be09102d1137f81ee46a1d79844",
      "author": "henry",
      "time": "2020年01月03日 07:20",
      "content": "<p>如果中焦虛寒加上水逆證，可否用理中湯加五苓散？謝謝！</p>",
      "level": 0,
      "highlight": false,
      "children": [
        {
          "id": "96bc74f6b07a8110acfdf479a2200597",
          "author": "andy",
          "time": "2020年01月03日 15:12",
          "content": "<p>基本上方向是對的，然而，理中湯加五苓散不一定夠熱來去寒濕。</p>",
          "level": 1,
          "highlight": true,
          "children": []
        }
      ]
    },
    {
      "id": "20b2689dfcdaf006796efddc6aee6824",
      "author": "生",
      "time": "2021年01月17日 05:31",
      "content": "<p>看到此文我也想起一个奇怪的症状: 身边的几位年轻男士朋友，多年以来，大便后出现尿频、尿不尽、尿清长。生活方面……都有夜晚自我安慰（简称xx）过于频繁。西医认为是慢性摄护腺炎或神经紊乱，您的新书中痔疮一节亦写到“直肠离膀胱神经很近”。中医生理方面，李医生能跟我们讲讲如何解释吗？</p>",
      "level": 0,
      "highlight": false,
      "children": [
        {
          "id": "0784126aa081119105ea9542de64e0e0",
          "author": "李宗恩",
          "time": "2021年01月19日 09:54",
          "content": "<p>下焦寒，腎陽腎陰皆不足，腎陽不能收，導致虛陽上亢，明明為不足，卻一直有性衝動。</p>",
          "level": 1,
          "highlight": true,
          "children": []
        }
      ]
    },
    {
      "id": "3db3b638715730771ade80b7972192be",
      "author": "暗香疏影",
      "time": "2024年03月25日 22:12",
      "content": "<p>有关目前自来水用漂白粉等等的问题李博士可以讲讲如何化解吗？现在净水器都是物理方式过滤，能滤掉杂质但这些细微分子的化学剂无法过滤，这是每个老百姓都无法避免的问题！李博士可以给我们一些建议吗？谢谢！</p>",
      "level": 0,
      "highlight": false,
      "children": []
    },
    {
      "id": "4fd288ba73278fcc932860a84a358b1a",
      "author": "君荷",
      "time": "2024年10月11日 06:19",
      "content": "<p>李老师，如您文中所说，婴儿吐奶一般是使用五苓散。请问婴儿吐奶也是因为水隔中焦吗？我儿子七八个月大前，频繁大口大口吐奶。要是我那时候就学习倪老师的人纪该多好……</p>",
      "level": 0,
      "highlight": false,
      "children": [
        {
          "id": "12d51c6a84301bcda0db38c9e370563a",
          "author": "李宗恩",
          "time": "2024年10月11日 13:34",
          "content": "<p>不一定。</p>",
          "level": 1,
          "highlight": true,
          "children": []
        }
      ]
    }
  ],
  "page": 31,
  "order": 7,
  "filename": "data\\page31\\page31_order6_45bf43797c27dd76dc54e2fa64fa2185.json"
}