{
  "article_url": "https://andylee.pro/wp/?p=7646",
  "title": "央視CCTV4 《中華醫藥 抗擊疫情》報導通許縣人民醫院中醫治癒及預防新冠肺炎",
  "content": "<p>中國中央電視CCTV-4中文國際頻道，製作了「中華醫藥 抗擊疫情」五集節目，於3月2日到3月6日，每天播放30分鐘，報導這次中國大陸大幅使用中醫對抗新冠肺炎，成效卓越。在中國中醫藥管理局的大力推薦下，央視特別採訪了通許縣人民醫院，報導了院方用中醫為主治癒確診病人，並使用中藥預防，一千多位工作人員無一感染。採訪的時間，在通許縣人民醫院幫助開封「清零」之前，不然想必會有更加深入的報導。</p>\n<p>領導通許縣人民醫院抗疫的娄副院長及感染科湯英主任，是楊貞醫師及我的學生，通許縣人民醫院「倪海廈中醫教學培訓基地」裡最認真的兩位。我們對他們這次的表現，甚感欣慰！</p>\n<p><strong>CCTV-4中文国际频道《中华医药 抗击疫情》 20200305 悬壶抗疫有中医：</strong></p>\n<p><a href=\"http://tv.cctv.com/2020/03/05/VIDEojsWIebFPlpQXYmrActs200305.shtml\">http://tv.cctv.com/2020/03/05/VIDEojsWIebFPlpQXYmrActs200305.shtml</a></p>\n<p>下面4分多鐘的視頻，是通許縣人民醫院發給我的節錄片段（看來是用手機拍攝螢幕而來），放在這裡方便大家觀看：</p>\n<figure class=\"wp-block-video\"><video controls=\"\" src=\"https://andylee.pro/wp/wp-content/uploads/2020/03/CCTV4.mp4\"></video><figcaption><br/></figcaption></figure>\n<p>注：最早報導相關消息的電視新聞為台灣的寰宇新聞網：</p>\n<p>寰宇新聞網：台裔中醫李宗恩遠距醫療助河南通許醫院抗疫 </p>\n<p><a href=\"http://globalnewstv.com.tw/202002/97149/\">http://globalnewstv.com.tw/202002/97149/</a> </p>\n<p><a href=\"https://www.youtube.com/watch?v=4FshkUtnUSo\">https://www.youtube.com/watch?v=4FshkUtnUSo</a></p>\n<figure class=\"wp-block-embed-youtube wp-block-embed is-type-video is-provider-youtube wp-embed-aspect-16-9 wp-has-aspect-ratio\"><div class=\"wp-block-embed__wrapper\">\n<iframe allow=\"accelerometer; autoplay; clipboard-write; encrypted-media; gyroscope; picture-in-picture; web-share\" allowfullscreen=\"\" frameborder=\"0\" height=\"281\" referrerpolicy=\"strict-origin-when-cross-origin\" src=\"https://www.youtube.com/embed/4FshkUtnUSo?feature=oembed\" title=\"台裔中醫李宗恩遠距醫療 助河南通許醫院抗疫｜寰宇新聞20200215\" width=\"500\"></iframe>\n</div></figure>\n<p>寰宇新聞完整版：開封通許人民醫院以中醫治療新冠肺炎100%治癒率! </p>\n<p><a href=\"https://www.youtube.com/watch?v=EKHFe7rQGiI\">https://www.youtube.com/watch?v=EKHFe7rQGiI</a></p>\n<figure class=\"wp-block-embed-youtube wp-block-embed is-type-video is-provider-youtube wp-embed-aspect-16-9 wp-has-aspect-ratio\"><div class=\"wp-block-embed__wrapper\">\n<iframe allow=\"accelerometer; autoplay; clipboard-write; encrypted-media; gyroscope; picture-in-picture; web-share\" allowfullscreen=\"\" frameborder=\"0\" height=\"281\" referrerpolicy=\"strict-origin-when-cross-origin\" src=\"https://www.youtube.com/embed/EKHFe7rQGiI?feature=oembed\" title=\"開封通許人民醫院以中醫治療新冠肺炎100%治癒率!\" width=\"500\"></iframe>\n</div></figure>",
  "article_time": "2020年03月05日 21:53",
  "comments": [
    {
      "id": "ed7224ea95debbb55264d5574af0f9fa",
      "author": "刘剑彬",
      "time": "2020年03月06日 03:52",
      "content": "<p>李医师，您好，我想问一下，胃寒（一用三黄片就会胃疼），易口腔溃疡，有点焦虑，睡不好，大便二天一次成形，小便正常，就这几个症状看是不是符合甘草泻心汤的症，但是我不敢用黄芩，不知道该怎么办？求您有时间指导一下。</p>",
      "level": 0,
      "highlight": false,
      "children": []
    },
    {
      "id": "2efd17330abd8c147cd6bbf5d004e78d",
      "author": "jsy",
      "time": "2020年03月06日 05:39",
      "content": "<p>老师 我是大陆 内蒙古呼和浩特市的一名中医爱好者 最近在给我的母亲配药治疗 症状 19年中秋节遇到烦心事急火攻心 高烧 我不在身边 打点滴5日高热退<br>\n后有咳嗽无法平躺的症状 称喝西药症状消除 后咳嗽数日症状无 今年1月初 出现鼻子不通 内有黄涕 有黄痰不易咳出 喉部有异物感 眼诊眼白近肝区有黄色小水泡 心下气胀觉身体由鼻子往下都不通畅有胀气感 大便一日一次 去医院检查西医告知鼻子内部靠近眉骨内有形变 需要手术 我回家后阻止 未做手术 我开始治疗 麻杏甘石汤配合 通鼻窍收湿 消炎 胃气胀的药 外用麝香矾石散  前期通鼻窍药用20g 不见效果 后皆加到50g 鼻子开始通气 后加射干 紫苑 桔梗 胆南星（买不到制南星与生南星） 前后断续喝药至今 现在 鼻子完全通畅 仍有黄鼻涕隔时排除 心下胀气 咽部异物感消除 但闻烟味 油烟味 会反复  眼白黄色水泡无明显变化  后有用葶苈大枣泻肺汤无明显排痰出现 喝药这么久心中疑虑愈深 难道是买的药不是真药 想冒昧问老师你们平时用药哪里卖啊</br></p>",
      "level": 0,
      "highlight": false,
      "children": [
        {
          "id": "c1450025e725cb7d2ee94e1226863c0f",
          "author": "andy",
          "time": "2020年03月06日 10:09",
          "content": "<p>你的問題可能不在中藥材，而是你辨證論治還不到位。</p>",
          "level": 1,
          "highlight": true,
          "children": []
        }
      ]
    },
    {
      "id": "5dd7a823af21f72d80f847a675b670e6",
      "author": "罗瑞芳",
      "time": "2020年03月06日 14:06",
      "content": "<p>终于看到一点点复兴正统中医的希望了，莞尔！</p>",
      "level": 0,
      "highlight": false,
      "children": []
    },
    {
      "id": "0ca6da817cbcbf9044b3a59acfd70f9c",
      "author": "罗瑞芳",
      "time": "2020年03月06日 16:06",
      "content": "<p>在此次疫情之前，民众对中医也是疑虑重重，黑中医的人也是大有人在，结果原本白的也被染黑了。正如您所说，此次疫情付出了这么大的代价，才让民众对中医药有了重新的认识，太不容易了。由此可见，复兴中医之路太难太难了！</p>",
      "level": 0,
      "highlight": false,
      "children": [
        {
          "id": "048a8f5b5d48c6093f4d18133ccc4588",
          "author": "JonsonKu",
          "time": "2020年03月07日 01:40",
          "content": "<p>有時候不太樂意在李醫師的博客說什麼。但是必須說，李醫師您的診金多少不清楚，大陸名家醫師偶爾聽說，徐X兵-厚X學堂堂主-看診28XX.有位朋友花粉過敏，看了一回，扛住一個秋冬，來年，不知道如何。所謂黑中醫，明中醫，鬼才知道在幹嘛？有幾位做藥材生意的（藥材），不給開張，但是市場看漲，好比股市，買漲。連翹到200以上。李醫師，不要公佈處方和藥材的藥性，否則窮人買藥材都會，—–破產。拜託，大陸窮人很多，比美國的窮人更多N倍。因為大陸中醫師不會用經方的藥材，現在您公佈了，結果呢？李醫師聰明絕頂的，自然會悟到。伏羲，神農，軒轅，—寫書在幹嗎？李醫師懂的。</p>",
          "level": 1,
          "highlight": false,
          "children": []
        },
        {
          "id": "432673179b608200ed32b988afe41af5",
          "author": "刘剑彬",
          "time": "2020年03月07日 04:53",
          "content": "<p>您在现实生活中看过几个中医啊？</p>",
          "level": 1,
          "highlight": false,
          "children": [
            {
              "id": "1432c34ed9563532fbae5cfc45323d46",
              "author": "罗瑞芳",
              "time": "2020年03月07日 20:27",
              "content": "<p>剑彬，不用理楼上的，此人没什么格局，到不大处，可能暂时属于经济困难户，习大大2020年的精准扶贫政策希望会帮助到他，我们精力有限，多把心思用于体悟中医经典&amp;传播中医传统文化正能量上。</p>",
              "level": 2,
              "highlight": false,
              "children": [
                {
                  "id": "15ef3c45dd2baaafa785b642e031be53",
                  "author": "李晨",
                  "time": "2020年03月08日 05:44",
                  "content": "<p>我也是经济困难户。<br/>\n诊金收2800一次，你能看？</p>",
                  "level": 3,
                  "highlight": false,
                  "children": []
                },
                {
                  "id": "7928f1b5ea161813144324c96af3049f",
                  "author": "gordon",
                  "time": "2020年03月14日 08:30",
                  "content": "<p>@罗瑞芳 你不要人身攻击。 @JonsonKu 他的意思是如果药方公布出来，那么药商就会炒作这些药材，导致真正需要这些药材的人经济负担加重。中国大陆大部分是温病学派，所以一般经方的药材都比较便宜。酸枣仁，猪苓这些都他们（温病医生）用到很高了。但是大黄，石膏这些他们不敢用的就很便宜。</p>",
                  "level": 3,
                  "highlight": false,
                  "children": [
                    {
                      "id": "ae5c66aefac10961577f99dd66ca732a",
                      "author": "su",
                      "time": "2020年04月15日 02:33",
                      "content": "<p>放心,李医师在中国影响力没那么大,全世界也没有哪个中医有这么大的影响力,反而是鍾南山这些非中医具有话语权，可以影响到药材价格.</p>",
                      "level": 4,
                      "highlight": false,
                      "children": []
                    }
                  ]
                }
              ]
            }
          ]
        }
      ]
    },
    {
      "id": "174549ff2e1611d0885d5f93996ce109",
      "author": "微雨落花",
      "time": "2020年03月06日 18:10",
      "content": "<p>看到这篇迅速打开电视回放，花了两个小时把《中华医药抗击疫情》1-4看了一篇，看完心情是复杂的，介绍了中医药管理局的提倡采用“清肺排毒汤”，广东省采用的“肺炎1号方”，浙江采用的温病方药，甘肃采用的玉屏散，整体感觉很混乱。唯一可圈可点的就是重点说了一个县级的人民医院，作为西医院采用中医治疗，全部患者治愈出院的那段。</p>",
      "level": 0,
      "highlight": false,
      "children": [
        {
          "id": "b4c95f5e18e666032d296ab23e5abc71",
          "author": "shawn",
          "time": "2020年03月07日 04:32",
          "content": "<p>每次看处方就感觉广东是温病派的老巢，“肺炎1号”处方起头就比“清肺排毒汤”弱了一个等级，但思路是类似的。每次都感觉温病派比较擅长不太严重的热症和养生。</p>",
          "level": 1,
          "highlight": false,
          "children": [
            {
              "id": "758130e330fa0d6dc603b7638bf08a81",
              "author": "shawn",
              "time": "2020年03月07日 04:33",
              "content": "<p>姜佐景认为温病派就是麻杏石甘汤的派生，还是有一定道理的。</p>",
              "level": 2,
              "highlight": false,
              "children": []
            }
          ]
        },
        {
          "id": "f44dcf6b4fe3c0fe9d5515fba1ef6401",
          "author": "andy",
          "time": "2020年03月10日 15:01",
          "content": "<p>央視製作節目，還是有很多非醫療的考量，同時製作群也非中醫專家，所以，並非專業討論的節目。</p>",
          "level": 1,
          "highlight": true,
          "children": []
        }
      ]
    },
    {
      "id": "4a360d5bcc50b0073e94b9f27bcc56a9",
      "author": "JonsonKu",
      "time": "2020年03月07日 01:43",
      "content": "<p>李醫師，給窮人一個活命的機會，好不好。感恩！！！！</p>",
      "level": 0,
      "highlight": false,
      "children": []
    },
    {
      "id": "057b8a7829d1b2e44a1a561dc6543861",
      "author": "JonsonKu",
      "time": "2020年03月07日 02:09",
      "content": "<p>富人用時方，窮人用經方，相安即好，為經濟做貢獻。不要爭。祖宗留下法，造福萬民（窮人）。言盡於此。感恩李醫師。</p>",
      "level": 0,
      "highlight": false,
      "children": []
    },
    {
      "id": "55ec62ffff00571f9081819762109cd5",
      "author": "Alex Cheng",
      "time": "2020年03月07日 18:35",
      "content": "<p>請問李醫師<br/>\n膝蓋動過手術兩年後又開始痛，請問吃中藥能改善嗎？</p>",
      "level": 0,
      "highlight": false,
      "children": [
        {
          "id": "0fa0d4d99fe8922b759b0903fc64e574",
          "author": "andy",
          "time": "2020年03月10日 15:05",
          "content": "<p>你的問題非常模糊，無法回答，我也不這樣在網路上提供看診諮詢。</p>",
          "level": 1,
          "highlight": true,
          "children": []
        }
      ]
    },
    {
      "id": "32821060bf8467a33b0406ce89257fd4",
      "author": "wang",
      "time": "2020年03月07日 19:12",
      "content": "<p>通过自学倪师视频收获满满，关注李医师，把您的文章和地址推荐给湾区的留学生家长，我在郑州，疫情发生后，看见您指导通许的案例很激动</p>",
      "level": 0,
      "highlight": false,
      "children": [
        {
          "id": "7df9776ed11b2d0e433e2ae8a06097f7",
          "author": "andy",
          "time": "2020年03月10日 15:07",
          "content": "<p>灣區現在開始緊張了，但是不可能大規模使用中藥。</p>",
          "level": 1,
          "highlight": true,
          "children": []
        }
      ]
    },
    {
      "id": "05c5870bc797b1389dfa59b1c70514d7",
      "author": "廖欣强",
      "time": "2020年03月08日 20:01",
      "content": "<p>今天在微信上面提到通许县用经方治疗疫病并零感染的新闻推送，第一反应非常欣喜，再一次证明经方的伟大之处，更为缅怀倪师了，但最重要的还是要感谢李博士和杨贞医师，无私的默默付出，让正统医学回归故里，唤醒迷茫的国人重新认识中医，虽然这条路任重而道远，可事关未来中华民族的生死存亡，<br/>\n唯有牺牲多壮志，敢叫日月换新天。喜看稻菽千重浪，遍地英雄下夕烟。<br/>\n通过这次疫情既展示了强大的国家力量，也暴露出各种问题，众多砖家教授在面对疫情时的言论犹如跳梁小丑，倘若不是国家要求中医介入，恐怕后果不堪设想。经过这次事件寄希望于国家把发展振兴中医的政策落到实处，不在是喊喊口号开开会走过场，类似治病救人无功，而无证行医有罪的荒诞剧不会再重演了。<br/>\n无限感恩李博士和杨贞医师的善举，燃烧自己，照亮他人。<br/>\n  福生无量天尊</p>",
      "level": 0,
      "highlight": false,
      "children": [
        {
          "id": "bae48cb357d14a985db9287004a5a357",
          "author": "andy",
          "time": "2020年03月10日 15:15",
          "content": "<p>謝謝你的支持及鼓勵。</p>",
          "level": 1,
          "highlight": true,
          "children": []
        }
      ]
    },
    {
      "id": "ac9139445c52ad68104b302c85ddf8b9",
      "author": "廖欣强",
      "time": "2020年03月08日 20:29",
      "content": "<p>《我的夢》</p>\n<p>我 心中有個夢 千年的傳承 無法擺脫的禁錮    </p>\n<p>風 吹亂我的頭髮 回首望一望 我已然越過黃河</p>\n<p>我的夢 經過了淬煉 那是我心中一把火</p>\n<p>雨 打在我的臉上 我不去擦拭 因為我要 我要它</p>\n<p>雷 隆隆的作響 千年以來 從未 從未改變過</p>\n<p>我的夢 經過了淬煉 那是我心中一把火</p>\n<p>電 閃亮的發光 照亮著我們 千年的黯淡</p>\n<p>雲 變幻又莫測  覆蓋著多少 多少聖賢</p>\n<p>我的夢 經過了淬煉 那是我心中一把火</p>\n<p>我的夢 經過了淬煉 那是我心中一把火</p>",
      "level": 0,
      "highlight": false,
      "children": []
    },
    {
      "id": "cf8ac7b5408696217a0156ebed0f3aa3",
      "author": "我的梦",
      "time": "2020年03月12日 17:14",
      "content": "<p>CCTV-4中文国际频道《中华医药 抗击疫情》 20200305 悬壶抗疫有中医：</p>\n<p><a href=\"https://youtu.be/Pmsg5kReddo\" rel=\"nofollow ugc\">https://youtu.be/Pmsg5kReddo</a></p>",
      "level": 0,
      "highlight": false,
      "children": [
        {
          "id": "59b7b00b58b330e15156621096995040",
          "author": "我的梦",
          "time": "2020年03月12日 17:15",
          "content": "<p>有好心人编辑了一个清晰的版本</p>",
          "level": 1,
          "highlight": false,
          "children": []
        },
        {
          "id": "2ea4918a5301851e1b0623ab61d1c4c8",
          "author": "李宗恩",
          "time": "2020年03月12日 20:48",
          "content": "<p>謝謝你告訴我。</p>",
          "level": 1,
          "highlight": true,
          "children": [
            {
              "id": "25f35ad89c8bb26c0679c7b3d104f4ea",
              "author": "我的梦",
              "time": "2020年03月13日 01:40",
              "content": "<p>举手之劳</p>",
              "level": 2,
              "highlight": false,
              "children": []
            }
          ]
        },
        {
          "id": "2e284e67c07952e24af626aaed4cffcc",
          "author": "gordon",
          "time": "2020年03月14日 08:39",
          "content": "<p>国内到这里看会快一些，中央电视台网站很慢。https://v.qq.com/x/page/o3077vks0jg.html</p>",
          "level": 1,
          "highlight": false,
          "children": []
        }
      ]
    },
    {
      "id": "ce65f326a11122e4c420b05bac622d54",
      "author": "方學東",
      "time": "2020年08月11日 22:28",
      "content": "<p>感谢李医师</p>",
      "level": 0,
      "highlight": false,
      "children": []
    }
  ],
  "page": 22,
  "order": 5,
  "filename": "data\\page22\\page22_order4_0ca6da817cbcbf9044b3a59acfd70f9c.json"
}