{
  "article_url": "https://andylee.pro/wp/?p=7660",
  "title": "新冠肺炎的中醫救治及釋疑",
  "content": "<p>我於1月21日發表了第一篇新冠肺炎的文章「<a href=\"https://andylee.pro/wp/?p=7169\">從非典到新冠肺炎</a>」（<a href=\"https://andylee.pro/wp/?p=7169\">https://andylee.pro/wp/?p=7169</a>），那個時候是依據我多年治療很多各種流感肺炎急症及重症病例的經驗，來討論這個新型病毒可能的對應治療方法。這一個半月來，我直接及間接參與了治療新冠肺炎，和許多一線救治醫師及在背後做研究的專業人士討論，也研讀了很多相關的報導。雖然「武漢肺炎」改名為「新冠肺炎」(WHO英文名”Coronavirus Disease 2019″, 簡稱”COVID-19″)，病毒也由「2019-nCoV」正式命名為「SARS-CoV-2」，我確定了我原來的判斷及解說是對的。為了大家傳閱方便，我在這裡重新整理一次，也討論一些大眾可能有的疑慮。</p>\n<p>首先，中國很多省市都有使用中藥來對抗新冠肺炎，無論是中醫為主，還是中西醫結合，或多或少都有些療效。可是，為什麼各地中醫專家對新冠肺炎的看法及藥方會相差那麼多？而既然中藥有效，同一家醫院，同樣的中西醫結合治療，為什麼有些病人痊癒出院了，有些病人卻遲遲不能核酸檢測轉陰性，達到出院標準？</p>\n<p>很多參與治療或討論的中醫師，都只是從一個「點」上來看新冠肺炎，有的說是濕，有的說是燥，有的說是寒，有的說是熱。既然臨床都有些療效，那誰是對的？其實，都對也都不對。雖然中醫講求「辨證論治」，利用病人望聞問切下的綜合症狀來決定治療方法，不要忘了，「病」不是一個「點」，而是一個時間軸上的「線」，除了現在看到了什麼，還得去探討和以前及未來的連結。一位單獨的病人，我們或許可以從臨床看到病人時的情況來討論，對於大型瘟疫，我們必須從整個病情發展的進程來探討，再加上每個病人特殊情況來治療。</p>\n<p>從我治好過很多各種不同流感肺炎急症重症的經驗，加上這次參與治癒抗新冠肺炎的經驗來總結，無論是新冠病毒、禽流感、豬流感、還是每年的流感，人體敗壞的進程依然如同「傷寒雜病論」探討的一樣。不過，這些嚴重流感肺炎病情進程比普通的「外感」快非常多，病情猛烈頑強很多，也更容易因病人原有健康問題而複雜化。</p>\n<p>如我之前解釋的，「傷寒雜病論」對「外感」的敘述從「表虛」開始，身體最外層受到了「外邪」的侵犯，沒有好好抵擋下來而開始衰弱，出現「桂枝湯證」。皮表、肌肉的津液無法正常運作，開始了第一階段的轉變，造成了「表實」的「葛根湯證」、「麻黃湯證」等等，中醫古籍把這個階段稱為「表寒」。許多醫家就認為是「傷於寒」，白話說就是身體冷到了。其實，「傷於寒」並非「表寒」的唯一來源。當津液無法正常運作時，體表原本帶有熱氣、帶有能力的「活水」變成了一灘「死水」，也就造成了「表寒」。換句話說，「傷寒雜病論」並非如後代許多醫家解釋為只是治療「傷於寒」的病症，而是對人體生理和病理解釋非常透徹的一部經典。</p>\n<p>一般的「外感」停留在「表寒」這個階段，即使不治療，病人往往也可以自己康復。當「表寒」開始往身體內部發展，通常第一個受到影響的是與外界直接溝通的肺家，「表寒」轉變成了「裡寒」、「肺寒」，出現「小青龍湯證」等現象，病人開始咳嗽、流清鼻水等等。肺家受寒了，肺的津液運作開始出問題，好比汽車冷卻水無法正常運作，肺臟部份因津液不足而開始燥熱，進入下一階段，中醫稱為「入裡化熱」，變成比較嚴重的「大青龍湯證」，通常代表到了西醫的肺炎階段。然而，即使到了「入裡化熱」的「大青龍湯證」，不代表整個肺臟都燥熱，許多肺炎病人肺臟出現「寒熱夾雜」，肺部下方的寒稠痰飲還是可以繼續大量累積，甚至開始出現胸腔積水、肺積水等現象。這些複雜的變化，在「金匱要略」中「肺痿肺癰咳嗽上氣病脈證治第七篇」討論很多，「射干麻黃證」、「葶藶大棗瀉肺湯證」、「澤漆湯證」、「小青龍加石膏湯證」等等，可以混雜出現，把病情搞得很複雜，更隨著病人本身的情況而有很大的個體差異，不再是什麼簡單方劑可以對應的。</p>\n<p>譬如，這次新冠肺炎重症出現了一個奇怪的現象，讓許多西醫專家不解，一部分重症病人出現如SARS非典肺炎的肺纖維化，另一部分重症病人卻沒有出現如SARS非典肺炎的肺纖維化，反而肺臟裡累積了非常多濃稠的黏液，有些重症病人因此而被嗆死。這樣現象在中醫看來一點都不奇怪，肺纖維化是典型肺熱的「大青龍湯證」加重後的結果，或許可以和「肺痿」對應。而往生病人解剖發現的肺臟累積濃稠黏液，正好對應嚴重「射干麻黃證」、「葶藶大棗瀉肺湯證」等的「肺癰」現象。這兩條變化的道路，就看「肺痿」和「肺癰」哪一個進展更快，通常兩個是可以也常常一起出現的。以目前的報導看來，SARS非典肺炎偏向「大青龍湯證」為多，而新冠肺炎偏向「射干麻黃證」、「葶藶大棗瀉肺湯證」為多。</p>\n<p>上面解釋了流感肺炎類瘟疫的進程，大家就比較能理解為什麼中國各地中醫專家對新冠肺炎的看法及藥方會相差那麼多，卻好像都有一些效果。如果一位醫家看到的「點」，正好是輕症病人肺微微化熱，那麼一些所謂溫病派的清熱解毒輕劑，自然也可以幫上一些忙。如果一位醫家看到的「點」，正好是重症病人肺部已經大量累積濃稠黏液，那麼非得使用所謂經方派的祛肺癰重劑。所以，我們看到一些報導，廣州推廣的「肺炎一號」，以金銀花等清熱解毒的中藥材為主，在廣州有不錯的效果。可是，上海使用「肺炎一號」的效果卻不理想，非得使用麻黃、石膏等較重的中藥材。畢竟廣州和上海的天氣不一樣，收治的病人情況也不一樣，從單獨的「點」來看，兩個都對，但從整個瘟疫進程的討論上，兩個都沒有看到整條線、整個面。</p>\n<p>文章前面還問了另一個問題。既然中藥有效，為什麼有些病人痊癒出院了，有些病人卻遲遲沒有痊癒出院？根據許多一線醫生透露的消息，許多所謂「中西醫結合」的治療，西藥還是不斷的使用，只是額外加入中藥來治療。那些中藥方劑可能確實發揮了作用，讓部份病人開始好轉，或加速他們康復，這當然是件很好的事情。可是，那些額外加入中藥治療卻沒有改善的病人怎麼辦？根據一線醫生透露，醫療團隊急了，不是去深入思考中醫的治療方案，而是加大西藥的使用，干擾素、磷酸氯喹（抗瘧疾藥物）、阿比多爾（抗流感藥物）等不斷加重，這些西藥有嚴重的副作用及後遺症，武漢市還特地通知其它省市，磷酸氯喹不可多用，已經有使用過度而導致病人死亡的病例。這些「中西醫結合」不敢放下西藥，改以純中醫的方式來治療，代表這樣的中藥方劑，雖然有些效用，卻依然不到位。</p>\n<p>那中醫為主的治療呢？中國領頭對抗新冠肺炎的鐘南山院士，在眾多壓力下承認中藥對輕症及中型新冠肺炎有用處，卻仍堅持中醫無法治療重症病人，因為中藥材中找不到可以殺死新冠病毒的成分。很抱歉，鐘院士是錯的，中醫是可以治癒重症新冠肺炎及其它嚴重流感肺炎，沒有治好，是主治中醫師功力的問題，不是中醫這門學問無法應對。不過，鐘院士有一點說對了，中藥材中是找不到可以殺死新冠病毒的成分，因為中醫的治療根本不是殺死病毒！許多人對中醫的理解，只停留在「增加免疫力」或「板藍根有天然抗生素的成分」，這樣的認知是很差的。雖然現代科學還不能徹底解釋中醫的理論及臨床療效，針對新冠肺炎治療，比較好的解釋是「改善身體內部環境」。病毒想讓肺內黏液積多，中藥方劑把黏液退祛，病毒想讓肺纖維化，中藥方劑把肺熱降下來。中藥方劑強硬的把身體內部環境推回到比較正常狀態，不適合病毒大量複製繁衍，病人也就可以康復，這個解釋或許和西藥干擾素有雷同的地方，卻沒有西藥干擾素的嚴重副作用。也就是說，中藥之所以能治癒重症，並非含有什麼能殺死病毒的成分，也不一定是直接把人體免疫系統大幅增強來「殺死病毒」。</p>\n<p>回頭來討論中醫臨床如何獨當一面治療新冠肺炎。輕症到略偏中型病人，大概可以讓各地各派的中醫師「自由發揮」。中型到重症的病人，如我之前文章提到的，得使用石膏清肺熱、加強肺津液運作；射干、紫菀 、款冬花、生半夏、葶藶、大戟等把肺下方濃稠的痰飲、肺積水、及胸腔積液去掉；麻黃等宣肺、發陽；麥門冬、杏仁潤肺等等。綜合「大青龍湯」、「射干麻黃」、「葶藶大棗瀉肺湯」、「澤漆湯」等的方義，針對病人病情差異來把握用藥的時機、劑量、比例。另外，如果有其它病症，也得一併考慮。譬如中下焦寒濕、腎陽不足，得使用炮附子、細辛等，又譬如肝家受到牽連，或者之前西藥治療時使用大量干擾素而損傷肝臟，得使用柴胡、黃芩等等。嚴格考驗中醫師的功力與膽識，卻也可以充分驗證經典中醫對抗瘟疫療效卓越、快速、無後遺症、成本低廉。</p>\n<p>對抗這樣嚴重的瘟疫，並非單一中藥方劑可以解決的，必須深入了解疫病肺炎的進程，不同的病人情況，在不同的點上，使用最適合的藥方來攔截、來逆轉病情。然而，如果硬要推展一個「通方」的話，各地及各級政府發表眾多的中藥方中，國家中醫藥管理局推展的「清肺排毒湯」應該是最到位的方劑，建議使用麻黃、炙甘草、杏仁、生石膏、桂枝、澤瀉、豬苓、白朮、茯苓、柴胡、黃芩、薑半夏、生薑、紫菀、冬花、射干、细辛、山药、枳實、陳皮、藿香。不過，既然國家中醫藥管理局發佈的「清肺排毒湯」以「通方」為目標，必須同時兼顧輕症、中型、及重症病患，不得不把劑量減輕，原本該使用的「大青龍湯」變成了「麻杏甘石湯」。另外，沒有加入葶藶子、大戟等較重的中藥材來去除胸腔及肺臟積液，比較適合輕症和中型病例，對於重症病例，力度不足，得在此「通方」上再加強。</p>\n<p>只要中醫師有足夠的臨床功力，使用正確的方法，中醫是可以獨當一面治癒新冠肺炎重症病人的。目前，西醫沒有特效藥，只能靠激素、抗生素、干擾素、抗瘧疾藥物、抗流感藥物等，盡量想辦法維持病人的生命，被動等待病人的免疫系統逆轉病情。然而，就算重症病人靠西醫這樣的「支持性治療」而痊癒，往往不是全面恢復健康，而是換來許多後遺症。就算特效藥開發成功，連中國領頭抗疫的鐘南山院士都警告，特效藥很可能帶來嚴重的後遺症。既然如此，為什麼不全面推展中醫治療呢？</p>\n<p>English translation: <a href=\"https://andylee.pro/wp/?p=7729\">https://andylee.pro/wp/?p=7729</a></p>\n<p>Traducción Española: <a href=\"https://andylee.pro/wp/?p=7794\">https://andylee.pro/wp/?p=7794</a></p>",
  "article_time": "2020年03月07日 23:29",
  "comments": [
    {
      "id": "9f439d02b76f08930df2a5a90f32e9c7",
      "author": "lee 2020",
      "time": "2020年03月08日 01:03",
      "content": "<p>李醫師，您有考慮將本文翻寫成英文嗎? 無法讀中文的中醫師應該很需要知道這麼寶貴的資訊，謝謝。</p>",
      "level": 0,
      "highlight": false,
      "children": [
        {
          "id": "9fe8de68e6870f6bfe46d0f0e25e8819",
          "author": "andy",
          "time": "2020年03月10日 15:11",
          "content": "<p>翻譯成英文得花許多時間，如果有讀者願意幫忙翻譯，那值得考量。</p>",
          "level": 1,
          "highlight": true,
          "children": []
        }
      ]
    },
    {
      "id": "915600075f7178312766f0be9ad7f06f",
      "author": "趙建發",
      "time": "2020年03月08日 01:43",
      "content": "<p>中國領頭對抗新冠肺炎的鐘南山院士，在眾多壓力上承認中藥對輕症及中型新冠肺炎有用處，卻仍堅持中醫無法治療重症病人，因為中藥材中找不到可以殺死新冠病毒的成分。很抱歉，鐘院士是錯的，中醫是可以治癒重症新冠肺炎及其它嚴重流感肺炎，沒有治好，是主治中醫師功力的問題，不是中醫這門學問無法應對。</p>\n<p>若要找到殺病毒的中藥再治療那中醫就和西醫一樣，真是標準的中藥西藥化思想，這種中西醫結合已經由其發展的歷史證明是錯的！</p>",
      "level": 0,
      "highlight": false,
      "children": [
        {
          "id": "8720035eb87d5fdeafc06fc9adde9aaa",
          "author": "andy",
          "time": "2020年03月10日 15:12",
          "content": "<p>這樣的中藥提煉「有效成分」的思維，在中醫藥大學裡很興盛。</p>",
          "level": 1,
          "highlight": true,
          "children": []
        }
      ]
    },
    {
      "id": "e5c44a1a16b7faa97585468b671b8c4e",
      "author": "木叶",
      "time": "2020年03月08日 03:03",
      "content": "<p>有药能医龙虎病，无方可治众生痴。</p>",
      "level": 0,
      "highlight": false,
      "children": []
    },
    {
      "id": "76cfd35f02e9f20edb84f8edd1931b81",
      "author": "罗瑞芳",
      "time": "2020年03月08日 03:43",
      "content": "<p>这篇博文写得好，读后如拨云见日，感谢分享！<br/>\n西医在疫情期间，除了使用西药&amp;加快疫苗的研发之外，还使用了血浆疗法—即对治愈出院的患者隔离十四天后检测仍为阴性的，抽取该患者的血浆用于临床治疗。<br/>\n无论如何，通过此次疫情中传统中医药的所发挥的作用，相信国家政府对中医药文化的继承与发展的重视度又提高了一个level</p>",
      "level": 0,
      "highlight": false,
      "children": []
    },
    {
      "id": "2e4f30cd2b9fbd7ca2518db546606faf",
      "author": "shawn",
      "time": "2020年03月08日 04:37",
      "content": "<p>中医只要失手治死一个都罪大恶极，病家和中医黑一定会攻击医院政府没让西医介入。西医持证杀人。有时现实就是很无奈。<br/>\nanyway，文章分析非常好，感谢分享</p>",
      "level": 0,
      "highlight": false,
      "children": []
    },
    {
      "id": "6dfc0a52f9112b5179e47ff36d10901a",
      "author": "王彦强",
      "time": "2020年03月08日 06:24",
      "content": "<p>写的真好！其实文中的“峰院士”和中医界医师是扁鹊和李醯的关系。</p>",
      "level": 0,
      "highlight": false,
      "children": []
    },
    {
      "id": "f5e704c727ef377b88f043367c66803c",
      "author": "微雨落花",
      "time": "2020年03月08日 07:28",
      "content": "<p>前两天看完《中华医药 抗击疫情》还挺失落的，因为看到各地推广和使用的不同方剂，真心觉得连我这个中医爱好者都觉得杂乱，又如何说服那些不相信中医的人呢？所以心情是复杂的。看过李博言简意赅，深入浅出，条理清晰的解读之后，杂乱的方剂突然就生动起来了。如果节目组能够更专业一点，节目开始能站在李博的这个高度提纲挈领的做出介绍，可能宣传效果会更好。专业才是最有说服力的。庆幸还好有李博。中医之幸！中国民族之幸！</p>",
      "level": 0,
      "highlight": false,
      "children": [
        {
          "id": "383cf936ba14ad383bb517a878673c35",
          "author": "andy",
          "time": "2020年03月10日 15:14",
          "content": "<p>謝謝你的支持及鼓勵。</p>",
          "level": 1,
          "highlight": true,
          "children": []
        }
      ]
    },
    {
      "id": "b75146317f324f152e6a9daea0ab8c73",
      "author": "明遠",
      "time": "2020年03月08日 11:16",
      "content": "<p>李醫師 您好:</p>\n<p>真的很謝謝您，花時間做如此詳盡的解說，讓我有更深一層的認識。希望以後也能像這樣講解其他病例，幫助大家學習好中醫。</p>",
      "level": 0,
      "highlight": false,
      "children": [
        {
          "id": "057dfa1b20b45e153563122aefc19ace",
          "author": "andy",
          "time": "2020年03月10日 15:15",
          "content": "<p>謝謝你的支持及鼓勵。</p>",
          "level": 1,
          "highlight": true,
          "children": []
        }
      ]
    },
    {
      "id": "925dd580c72c45dbaebbe29eb4063190",
      "author": "岐黄小生",
      "time": "2020年03月08日 19:05",
      "content": "<p>新冠疫情改变了我的世界观和认知体系，茫茫网络中我在努力寻找答案，第六感觉只有中医能给我答案。众里寻他千百度，蓦然回首，在那灯火阑珊处。通过网络、借助机缘我认识了汉唐经方，一群有信仰、有担当、有情怀的经方传承者，在黑暗中燃烧自己发着微光，砥砺前行，同时也激励着我努力成为你们那样的人。而立未立，未惑先惑，情钟岐黄，传承经方，普救疾苦，是我下半生的愿景。身处中国五线县城，二次择业，通过动用各种关系拜师无门，身边人的讥笑、嘲讽与不解，但我心中的信念从未动摇过。我是不幸的也是幸运的，通过神奇的网络，弥补时空的隔阂，我有幸聆听到倪海厦老师的谆谆教导，隔空感受到倪海厦老师的博大胸襟，体悟到汉唐人敢为天下先的担当。我将无我，无负经方。</p>",
      "level": 0,
      "highlight": false,
      "children": [
        {
          "id": "a3fae1d2f7ca2b78b916399688bef020",
          "author": "andy",
          "time": "2020年03月10日 15:15",
          "content": "<p>謝謝你的支持及鼓勵。</p>",
          "level": 1,
          "highlight": true,
          "children": []
        }
      ]
    },
    {
      "id": "1a0db013498af8563d1e8514d5fb96f8",
      "author": "汪汪",
      "time": "2020年03月08日 21:07",
      "content": "<p>應該找cctv好好專訪一下李博士</p>",
      "level": 0,
      "highlight": false,
      "children": [
        {
          "id": "f3de76a5e7a5b5c77efc36876a4f46df",
          "author": "andy",
          "time": "2020年03月10日 15:21",
          "content": "<p>央視有很多非醫療的考量。</p>",
          "level": 1,
          "highlight": true,
          "children": []
        }
      ]
    },
    {
      "id": "38472b8869375c2f05c10d304a1304ca",
      "author": "杨子",
      "time": "2020年03月08日 22:41",
      "content": "<p>西药，如同中药，每个人吃后反应都不一样，每个人五脏六腑情况不同，结果肯定不可一样，南桔北桎的道理，我听倪大师的一句话，中医就是物理治疗，如水多治脾抢土，西医只能盯着一个地方，根本不了解五脏相生相克，身体水气系统与电力系统，温度系统等等</p>",
      "level": 0,
      "highlight": false,
      "children": []
    },
    {
      "id": "3ea580f13a244d546c76b5ff28ae5b9b",
      "author": "qing",
      "time": "2020年03月08日 23:55",
      "content": "<p>关于这个病毒，网上有一些很恐怖的新闻。治愈了以后没过多久又变阳性，最初很多人测出来阳性但是没有任何症状。造成大家非常恐慌，好像病毒会一直会潜伏在你的身体里，当你免疫系统软的时候，就攻击你。像乙肝和hiv一样。李医师，对这个怎么看？</p>",
      "level": 0,
      "highlight": false,
      "children": [
        {
          "id": "0cf79a09ed1f42637c62730a7e53b269",
          "author": "andy",
          "time": "2020年03月10日 15:19",
          "content": "<p>核酸檢測並非百分之百準確，同時在口腔咽喉取樣，無法和直接抽取肺液相比，所以，有的病人「轉陰」，並不一定代表百分之百好了、體內完全沒有病毒了。</p>",
          "level": 1,
          "highlight": true,
          "children": []
        }
      ]
    },
    {
      "id": "b11eb442ca37807479a1366322b6977b",
      "author": "viyiai",
      "time": "2020年03月10日 12:11",
      "content": "<p>感恩李医师的无私大爱！</p>",
      "level": 0,
      "highlight": false,
      "children": [
        {
          "id": "cf1a26f04324e7f9a80d678e88db6e94",
          "author": "andy",
          "time": "2020年03月10日 15:20",
          "content": "<p>謝謝你的支持及鼓勵。</p>",
          "level": 1,
          "highlight": true,
          "children": []
        }
      ]
    },
    {
      "id": "8d4788d21be62bc60a3fd2889490c22f",
      "author": "Calvin",
      "time": "2020年03月13日 22:56",
      "content": "<p>請問網路說以下肺炎的病程對嗎？<br/>\n是否像傷寒論說的六經演變的過程嗎？每個人都會經過這樣病程嗎？</p>\n<p>这是每天 ＃COVID-19感染的情况，请大家注意！</p>\n<p>#第1至3天<br/>\n1.症状几乎等于感冒。<br/>\n2.喉咙轻微疼痛。<br/>\n3.不发烧，不疲倦。您仍然可以正常饮食。</p>\n<p>＃第四天<br/>\n1.喉咙有点痛，身体疼痛。<br/>\n2.发出嘶哑的声音。<br/>\n3.体温约为36.5⁰C。<br/>\n4.开始影响饮食习惯。<br/>\n5.轻微头痛。<br/>\n6.轻微腹泻或消化系统问题。</p>\n<p>＃第五天<br/>\n1.喉咙痛，声音嘶哑。<br/>\n2.轻微发烧，温度介于36.5 -36.7⁰C<br/>\n3.身体虚弱，关节疼痛。</p>\n<p>#第六天<br/>\n1.轻微发烧，在37°C左右。<br/>\n2.咳嗽伴有粘液或干咳。<br/>\n3.进食，说话或吞咽时喉咙痛。<br/>\n4.疲劳，恶心。<br/>\n5.偶尔呼吸困难。<br/>\n6.手指疼痛。<br/>\n7.腹泻，并会呕吐。</p>\n<p>#第七天<br/>\n1.发烧更高，介于37.4 – 37.8⁰C<br/>\n2.咳嗽多，有痰。<br/>\n3.身体和头痛。<br/>\n4.腹泻加重。<br/>\n5.呕吐。</p>\n<p>#第八天<br/>\n1.发烧，介于38°C或38°C以上。<br/>\n2.呼吸困难，每次呼吸时感觉胸部沉重。<br/>\n3.持续咳嗽。<br/>\n4.头痛，关节痛和臀部痛。</p>\n<p>＃第九天<br/>\n1.症状不会改变，但会恶化。<br/>\n2.发烧加重。<br/>\n3.咳嗽持续，而会比之前更严重。<br/>\n4.呼吸困难，您必须努力呼吸。</p>\n<p>此时，需要进行血液检查和肺部X射线检查。</p>\n<p>#转发</p>",
      "level": 0,
      "highlight": false,
      "children": [
        {
          "id": "bc45a67c1146e15232a1536093f08cf3",
          "author": "李宗恩",
          "time": "2020年03月16日 10:39",
          "content": "<p>並非每個病人都有一樣的情況，「進程」只是一個大架構，讓醫生有個基本的思路。</p>",
          "level": 1,
          "highlight": true,
          "children": []
        },
        {
          "id": "72eff0a1b4d44746d1815c103f0ac1c1",
          "author": "gordon",
          "time": "2020年03月19日 07:36",
          "content": "<p>發現前面五天的症狀跟普通感冒基本是一樣的。不管什麼感冒症狀，如果能夠在前面幾天就把感冒消滅掉，那就不會惡化為肺炎了。很多人感冒最開始的症狀就是喉嚨痛。</p>\n<p>李醫師：請問在通許縣人民醫院，有沒有對新冠肺炎患者在喝中藥前後的汗水和大小便檢查是否有病毒存在？ 很好奇……</p>",
          "level": 1,
          "highlight": false,
          "children": [
            {
              "id": "a6ff05f52c64fecf49bce75d737783f9",
              "author": "李宗恩",
              "time": "2020年03月22日 12:07",
              "content": "<p>沒有去檢測那些，臨床治療都忙不過來了，那部分得留給研究人員去研究。</p>",
              "level": 2,
              "highlight": true,
              "children": []
            }
          ]
        }
      ]
    },
    {
      "id": "db7a675a40987727139a93de31c259b8",
      "author": "Eeatwest Welbeing",
      "time": "2020年03月17日 12:27",
      "content": "<p>If you have microsoft ware there are translation function, you can down load the Chinese version and tick the translation to English, then you will have the English version!</p>",
      "level": 0,
      "highlight": false,
      "children": [
        {
          "id": "ef391d2f2ae5db8b02f3583a8da2f27f",
          "author": "李宗恩",
          "time": "2020年03月17日 14:45",
          "content": "<p>The machine translation doesn’t always work well. It still needs lots of human attention to make corrections.</p>",
          "level": 1,
          "highlight": true,
          "children": []
        }
      ]
    },
    {
      "id": "2dbcc2705a235e2d048381d897313021",
      "author": "Calvin",
      "time": "2020年03月17日 07:35",
      "content": "<p>醫師我看最近美國已經很嚴重了，不知道你們那邊診所有治療美國得武漢肺炎的病人了嗎？他們外國人可接受嗎？</p>",
      "level": 0,
      "highlight": false,
      "children": [
        {
          "id": "6cb66ca778c2b3dbaa96043b48e4b142",
          "author": "李宗恩",
          "time": "2020年03月17日 14:48",
          "content": "<p>疑似病人只能用遠程看診，不然可能會感染其他病人。我診所有不少非華人的病人。</p>",
          "level": 1,
          "highlight": true,
          "children": [
            {
              "id": "db3464d7454250f6302af9e2adac7a41",
              "author": "Calvin",
              "time": "2020年03月18日 07:31",
              "content": "<p>美國現在已經失控了，最高峰還沒到，想說這時候應該可以讓非華裔肺炎病人見識一下中醫是可以處理的，當然也可救很多人…</p>",
              "level": 2,
              "highlight": false,
              "children": []
            }
          ]
        }
      ]
    },
    {
      "id": "10c51a3b13b8b72f2f4089c84ae0e86f",
      "author": "小雨",
      "time": "2020年03月18日 07:11",
      "content": "<p>现在全球疫情蔓延，李医生有论述中医如何防病的文章吗？期待拜读。</p>",
      "level": 0,
      "highlight": false,
      "children": [
        {
          "id": "d4b3bc56135a48977e7d820f5ce5744e",
          "author": "gordon",
          "time": "2020年03月22日 01:58",
          "content": "<p><a href=\"https://andylee.pro/wp/?p=7724\" rel=\"ugc\">https://andylee.pro/wp/?p=7724</a></p>",
          "level": 1,
          "highlight": false,
          "children": []
        },
        {
          "id": "b50611b7bdd88344df558a9faf1dee4f",
          "author": "李宗恩",
          "time": "2020年03月22日 10:35",
          "content": "<p>有記者採訪的短片。</p>",
          "level": 1,
          "highlight": true,
          "children": []
        }
      ]
    },
    {
      "id": "fdc62cd427e6d31418c77d438dca1e28",
      "author": "Wayne",
      "time": "2020年03月23日 17:06",
      "content": "<p>李醫師您好, 網站上提到小青龍對於輕症(如咳嗽和流鼻水)能有減緩病狀程度的效果,中醫講求的是對症下藥, 但如果不能及時就醫是否能以這帖為前期短暫的通方使用來減輕症狀, 讓身體免疫系統不至於完全瓦解.</p>",
      "level": 0,
      "highlight": false,
      "children": [
        {
          "id": "6c00f6048c3e33f2d6498c579e7edd01",
          "author": "李宗恩",
          "time": "2020年03月23日 17:11",
          "content": "<p>不能隨便服用，如果用錯藥方，反而可能加劇病情。</p>",
          "level": 1,
          "highlight": true,
          "children": []
        }
      ]
    },
    {
      "id": "2f5d46919f388c9b221d5db6dc7d34c0",
      "author": "內經初學者",
      "time": "2020年03月24日 22:50",
      "content": "<p>李醫師：</p>\n<p>問兩個問題：經方能把所謂無症狀的冠狀病毒帶菌者（呈陽性）治療好嗎（呈陰性）？</p>\n<p>還有無症狀的帶菌者將來會有什麼潛在的疾病？</p>",
      "level": 0,
      "highlight": false,
      "children": [
        {
          "id": "8f20f3f1919dc607c09d39cc9407ed91",
          "author": "李宗恩",
          "time": "2020年03月25日 12:18",
          "content": "<p>「無症狀」是西醫的講法，一般而言，中醫是可以看到症狀的，譬如舌苔白厚、無故盜汗、精神不佳等等。帶菌者即使現階段不發病，如帶狀皰疹一般，當身體虛弱時，可能開始發作。</p>",
          "level": 1,
          "highlight": true,
          "children": [
            {
              "id": "aaebe8d26bbf1c82b3a3aeba79f94525",
              "author": "內經初學者",
              "time": "2020年05月04日 21:24",
              "content": "<p>是不是金匮中提到的阳毒和阴毒？</p>",
              "level": 2,
              "highlight": false,
              "children": [
                {
                  "id": "b4199dbb263870fc983e7cb060d39f9b",
                  "author": "李宗恩",
                  "time": "2020年05月10日 20:12",
                  "content": "<p>不適合如此解釋。</p>",
                  "level": 3,
                  "highlight": true,
                  "children": []
                }
              ]
            }
          ]
        }
      ]
    },
    {
      "id": "f24546ef4ac93eb414126430424056a6",
      "author": "林強尼",
      "time": "2020年03月29日 07:57",
      "content": "<p>李醫師您好，美國紐約已經變成世界新的疫情中心了… 以下資訊供您參考<br/>\n<a href=\"https://udn.com/news/story/6811/4453121?from=udn-referralnews_ch2artbottom\" rel=\"nofollow ugc\">https://udn.com/news/story/6811/4453121?from=udn-referralnews_ch2artbottom</a></p>",
      "level": 0,
      "highlight": false,
      "children": [
        {
          "id": "89c41687c10aeb61a981b5ebd3116df0",
          "author": "李宗恩",
          "time": "2020年03月29日 20:39",
          "content": "<p>謝謝你轉發新聞。</p>",
          "level": 1,
          "highlight": true,
          "children": []
        }
      ]
    },
    {
      "id": "4c63d2427a36da44fd2b1645cbf3b7d2",
      "author": "纽约留学生",
      "time": "2020年03月29日 17:26",
      "content": "<p>李老师您好，我是一名在纽约读书的留学生。<br/>\n请问你们在纽约有工作室吗？<br/>\n现在纽约疫情十分严重，请问有什么比较推荐的中药预防药方吗？</p>",
      "level": 0,
      "highlight": false,
      "children": [
        {
          "id": "8605c401a6b0e5d772870fb85b411fc7",
          "author": "李宗恩",
          "time": "2020年03月29日 20:40",
          "content": "<p>我們在紐約沒有診所，有需要的話，請直接和診所聯絡，網頁上有診所資料。</p>",
          "level": 1,
          "highlight": true,
          "children": []
        }
      ]
    },
    {
      "id": "74d723f6ee1bfcc757858c134f03a16c",
      "author": "Frank",
      "time": "2020年04月08日 03:19",
      "content": "<p>西方醫學在哲學的角度上來說，可以說是存在著根本的錯誤。<br/>\n再這樣發展下去就算科技再進步個幾百年，也是治不好流感和癌症的。<br/>\n中醫在幾千年前就是哲學系統相當完善的一門科學了，不明白為何現在的中醫要走上西醫的歧途?</p>",
      "level": 0,
      "highlight": false,
      "children": [
        {
          "id": "c4213a364d954066ce4d5f2b045fe3dd",
          "author": "李宗恩",
          "time": "2020年04月08日 08:18",
          "content": "<p>是的，中醫得先回到最基本的層面，專注在臨床療效，臨床療效不好，中醫教育及研究，都是建立在一灘散沙上。</p>",
          "level": 1,
          "highlight": true,
          "children": []
        }
      ]
    },
    {
      "id": "90983d1fab36a354aab117fe61621077",
      "author": "漢毉_巫輔橋",
      "time": "2021年05月28日 17:43",
      "content": "<p>同證同治的思維，是西方醫學無法理解的，甚至是部分中醫人士也是如此。人一出生，就是用身體語言（症狀）來表達身體的不適。病名的定義，反而將問題放進了框框里，完全將思維凝固。將複杂的問題簡易化，古聖先賢看的更清楚。</p>",
      "level": 0,
      "highlight": false,
      "children": [
        {
          "id": "732c447d4e957953e7f4f0ad4863798e",
          "author": "李宗恩",
          "time": "2021年05月28日 18:48",
          "content": "<p>很多人也誤解「同證同治」，以為同樣「症狀」就用一樣方式治療，「證」是病人的整體綜合表現，嚴格來說，不同的病人不會有完全一樣的「證」，只能說大方向一樣。</p>",
          "level": 1,
          "highlight": true,
          "children": []
        }
      ]
    },
    {
      "id": "2856068d2efd5b37712e7157e0d3920d",
      "author": "ggy",
      "time": "2022年12月13日 18:49",
      "content": "<p>言简意赅，妙不可言。</p>",
      "level": 0,
      "highlight": false,
      "children": []
    },
    {
      "id": "41c5509405d799cfbee0db6b1a2b5708",
      "author": "学人子明",
      "time": "2022年12月29日 20:53",
      "content": "<p>前來學習了。對於肺部病癥的辯證領悟了很多。感謝分享。<br/>\n鐘是錯的。他是講肺癌起於抽油煙機那一派的。現在有人把他講抽油煙引起肺癌的講話發在網上，後半部分還附上了倪師罵美國婦女不用抽油機也會得肺癌。倪師調侃的語氣就很好笑。近期又發表講話新冠只是感冒。他可能是個面壁者。<br/>\n雖然中醫現在仍然不是主流，也備受歧視。但我相信您帶著的是中華文明的火種，世界未來的火種。</p>",
      "level": 0,
      "highlight": false,
      "children": []
    },
    {
      "id": "4d4557c7d819665de058658b6e25aa0f",
      "author": "sclin",
      "time": "2024年06月09日 06:01",
      "content": "<p>今天在新闻上看到一个闻臭袜子进ICU，西医说是真菌感染性肺炎，发病非常彪悍两天双肺全白，真菌感染西医治疗手段只有换肺，别无其他治疗手段，李大夫是否有治疗过西医所谓的真菌性肺炎吗，可否谈谈其看法与思路</p>",
      "level": 0,
      "highlight": false,
      "children": [
        {
          "id": "c29d8df166f62644f84d140eb9b5b978",
          "author": "李宗恩",
          "time": "2024年06月20日 10:00",
          "content": "<p>中醫不是以西醫病名來診斷治療。</p>",
          "level": 1,
          "highlight": true,
          "children": []
        }
      ]
    }
  ],
  "page": 22,
  "order": 4,
  "filename": "data\\page22\\page22_order3_8720035eb87d5fdeafc06fc9adde9aaa.json"
}