{
  "article_url": "https://andylee.pro/wp/?p=8423",
  "title": "臺北漢唐經方論壇醫案實錄三集",
  "content": "<figure class=\"wp-block-image size-large\"><img alt=\"\" class=\"wp-image-8422\" decoding=\"async\" fetchpriority=\"high\" height=\"1024\" sizes=\"(max-width: 768px) 100vw, 768px\" src=\"https://andylee.pro/wp/wp-content/uploads/2020/07/1595429823297-768x1024.jpg\" srcset=\"https://andylee.pro/wp/wp-content/uploads/2020/07/1595429823297-768x1024.jpg 768w, https://andylee.pro/wp/wp-content/uploads/2020/07/1595429823297-225x300.jpg 225w, https://andylee.pro/wp/wp-content/uploads/2020/07/1595429823297-1152x1536.jpg 1152w, https://andylee.pro/wp/wp-content/uploads/2020/07/1595429823297-1536x2048.jpg 1536w, https://andylee.pro/wp/wp-content/uploads/2020/07/1595429823297.jpg 1773w\" width=\"768\"/></figure>\n<figure class=\"wp-block-image size-large\"><img alt=\"\" class=\"wp-image-8421\" decoding=\"async\" height=\"768\" sizes=\"(max-width: 1024px) 100vw, 1024px\" src=\"https://andylee.pro/wp/wp-content/uploads/2020/07/1595429916420-1024x768.jpg\" srcset=\"https://andylee.pro/wp/wp-content/uploads/2020/07/1595429916420-1024x768.jpg 1024w, https://andylee.pro/wp/wp-content/uploads/2020/07/1595429916420-300x225.jpg 300w, https://andylee.pro/wp/wp-content/uploads/2020/07/1595429916420-768x576.jpg 768w, https://andylee.pro/wp/wp-content/uploads/2020/07/1595429916420-1536x1152.jpg 1536w, https://andylee.pro/wp/wp-content/uploads/2020/07/1595429916420-2048x1536.jpg 2048w, https://andylee.pro/wp/wp-content/uploads/2020/07/1595429916420-640x480.jpg 640w\" width=\"1024\"/></figure>\n<p>臺北漢唐中醫診所承續倪海厦老師在臺北的臨床醫療，並創辦漢唐經方學堂，傳承倪老師的經方教學，多年來已教導了數百位中醫學子，許多位已經從中醫藥大學學生成長為口碑優良的臨床中醫師。臺北漢唐中醫診所連續幾年舉辦漢唐經方論壇，邀請臨床經驗豐富、療效卓越的倪老師學生及學生的學生與會，解說他們真實的臨床病例，每年皆有很多中醫師、中醫學生及中醫愛好者參加聽講。會後工作人員辛苦地把每位講師的演講內容一一逐字轉為文稿，整理出版書籍及 DVD視頻，目前已經出版了兩集，第三集也即將出版。在此特意表達對所有工作人員的感謝，並為「臺北漢唐經方論壇醫案實錄」大力宣傳，有意購買的讀者請直接聯絡臺北漢唐中醫診所。簡體中文版正在協商討論，期待在中國大陸出版，讓大陸數十萬的倪老師粉絲了解真正的倪老師學說，不為網路上紛紛擾擾的虛假宣傳給誤導。</p>\n<p>臺北漢唐中醫診所，臺北市信義區忠孝東路五段242號4樓，（02）8786-2058</p>\n<p>漢唐經方學堂，臉書頁面 <a href=\"https://www.facebook.com/NiHT100/\">https://www.facebook.com/NiHT100/</a></p>\n<p>下面是主編的書籍介紹：</p>\n<p><strong>第三屆臺北漢唐經方論壇醫案實錄</strong></p>\n<p>臺北漢唐經方論壇是漢唐經方學堂最重要的學術交流、醫案研討發表的場域，講者皆為倪師親傳及再傳弟子，將具有重大參考價值的醫案整理後發表，內容詳實，將診斷病人的思路、治療方向和病程演進，鉅細靡遺的講述，讓喜愛經方的同好能一同參與和學習。第三屆論壇歷經兩年的籌備，共有13位醫師與會報告，會中影像及投影片已印製光碟發行，會議中演講內容以逐字稿形式出版，兩者同時收藏即可重現論壇當天活動風采。</p>\n<p>本書內容分為兩部分：前半為第三屆臺北漢唐經方論壇醫案發表逐字稿全文，後半為倪師海厦公生平介紹。此次論壇發布之醫案包羅萬象，首先是何依純醫師對甲狀腺癌經西醫治療後的經方術後調養；徐光佑醫師不為病名所綁的眼科案例；李宗恩醫師的兩例重症醫案分享，MLL-AF6 Leukemia及類風溼性關節炎；陳雅香醫師詳實的艾灸傳奇；王建富醫師續前年的肝癌末期危症搶救、老年失智照護，及首度出現的中獸醫治療四肢癱瘓的吉娃娃驗案；陳又新醫師治療經西醫治療缺血性腸阻塞後無法行走的退化性關節炎患者；朱筱琪醫師以經方治療富貴手速效的經過；李孟蓉醫師的胸痹治療；張宸鴻醫師的柴胡龍骨牡蠣湯、溫經湯、吳茱萸湯的比較和醫案解說；羅美惠醫師治療皮膚癢疹及急性膽囊炎針藥並施的過程；范陞豪醫師的大青龍湯醫案及僵直性脊椎炎施治效果；劉堯欽醫師的IgA腎病全治經過；最後是陳宇輝醫師介紹貝西氏症的來龍去脈。醫師們詳盡的解說病情的進退和用藥施治的結果，在臨床醫學上極富參考價值與意義。</p>\n<p>後半部為倪海厦恩師的生平介紹，倪老師年輕即通五術，山醫命相卜皆有極深厚的造詣，在紫微斗數解盤、陽宅風水都運用易數和象推演解釋，開創易派象數宗，以天紀教材傳世；醫學上以經方為主幹，御繁為簡，陰陽學說貫穿辨證及用藥，傳承古法針灸並納各家之長，結合天紀將醫學做到難以企及的高度，教材以人紀為名，傳世行之以年，我們能從此書窺見倪師浩瀚淵博的知識體系，真正完整了解倪師的生平梗概。經方能夠傳世，自是因其療效顯著；經方的復興，倪師貢獻極大，二十年前並沒有談論經方的聲浪，網路搜尋經方二字，幾無結果，倪師言簡剛中，抨擊時政，加上療效驚人，人紀教材問世後，經方終於成為中醫界不可忽視的派別，華人世界中，經方儼然變成講邏輯、重科學思維的知識份子的最愛，擺脫落伍無稽的刻板印象，我們受師恩感召，自當延續香火，為恩師所學尋覓傳人，漢唐經方學堂成立六載有餘，持續傳遞經方思想，北高教室先後成立，漢唐分院也在今年陸續開設，高雄漢唐、民生漢唐皆為學堂直營的分院，年底中壢漢唐也即將問世，我們設教室、開分院、辦論壇的腳步會持續下去，經方的火炬會代代相傳永續經營。</p>\n<p>恩師仙逝後，我們戰戰兢兢前進，現在能有些許成績，有賴諸位師兄的大力協助，學堂師長徐光佑、陳宇輝、劉堯欽三位醫師功不可沒，陳又新、陳雅香、王建富醫師年年義氣相挺，李宗恩醫師半夜跨海視訊報告，並協助恩師傳記的編寫，諸位學堂畢業的醫師群也提供質量俱佳的醫案，是漢唐經方論壇的英雄人物，你們的貢獻自當流傳後世，成為歷史的一部分。</p>\n<p><strong>第二屆臺北漢唐經方論壇醫案實錄</strong><br/><br/>第二屆臺北漢唐經方論壇在2017年九月順利閉幕，與會發表的十三位中醫師，皆為恩師倪海厦親傳及再傳弟子，將過去一年內的醫案和心得做有系統的整理和講演，漢唐經方學堂及漢唐經方推廣協會按慣例將論壇活動內容分為DVD光碟和演講逐字稿出版發行。    </p>\n<p>本書內容共分兩部份：前半為第二屆臺北漢唐經方論壇醫案發表逐字稿全文，後半為倪師海厦公生平介紹。臺北漢唐經方論壇的舉辦，是要提供經方醫案發表、交流和研究的場域，以及擴大經方學習和接觸的人口。此次論壇發布之醫案包羅萬象，首先是李宗恩醫師開場介紹倪師醫學思想中最重要的陰陽學說和水的循環模型，並輔以醫案解說；王建富醫師的肝癌和淋巴癌醫案分享；陳雅香醫師詳實的艾灸實驗錄；劉堯欽醫師對經西醫手術治療肝癌後的症狀處理；陳又新醫師對肝癌末期患者的治療歷程及如何判斷病進病退的重要發現；施合一醫師以肺癌肝癌口腔癌說明經方治療的攻守進退以及飲食建議和禁忌；陳宇輝醫師治癒西醫不治之症的紀錄和解析；最後是漢唐經方學堂訓練的五位醫師醫案分享。醫師們詳盡的解說病情的進退和用藥施治的結果，在臨床醫學上極富參考價值與意義。    </p>\n<p>恩師倪海厦手創漢唐經方一派，為了彰顯恩師行誼和紀念恩師德澤，協會花了三年時間，向倪師家人友人和學生們進行多次訪談，拼湊倪師生平和編年紀事，將倪師生平做公正客觀的描述，讓後人得以認識恩師，相關文字內容會附在每屆出版品中，以示學生不忘本之意。    </p>\n<p>第二屆漢唐經方論壇的順利舉辦，首先要感謝願意分享的每位醫師，成功的醫案分享對中醫的發展和推廣有最直接的貢獻和助益，還有要感謝辛苦籌備及參與活動的工作人員，包含日夜連續加班的臺北漢唐中醫診所同仁以及漢唐經方學堂的同學們，另外倪師早年的學生，也就是我們資深的師兄師姐們願意熱情參與，對我們不啻是一大鼓舞和肯定。倪師生平資料的蒐集上，首先要感謝師母的大力協助，我們才得以接觸許多早期的師兄姐，諸多疑問也都有賴師母的佐證和說明；感謝學堂三位師長：徐光佑、陳宇輝及劉堯欽師兄，隨時提供即時的回覆和協助；感謝李宗恩師兄還原矽谷損友團的成立始末；感謝李翠婷師姊回憶深圳漢唐中醫館成立到分岐的種種原由和倪師真正的遺願，我們也要感謝所有受訪的師兄姐和前輩，沒有你們犧牲時間配合，斷然不會有倪師生平的問世，由於受訪者眾多，在此不一一致謝，另外倪師在扶陽論壇和史丹佛演講內容參考了李宗恩師兄在網路上的著作，在此一併致謝，在這過程中提供協助的所有人們，我們都心懷感激。    </p>\n<p>感謝您購買此書，希望這本書在經方的學習路上能給您帶來些許啟發、些許助益，而倪師的事蹟和思想能流傳後世，那就是我們出版此書最大的期待和盼望。</p>\n<p><strong>第一屆臺北漢唐經方論壇醫案實錄</strong></p>\n<p>第一屆台北漢唐經方論壇集結了十三位醫師，包含倪海厦中醫師的親傳弟子和再傳弟子，對外公開醫案研討，為我們演示了經方治病的種種，小至下痢，重至癲癇和各種癌症，醫師們仔細的講述病情的來龍去脈和施治結果，並且無私的說明治療思路和用藥施針的要點，在臨床醫學上極具參考價值，不管是專業中醫人士或是一般民眾，都可以從中獲得許多啟發，在中醫重症治療上，也留下寶貴驗案供人研究。</p>\n<p>出版品有論壇活動錄影檔DVD和醫案逐字稿，醫案逐字稿後半部有倪海厦醫師的生平介紹，歡迎大家訂購。</p>",
  "article_time": "2020年07月22日 11:47",
  "comments": [
    {
      "id": "0c44b1025c1c25815cf778b3aee656d8",
      "author": "四川 颜永信",
      "time": "2020年07月22日 16:40",
      "content": "<p>论坛医案可以在网上发表。因大陆出书批准手续难。台北出版的书在大陆发行可能要销售许可证，二难。</p>",
      "level": 0,
      "highlight": false,
      "children": [
        {
          "id": "3af6b12038af33b516b0713816289343",
          "author": "ieitZYB",
          "time": "2020年07月22日 19:26",
          "content": "<p>不难，方法很多。<br>\n比如至少都知道“阿里巴巴”，李医师还参加“赢在中国第二季”创业项目电视活动等。<br>\n现在社会没有比购物更方便的通道了：<br/>\n<a href=\"https://www.amazon.com/\" rel=\"nofollow ugc\">https://www.amazon.com/</a><br/>\n了解一下，<br/>\n<a href=\"https://www.ebay.com/\" rel=\"nofollow ugc\">https://www.ebay.com/</a><br/>\n再了解一下。</br></br></p>",
          "level": 1,
          "highlight": false,
          "children": []
        },
        {
          "id": "b9c0df4d099c9cb91bb8cad58fef961b",
          "author": "ieitZYB",
          "time": "2020年07月22日 19:30",
          "content": "<p>打一个电话，留一个地址，发一个快递，有何难。<br/>\n臺北漢唐中醫診所，臺北市信義區忠孝東路五段242號4樓，（02）8786-2058<br/>\n<a href=\"http://www.hantang.com/chinese/ch_Articles/copyright4.htm\" rel=\"nofollow ugc\">http://www.hantang.com/chinese/ch_Articles/copyright4.htm</a><br/>\n購買者請傳真到台灣台北訂購傳真號碼:02-8786-2078。 如有任何疑問時，請跟苗小姐連絡。</p>",
          "level": 1,
          "highlight": false,
          "children": [
            {
              "id": "86df983e2dee2f45cd7a8a27b3359f1b",
              "author": "柯伟",
              "time": "2020年08月05日 01:42",
              "content": "<p>“購買者請傳真到台灣台北訂購傳真號碼:02-8786-2078。 如有任何疑問時，請跟苗小姐連絡。”我是大陆的，想购买臺北漢唐經方論壇醫案實錄三集，实在找不到怎么个方式，电话打了好多次，显示是空号，苗小姐也不知如何联系。请帮忙给个联系方式，或者其他能够买到就行。谢谢</p>",
              "level": 2,
              "highlight": false,
              "children": [
                {
                  "id": "aac0d183fd1ae042443cfa2c5579248c",
                  "author": "李宗恩",
                  "time": "2020年08月05日 09:36",
                  "content": "<p>直接打電話到台北漢唐中醫診所 +886 2 8786 2058。苗小姐應該已經沒有在處理這些事宜了。</p>",
                  "level": 3,
                  "highlight": true,
                  "children": [
                    {
                      "id": "94a24d0f7a2d241281d541810da1b074",
                      "author": "柯伟",
                      "time": "2020年08月05日 20:35",
                      "content": "<p>李医师，今天看到留言，按照打电话过去预想购买论坛医案实录，电话能打通，响铃后对方挂断电话，我是通过手机打的，不知道是不是我方式有问题？还是不方便大陆购买？</p>",
                      "level": 4,
                      "highlight": false,
                      "children": []
                    },
                    {
                      "id": "7a3b3a829aeee7cf1cb1cf94cd13ad27",
                      "author": "李宗恩",
                      "time": "2020年08月07日 09:12",
                      "content": "<p>我不清楚台北漢唐中醫診所如何接受外地訂購，不過，他們應該會接電話及解説細節。</p>",
                      "level": 4,
                      "highlight": true,
                      "children": []
                    }
                  ]
                },
                {
                  "id": "a27faacd0a15748c5a4bd09f0a497775",
                  "author": "ieitZYB",
                  "time": "2020年08月05日 16:10",
                  "content": "<p>稍后如果专门网站做好，应该是直接下单就可以坐等收货了。<br/>\n双方效率都会高些，技术上当然会有更方便的方法，也很容易，最简单直接就是开个淘宝店铺如“厚朴<br/>\n<a href=\"https://shop35268299.taobao.com、\" rel=\"nofollow ugc\">https://shop35268299.taobao.com、</a><br/>\n正安<br/>\n<a href=\"https://shop292076219.taobao.com\" rel=\"nofollow ugc\">https://shop292076219.taobao.com</a> ”。</p>",
                  "level": 3,
                  "highlight": false,
                  "children": []
                }
              ]
            }
          ]
        }
      ]
    },
    {
      "id": "b229ed2748d367fd332c7e748ce2982f",
      "author": "Zhoujie",
      "time": "2020年07月22日 17:21",
      "content": "<p>李博士，我想问一下大陆想买的话也可以直接联系么</p>",
      "level": 0,
      "highlight": false,
      "children": [
        {
          "id": "d65505b91dd2fa9b86ecd59559a620f1",
          "author": "李宗恩",
          "time": "2020年07月24日 09:30",
          "content": "<p>你直接問臺北漢唐。</p>",
          "level": 1,
          "highlight": true,
          "children": []
        }
      ]
    },
    {
      "id": "ffd88d99fab4d59008e17b461cc430c9",
      "author": "中医小白",
      "time": "2020年07月22日 21:03",
      "content": "<p>请问大陆怎么购买？</p>",
      "level": 0,
      "highlight": false,
      "children": [
        {
          "id": "646475d1a6c8df7457c8ecb4cd2abeaa",
          "author": "李宗恩",
          "time": "2020年07月24日 09:30",
          "content": "<p>直接問臺北漢唐。</p>",
          "level": 1,
          "highlight": true,
          "children": []
        }
      ]
    },
    {
      "id": "ae63f042f30a485ce632d767e5d711c4",
      "author": "李晨",
      "time": "2020年07月24日 07:48",
      "content": "<p>最近在网络上发现一些人，盗倪老师的智慧产权，开设斗数班，把倪老师讲的话一字不漏的复制过来。好比倪老师说1他也说1。这类人是非常恶心的，非奸即盗。本人看了也是非常气愤。学可以，但你也不能原字不漏的把别人的口吻复制过来强加给自己啊，没有道德。我看过不少这类人。那些盗倪老师教材的人原字不漏说的，开班的，劝你们好自为之！人家的思想创作也是辛苦得来的！</p>",
      "level": 0,
      "highlight": false,
      "children": []
    },
    {
      "id": "332d390955c61a96c1d6cdd2599e8199",
      "author": "江苏~义欣",
      "time": "2020年07月27日 07:08",
      "content": "<p>可以建个公众号平台，有商城。这样大家买书就很方便，有关经方的论文都可以放在公众号里方便大家学习</p>",
      "level": 0,
      "highlight": false,
      "children": [
        {
          "id": "77e942f9bb09d1489c0d58b89ce09da9",
          "author": "李宗恩",
          "time": "2020年07月28日 12:50",
          "content": "<p>會設立網站平台，許多世界各地的華人不使用微信。</p>",
          "level": 1,
          "highlight": true,
          "children": [
            {
              "id": "495dd0df29f8abc643dbccd5325a0689",
              "author": "ieitZYB",
              "time": "2020年08月02日 16:37",
              "content": "<p>考虑认真做个义工，做技术支持部分，已发邮件到“info@youngqi.com”。<br/>\n是时候加快行动了，酒好也怕巷子深，正确的医学应该尽可能的推而广之。<br/>\n从技术、效率层面，请认真考虑我和我们的技术小伙伴支持；技术交给我们非临床的，内容交给你们临床医师。<br/>\n期待邮件回复。</p>",
              "level": 2,
              "highlight": false,
              "children": [
                {
                  "id": "2da1e482b7f62eafd7fc2ff96354d849",
                  "author": "李宗恩",
                  "time": "2020年08月03日 09:19",
                  "content": "<p>謝謝你聯絡診所，我會請同仁討論這件事。</p>",
                  "level": 3,
                  "highlight": true,
                  "children": []
                }
              ]
            }
          ]
        }
      ]
    },
    {
      "id": "c6cf5773a8b8d741f717b18955c5e06b",
      "author": "gordon",
      "time": "2020年07月28日 02:36",
      "content": "<p>李醫師，請問:问止中医 是您的師兄弟開的嗎？<br/>\n<a href=\"https://mp.weixin.qq.com/s/Cq-eiY688z7cd6j0-N2nfw\" rel=\"nofollow ugc\">https://mp.weixin.qq.com/s/Cq-eiY688z7cd6j0-N2nfw</a></p>",
      "level": 0,
      "highlight": false,
      "children": [
        {
          "id": "451e97ed7fecf2f0eb9fee48aa6e8b6b",
          "author": "李宗恩",
          "time": "2020年07月28日 13:15",
          "content": "<p>我認得林大棟醫師，曾經是好朋友，很可惜，林醫師這兩年改變很大，我就不多說了。至於問止中醫盜版販賣倪老師人紀書籍，以及利用倪老師名聲來宣傳，那就大家自己去了解及評價吧。</p>",
          "level": 1,
          "highlight": true,
          "children": []
        }
      ]
    },
    {
      "id": "d275e466137d549434ba9333d1b20423",
      "author": "李晨",
      "time": "2020年07月28日 15:32",
      "content": "<p>是呀，開始去年在貼吧就看到了，打著倪老師的名義， 268元錢都騙，無語了。</p>",
      "level": 0,
      "highlight": false,
      "children": []
    },
    {
      "id": "778b8b24e9d6926fcc28e37ff9f7404b",
      "author": "hide77625",
      "time": "2020年08月02日 19:04",
      "content": "<p>第二届里，劉堯欽醫師對經西醫手術治療肝癌後的症狀處理？我记得是对西医手术治疗乳癌的处理？</p>",
      "level": 0,
      "highlight": false,
      "children": [
        {
          "id": "47034cd27cff8ca6a8c0ba2fdebfee33",
          "author": "李宗恩",
          "time": "2020年08月03日 09:19",
          "content": "<p>我不清楚，我是視訊演講的。</p>",
          "level": 1,
          "highlight": true,
          "children": []
        }
      ]
    },
    {
      "id": "08b14090f9cca867bab214bcb1f813d2",
      "author": "永恒的爱恋",
      "time": "2020年08月13日 08:11",
      "content": "<p>请问大陆的学生有什么途径能购买到以上书籍吗？</p>",
      "level": 0,
      "highlight": false,
      "children": [
        {
          "id": "36603d045a79f11643e52f316b072e38",
          "author": "ieitZYB",
          "time": "2020年08月13日 14:12",
          "content": "<p>不要急，先记录国际标准书号“ISBN:978-986-95066-0-1”，保存着。<br/>\n上文有联系方式“臺北漢唐中醫診所，臺北市信義區忠孝東路五段242號4樓，（02）8786-2058”，可选择写封挂号信、打个电话试试。</p>",
          "level": 1,
          "highlight": false,
          "children": []
        },
        {
          "id": "010e3b5b0f2f47b58272e515eb2f5568",
          "author": "李宗恩",
          "time": "2020年08月17日 17:31",
          "content": "<p>請和台北漢唐中醫診所直接聯絡。</p>",
          "level": 1,
          "highlight": true,
          "children": []
        }
      ]
    },
    {
      "id": "97ca2616753788c8c7465dd0f1227b47",
      "author": "李晨",
      "time": "2020年08月13日 17:41",
      "content": "<p>不过过多的信下面这位，他所发布的网站不要轻易点击，尤其是淘宝链接的，正安厚朴药店，完全是在做一些广告，听从这个网站的博客主人的话比较合<br/>\n适，上面有联系方式。点击不明网站，小心银行卡。<br/>\n在者，义工这个职业既是辛苦又美丽的一个职业，并不是每一个人都可以做的，心美才是最终的美。</p>",
      "level": 0,
      "highlight": false,
      "children": [
        {
          "id": "df621b464553cf5d9c463201e9b65028",
          "author": "ieitZYB",
          "time": "2020年08月14日 18:33",
          "content": "<p>不要急，先记录国际标准书号“ISBN:978-986-95066-0-1”，保存着。<br/>\n上文有联系方式“臺北漢唐中醫診所，臺北市信義區忠孝東路五段242號4樓，（02）8786-2058”，可选择写封挂号信、打个电话试试。</p>",
          "level": 1,
          "highlight": false,
          "children": [
            {
              "id": "44c696fd201d77ce46fe111621d9f859",
              "author": "ieitZYB",
              "time": "2020年08月14日 18:52",
              "content": "<p>解释下这段吧，其中信息有二：<br/>\n1、【跟出版社联系购买】根据文章图（封底）国际标准书号（ISBN），可以查到出版社。<br/>\n2、【跟“作者”联系购买】引用文章已经明确的“臺北漢唐”联系方式。</p>",
              "level": 2,
              "highlight": false,
              "children": []
            }
          ]
        },
        {
          "id": "bb751a73490c13b7266a3b9812f148ee",
          "author": "ieitZYB",
          "time": "2020年08月14日 18:46",
          "content": "<p>-大多技术不通的粉丝如小李。<br/>\n-信息只是信息而已，要自己思考。<br/>\n-“第三方担保”交易的淘宝网络购物，确认收货、检验后再二次确认付款，7天无理由等规则保障是合理的。<br/>\n-厚朴门诊治疗不满意就退款的广告，我觉得没毛病吧，可以广而告之。<br/>\n-我们这些人，都是受梁冬、徐文兵(厚朴堂主)的内经对话影响呀；广(播)告(诉)我们信息，信息要们自己再思考判断。<br/>\n-倪师说谁都别信，要信治疗后自己的身体反应；喝水都吐，药开对的就是不吐，别拒绝喝药，要假设是对的，接收过来，验证一下，再下结论（确认收货、付款）。</p>",
          "level": 1,
          "highlight": false,
          "children": []
        }
      ]
    },
    {
      "id": "ad4b79564f0c3a8db465d51c26db1893",
      "author": "李晨",
      "time": "2020年08月15日 01:29",
      "content": "<p>徐文兵，人家是經營公司賺錢的，誰跟你認真看病，和厚德一樣，倪老師和徐文兵兩家當時網上就開了帖子討論過，說，倪老師精專學術都是干貨，但賺錢不如徐文兵，徐文兵賺的錢很多，技術0蛋。<br/>\n所以講中醫很好賺錢，我是沒有中醫資格證，不然也投個商標，把診費提高1000以上，葯價格加3倍謊稱是最好的藥，其實也是藥材市場找的，反正中藥隨便吃又吃不死，你看我厲害吧，以賺錢為目的。<br/>\n不過我所假想的比較難，除非我有100萬，就可以購買正規的執照，考試都不用考了。我也是學人家的，畢竟人家都這樣干賺錢。</p>",
      "level": 0,
      "highlight": false,
      "children": [
        {
          "id": "c15f0deb1842f92117749cfaaf933c9d",
          "author": "ieitZYB",
          "time": "2020年08月15日 18:48",
          "content": "<p>-倪师说中医必须成为主流，李医师是EMBA，大致说过西医近现代（在中国取代中医）成为主流，是市场经济的结果，要用市场经济的方式取得（在赢利模式下发展）。我觉得也很合理，您觉得呢？^_^</p>\n<p>-李医师也是“穿阿玛尼的中医”：<br/>\n<a href=\"http://doctorinarmani.com/wp-cn/%e5%b0%8f%e8%af%b4%e7%ae%80%e4%bb%8b/\" rel=\"nofollow ugc\">http://doctorinarmani.com/wp-cn/%e5%b0%8f%e8%af%b4%e7%ae%80%e4%bb%8b/</a></p>\n<p>-李医师的阳气中医诊所也很漂亮：<br/>\n<a href=\"https://andylee.pro/wp/?page_id=2115\" rel=\"ugc\">https://andylee.pro/wp/?page_id=2115</a><br/>\n（新地址（09/06/2019喬遷）：3160 De La Cruz Boulevard, #250, Santa Clara, CA 95054）</p>\n<p>-硅谷中医损友团:<br/>\n<a href=\"http://tcmfriends.com/\" rel=\"nofollow ugc\">http://tcmfriends.com/</a><br/>\n有本部落格主人报道的《扶陽論壇上海行》之（四）：<br/>\n<a href=\"http://tcmfriends.com/wp/?p=2578\" rel=\"nofollow ugc\">http://tcmfriends.com/wp/?p=2578</a><br/>\n之（三）<br/>\n<a href=\"http://tcmfriends.com/wp/?p=2561\" rel=\"nofollow ugc\">http://tcmfriends.com/wp/?p=2561</a><br/>\n之（二）<br/>\n<a href=\"http://tcmfriends.com/wp/?p=2549\" rel=\"nofollow ugc\">http://tcmfriends.com/wp/?p=2549</a><br/>\n之（一）<br/>\n<a href=\"http://tcmfriends.com/wp/?p=2530\" rel=\"nofollow ugc\">http://tcmfriends.com/wp/?p=2530</a></p>\n<p>倪师和徐师相谈甚欢、一起吃大闸蟹，这个小李知道吗？<br/>\n各位新粉丝，一定要看信息来源，自己判断！</p>",
          "level": 1,
          "highlight": false,
          "children": [
            {
              "id": "6dd92c612ec7a5d62b5b0bac870077d8",
              "author": "無為",
              "time": "2020年08月25日 03:44",
              "content": "<p>请教一下，为什么硅谷中医损友团的网站只能进去，但点击文章，一直不能显示内容（之前怀疑是网络慢的问题 ，但试了很多次，等了很长时间，也没用），请问这是什么原因，（或者其他渠道可以看到里面的文章吗）谢谢。</p>",
              "level": 2,
              "highlight": false,
              "children": [
                {
                  "id": "66d394c11d137b9b46ca695ac814cfea",
                  "author": "李宗恩",
                  "time": "2020年08月25日 20:47",
                  "content": "<p>中醫損友團十多年前就已經算是解散了，我不清楚哪位在維修損友團網頁，基本上應該是荒廢了，</p>",
                  "level": 3,
                  "highlight": true,
                  "children": []
                },
                {
                  "id": "a5c6d9f029939cd0a9da9c9b86042c52",
                  "author": "ieitZYB",
                  "time": "2020年08月26日 16:48",
                  "content": "<p>是的，我当时也一篇篇的看详情页，也是半天出不来。<br/>\n反倒/所以提供一个搜索结果页还可见以参考吧：<br/>\n点下面链接：<br/>\n<a href=\"http://tcmfriends.com/wp/?s=%E6%89%B6%E9%99%BD%E8%AB%96%E5%A3%87%E4%B8%8A%E6%B5%B7%E8%A1%8C\" rel=\"nofollow ugc\">http://tcmfriends.com/wp/?s=%E6%89%B6%E9%99%BD%E8%AB%96%E5%A3%87%E4%B8%8A%E6%B5%B7%E8%A1%8C</a><br/>\n-注2：上面内容没有问题，是电脑相关的必要转换，点击后各位实际会正常看到网址是【http://tcmfriends.com/wp/?s=扶陽論壇上海行】）</p>",
                  "level": 3,
                  "highlight": false,
                  "children": [
                    {
                      "id": "1c6fe06d2ae2618dd97ce9079aa870e6",
                      "author": "ieitZYB",
                      "time": "2020年08月26日 16:55",
                      "content": "<p>又看了一下，粗略估计是详情页使用了更多的apis.google.com的服务，在大陆地区应该是有问题吧。不去纠结这个了。<br/>\n还好，Wordpress博客系统是开源的，只要需要，找个懂这个技术人容易，可以全部恢复正常。</p>",
                      "level": 4,
                      "highlight": false,
                      "children": []
                    }
                  ]
                }
              ]
            }
          ]
        }
      ]
    },
    {
      "id": "134f4d57d851d211c9f0443462205f21",
      "author": "李晨",
      "time": "2020年08月15日 01:37",
      "content": "<p>倪老師也有自己的難處，倪老師坐的一件錯事，就是把天紀，人記，被不法分子盜取瘋狂的傳播，斂財的，自稱大師的，能堅持到最後的人就比較少了，其實這倒不算什麼，最好就是不要泄露出來，讓一些人學了有野心。陰符經裏面講的，人發現天機，天地都要反復，你想人心多可怕，天地都要反過來，人心已經黑暗。<br/>\n所以我建議你，調整自己的心態，讀一些心經，地藏經，你會知道地藏菩薩怎麼來的。有時常看到心態比較差的，讀心經也起不了作用，這個時候不是心態出問題了，而是身體需要治病了。</p>",
      "level": 0,
      "highlight": false,
      "children": [
        {
          "id": "a8d9c3ef5d72f2b349c32b7b5d2b0831",
          "author": "ieitZYB",
          "time": "2020年08月15日 18:17",
          "content": "<p>好可怜，越扯越远 🙁</p>",
          "level": 1,
          "highlight": false,
          "children": []
        }
      ]
    },
    {
      "id": "56b8e776182308b4b8eef87c3e85f96c",
      "author": "ieitZYB",
      "time": "2020年08月15日 18:56",
      "content": "<p>-注1：矽谷中醫損友團的网站打开比较慢，各位要有耐心。<br/>\n点下面链接：<br/>\n<a href=\"http://tcmfriends.com/wp/?s=%E6%89%B6%E9%99%BD%E8%AB%96%E5%A3%87%E4%B8%8A%E6%B5%B7%E8%A1%8C\" rel=\"nofollow ugc\">http://tcmfriends.com/wp/?s=%E6%89%B6%E9%99%BD%E8%AB%96%E5%A3%87%E4%B8%8A%E6%B5%B7%E8%A1%8C</a><br/>\n-注2：上面内容没有问题，是电脑相关的必要转换，点击后各位实际会正常看到网址是【http://tcmfriends.com/wp/?s=扶陽論壇上海行】）</p>",
      "level": 0,
      "highlight": false,
      "children": []
    },
    {
      "id": "43bc0096387a4764075a694100c87882",
      "author": "李晨",
      "time": "2020年08月15日 21:41",
      "content": "<p>我不清楚倪老師和徐文兵一起吃什麼大螃蟹，我只知道民間大眾反饋的一些東西，眼見為實，雖然倪師很好，但在大主流的模式下，也會有一些誤判，人都不會沒有錯誤可犯。<br/>\n徐文兵的診費初診高達1000多，不過很多去看過的人都講不也麽樣，態度比較差，當然一個願打一個願挨。<br/>\n但總體一搜，和各大qq民間群就很容易知道真相。你也不用把徐文兵，當爹供著。<br/>\n倪老師的著作固然對人有很大的幫助，倪師集過去大家之所成，其實倪老師也是很普通的一個人，只不過他學的比我們多一些。<br/>\n反過來徐文兵能做到倪老師0.1就很厲害了，反到時吃個大螃蟹，拍個照，更有力後期製作廣告收入提高。</p>",
      "level": 0,
      "highlight": false,
      "children": [
        {
          "id": "00c92bbf07ad5183dff20de1aceb5b7e",
          "author": "ieitZYB",
          "time": "2020年08月16日 15:54",
          "content": "<p>我不评论，我只是个搬运(义)工 🙂<br/>\n-李医师也是“穿阿玛尼的中医”：<br/>\n<a href=\"http://doctorinarmani.com/wp-cn/%e5%b0%8f%e8%af%b4%e7%ae%80%e4%bb%8b/\" rel=\"nofollow ugc\">http://doctorinarmani.com/wp-cn/%e5%b0%8f%e8%af%b4%e7%ae%80%e4%bb%8b/</a></p>\n<p>-李医师的阳气中医诊所也很漂亮：<br/>\n<a href=\"https://andylee.pro/wp/?page_id=2115\" rel=\"ugc\">https://andylee.pro/wp/?page_id=2115</a><br/>\n（新地址（09/06/2019喬遷）：3160 De La Cruz Boulevard, #250, Santa Clara, CA 95054）<br/>\n（也许，诊费1,000美刀呢，市场经济嘛，阿玛尼当然可以追求）</p>",
          "level": 1,
          "highlight": false,
          "children": []
        },
        {
          "id": "31946a89d89528f1621d185eaaa092df",
          "author": "李梁",
          "time": "2024年05月05日 12:06",
          "content": "<p>徐文兵医生我的一位朋友曾经找过他看过病，站在中立的角度来说，我们不能光看一个病例来评价一位中医师的功底！但还是要多提一句，不过效果虽然有，但是只能停留在药到症减轻的状态，服了药人的确很舒服，但是一旦停药两天就不能保持服药的所谓舒服状态！而且看完跟朋友的方子，发现用药比较平和，方中南派用药主流，且温病条例中的方剂加减居多！看方中似乎只是在围绕症状打转( 这里的解释没有任何主观恶意，仅代表我个人看法，别又误解为，什么南派养生，北派治病的谬论，不用经方就不是好医生的大陆自学中医思想的普及！</p>",
          "level": 1,
          "highlight": false,
          "children": []
        }
      ]
    },
    {
      "id": "ed86ef78d3ec3aada4bf0217815d7518",
      "author": "李晨",
      "time": "2020年08月15日 21:53",
      "content": "<p>其實我真的不建議你做一名義工，會讓大家對義工這個名詞有誤解，污染了這個名字。好比中醫一些大師，拿著張仲景的頭像製作成很大的飾品放在自己家裏面，和其心虛有一些關係。<br/>\n李醫生的博客是用來討論醫學，和幫助一些病人解答簡單的問題，並不適合出現一些所謂的駭客義工在下面評論指導一些粉絲操作。</p>",
      "level": 0,
      "highlight": false,
      "children": []
    },
    {
      "id": "38f3cd31f111fffca7f0dad22371e06f",
      "author": "ieitZYB",
      "time": "2020年08月16日 04:25",
      "content": "<p>局面打开，不是吹的，得有口碑，疗效说话，治好病说了算。<br/>\n微博了解一下：<br/>\n<a href=\"https://weibo.com/137010645\" rel=\"nofollow ugc\">https://weibo.com/137010645</a></p>\n<p>摘录2020年8月16日一段：<br/>\n北京厚朴中医药研究所被批准成立的时间是1999年8月12号，这就算是厚朴中医的生日，迄今21年了。<br/>\n   我的主要工作是给驻京的外国人讲中医课和出诊看病。客源不外乎是联合国和外国驻京使团和外企驻京的工作人员。这些人都是人精，自有一套了解、评价中国的方法。只要你有本事，仅靠口碑就能打开局面。<br/>\n    开业后不久，一位雀巢公司的瑞士籍女高管经我的瑞典学生介绍找到我看病，她本身患有多囊卵巢综合征，无排卵、闭经、还长胡须。她几经瑞士、英国最高级的西医治疗无效，被判定终生不育。她抱着尝试的心态找到我，寻求中医治疗。经过我的针刺、点穴和中药治疗，她先是恢复了月经，停用了激素。后来自然怀孕，先后誕下一双儿女。从此我就成了雀巢公司的贵宾、常客。</p>",
      "level": 0,
      "highlight": false,
      "children": []
    },
    {
      "id": "2646495b78ed0796b0dde9817a9f871b",
      "author": "李晨",
      "time": "2020年08月16日 07:15",
      "content": "<p>這些都沒有參考的意義，把徐大師當爹供著，這是個人自由，別人沒有辦法干涉。<br/>\n李醫生的博客並不適合推銷一些另外中醫的廣告，請你自重，尊重他人也是尊重自己，不要把別人對你的包容得寸進尺。</p>",
      "level": 0,
      "highlight": false,
      "children": [
        {
          "id": "927d4d93221b3820791c30c24a615055",
          "author": "ieitZYB",
          "time": "2020年08月16日 15:55",
          "content": "<p>我不评论，记得汉语中有“师父、师傅”两个词汇。</p>",
          "level": 1,
          "highlight": false,
          "children": []
        }
      ]
    },
    {
      "id": "0e4408143ea9fe8b5247921c761f13d2",
      "author": "深圳小夥",
      "time": "2020年08月16日 12:00",
      "content": "<p>李醫師你好 很開心能認識你，我非常仰慕你和倪師的高超醫術和醫德，本人27歲，是名頭部毛囊炎患者7年了，在廣東省中醫院看了一年不見好轉，可否給點建議！</p>",
      "level": 0,
      "highlight": false,
      "children": [
        {
          "id": "32bfce96bde2eab7374b8076d9bee9ab",
          "author": "李宗恩",
          "time": "2020年08月17日 17:39",
          "content": "<p>「毛囊炎」不是一個中醫的陳述，而那也只是身體內部問題的一個表現，無法依據單一症狀來辨證論治。</p>",
          "level": 1,
          "highlight": true,
          "children": []
        }
      ]
    },
    {
      "id": "db5ed45ef672cb18d1710648e86adfab",
      "author": "李晨",
      "time": "2020年08月16日 19:32",
      "content": "<p>人有自知自明最重要，我稱倪老師為老師，是敬佩其對學術的態度。如倪老師還在世是肯定不會收我為徒弟的。<br/>\n我稱博客主人，為李醫生和李博士，是和其討論醫學有關也從未稱李老師，不合理則為非禮。<br/>\n師父這個名稱討論起來意義比較深，得結合天時，地，人和。好比你今天遇見劉伯溫李淳風，你就是抱著他的大腿叫爹喊天，他也不會收你的。</p>",
      "level": 0,
      "highlight": false,
      "children": []
    },
    {
      "id": "fc36463a32b913ece2e16edbe7b2ce9e",
      "author": "明遠",
      "time": "2020年08月16日 21:03",
      "content": "<p>李醫師聰明又細心，倪老師以前不肖學生的行為他很清楚，您的提醒李醫師應已知道，他已說不要再吵，您應尊重他的意見停止此話題的發言。</p>",
      "level": 0,
      "highlight": false,
      "children": [
        {
          "id": "9b75596f4b64d7e00c9c2e6bee5aaff8",
          "author": "ieitZYB",
          "time": "2020年08月17日 11:22",
          "content": "<p>：）论如何做一个“物理”医学的“理性”粉丝。<br/>\n不争吵，不暴粗口，我改还不行嘛：（<br/>\n自由交流，做到转述有引用（网址链接）而不评论，方便不了解的更新的粉丝得到信息去自己判断。</p>",
          "level": 1,
          "highlight": false,
          "children": [
            {
              "id": "42cfc4fce8ddbabfa1b6dc4ed69d2b67",
              "author": "無為",
              "time": "2020年08月18日 03:03",
              "content": "<p>感谢你之前提供的那些有关倪先生和李博士以及损友团的链接。方便了我们了解更多的事情。</p>",
              "level": 2,
              "highlight": false,
              "children": []
            },
            {
              "id": "15fbe096165ff4be126553977233292c",
              "author": "無為",
              "time": "2020年08月18日 03:07",
              "content": "<p>感谢你提供的那些有关倪先生和李博士以及损友团的资讯链接，方便了我们了解和学习。</p>",
              "level": 2,
              "highlight": false,
              "children": []
            }
          ]
        }
      ]
    },
    {
      "id": "370e6eff9a17983cd31c7e49741729c6",
      "author": "fang",
      "time": "2021年02月23日 05:02",
      "content": "<p>李老师，请问如何可以买到倪师讲课中提到的录影带</p>",
      "level": 0,
      "highlight": false,
      "children": [
        {
          "id": "b5ad3eff8d0d8b7869c6dccdeeff0395",
          "author": "李宗恩",
          "time": "2021年02月23日 10:19",
          "content": "<p>你指的是什麽錄影帶？</p>",
          "level": 1,
          "highlight": true,
          "children": [
            {
              "id": "18c4e7ff4956520e00d3875875439725",
              "author": "fang",
              "time": "2021年02月23日 22:59",
              "content": "<p>就是倪师课上提到的DVD</p>",
              "level": 2,
              "highlight": false,
              "children": [
                {
                  "id": "13b30b30ee0c5d5503f0dbf8fe0ea2d9",
                  "author": "李宗恩",
                  "time": "2021年02月27日 16:06",
                  "content": "<p>已經包含在後來製作的錄像裡了。</p>",
                  "level": 3,
                  "highlight": true,
                  "children": []
                }
              ]
            },
            {
              "id": "b43200e47f7434ccd1fa9a1360ac93e3",
              "author": "fang",
              "time": "2021年02月23日 23:26",
              "content": "<p>倪师讲天纪的时候提到的，有些内容需要买录影带才能学到</p>",
              "level": 2,
              "highlight": false,
              "children": []
            }
          ]
        }
      ]
    }
  ],
  "page": 19,
  "order": 6,
  "filename": "data\\page19\\page19_order5_94a24d0f7a2d241281d541810da1b074.json"
}