{
  "article_url": "https://andylee.pro/wp/?p=8458",
  "title": "醫生的良心",
  "content": "<p>這是一位四歲的小病人，病人全家住在中國深圳，出生時發現有腦部缺陷，癲癇，嚴重智力發育不足。病人的智力及行為能力大約停滯在一歲以下，無法正常控制身體，把他坐放在沙發上時，不能用身體或手支撐住而倒下。嚼咽不良，得吃半流質食物。還不會說一個字，閱讀、使用雙手做事、與人互動就更不用說了。</p>\n<p>四年來，病人父母找過許多醫生，也求助於多種所謂的特殊治療方法，效果不彰，癲癇好一些又不行。病人父母在網路上看到許多關於我指導西醫以中藥方式治癒新冠肺炎重症病人的報導，以及網上的醫案及講座，抱著一線希望，找我幫忙治療小孩子。</p>\n<p>我幫助過很多癲癇的病人，這位小病人的癲癇相對不嚴重，一天發作十幾次，每次發作時身體僵硬、抖動等，但沒有會咬斷舌頭、窒息等危急狀況。真正嚴重的問題是，在這個年齡前前後後的幾年內，大腦神經網絡本來應該經由突觸修飾過程（synaptic pruning）而快速發育，腦內大量不正常的痰飲積水，嚴重影響智力發育，如果不儘快處理，小孩子很可能終身沒有行為能力，說難聽一點，比一隻小狗更需要別人的照顧。</p>\n<p>根據我治療癲癇的經驗，設法排除腦部痰飲積水的過程中，癲癇不但不會馬上減少，反而有可能會大幅增加。然而，病人父母非常專注在癲癇發作的次數，之前的醫生治療中，只要癲癇發作的次數增加一些，他們就會認定是治療無效，醫生功力不足。我花了很多的時間解釋，輕微癲癇發作不是最重要的，最重要的是病人智力及行為能力的進步，病人父母嘴裡說能理解，心裡卻仍然非常介意癲癇發作的次數。</p>\n<p>遠程治療三個月下來，雖然從蛛絲馬跡上我可以看出來病人開始改善，病人父母緊盯著癲癇發作次數上上下下，一直追問為什麼還是每天發作好幾次。我想如果他們不是看在外界對我的評價及許多真實病例的份上，可能已經覺得治療無效，急忙找尋下一位醫生。這個時候，如果為了自己的「名聲」，大可專注在癲癇發作上，使用所謂的熄風、止痙、潛陽的中藥來壓制癲癇症狀，讓病人父母覺得醫生很厲害。然而，這樣的治療對這位小病人並非最好的方法，就如同使用抗癲癇西藥能立即大幅減少癲癇發作次數，卻錯失了大腦發育的時機，留下來的是一個沒有行為能力、比植物人好不了多少的生命。如果我不知道如何治療就算了，可是我知道怎麼樣對病人是最好的治療辦法，我無法昧著良心，去討好病人的父母，去增進所謂的「名聲」。我寧可他們懷疑我的醫術，也得堅持下去，治病不能只治一個「形」，得治到「神」。</p>\n<p>又經過一個月的治療，病人父母開始看到了變化，不但出現一周完全沒有癲癇發作的情況，更重要的是，小孩子的智力及行為能力開始改進。小孩子手腳力氣及控制能力增強，可以用手支撐身體坐在沙發上了。看到哥哥吃餅乾，會出現哭鬧想吃的動作。逗他，會笑，把東西從他手中拿走，會哭鬧。其它大大小小不同的表現，皆顯示病人的大腦開始發育，身體控制、觀察力及與外界互動能力增加。這個小病人還在繼續治療，病人父母總算認為治療是有效的，我們也開始對他的人生發展有了一些希望，雖然他不一定能像其他人一樣上大學、找份工作來賺錢養家，希望他能自己處理日常生活中大多數的事情，平平安安地過日子。</p>\n<p>醫生是個良心的事業，就像修車師傅一樣，除非顧客很懂汽車，修車師傅存心騙人，你不但不會知道，還感謝他很快修好又幫你打折，只是不知道為什麼，沒多久車子又有其它的問題。許多病人非常專注在服藥後立即的反應，似乎症狀馬上緩解就是最好的治療，甚至覺得藥方開對了就應該像吃八寶粥一樣服服貼貼，沒有什麼不好的感覺。非常簡單的小毛病或許如此，複雜的健康問題，往往需要像治國打仗一樣，有策略地一步一步來醫治。而許多醫生也把問題看得太單純，癲癇就是要熄風止痙，冠狀動脈阻塞就是要活血化瘀，臨床療效卻差強人意。更糟糕的是，隨著中醫在中國大陸越來越熱門，一堆「大師」跳出來教中醫，臨床上沒有治好多少複雜的病例，拿著書本的內容及別人的病例，頭頭是道地講解，唬得學生一愣一愣的。甚至有些「大師」根本不是臨床醫生，而是學文學的、搞哲學的、自學中醫卻沒實際臨床的等等。這樣的情況，無論講得多麼精彩、多麼出神入化，那也只是臆測、猜想、紙上談兵，對學生、對病人，都是非常沒有良心的。</p>\n<p>西醫心臟外科手術醫生，醫學院畢業後，得經過五年的一般外科住院醫師訓練（general surgery residency），再經過三年的心臟外科訓練（cardiothoracic fellowship），通過考核才能正式成為一位心臟外科手術醫生，然後再經過多年實際的臨床手術，有了非常多的成功手術紀錄後，最終才能成為教導他人的心臟外科教授。即使如此，心臟外科教授也不會跨過專長，去教學生內科、病理科等等。如果中醫依照一樣的標準，只准教導自己親自大量治療過、療效卓越的病症，那麼大概市面上九成九的「大師」會消失於無形，中醫也才能回到救人治病的良心事業，而不是說說唱唱的演藝事業來賺錢用的。</p>",
  "article_time": "2020年08月01日 18:38",
  "comments": [
    {
      "id": "ed446021940cb306671c72f3354b2dee",
      "author": "晨翔",
      "time": "2020年08月01日 22:27",
      "content": "<p>好人一生平安，厚德载物！</p>",
      "level": 0,
      "highlight": false,
      "children": [
        {
          "id": "094e8515201532391f669c747b48cc67",
          "author": "李宗恩",
          "time": "2020年08月02日 08:28",
          "content": "<p>謝謝你的祝福。</p>",
          "level": 1,
          "highlight": true,
          "children": []
        }
      ]
    },
    {
      "id": "8f8a1aefa0421f2c18517a94b55fac3a",
      "author": "张亚楠",
      "time": "2020年08月01日 22:44",
      "content": "<p>李医生，请问怎么参加你的课程呢？</p>",
      "level": 0,
      "highlight": false,
      "children": [
        {
          "id": "1aa407f58b15fbe41e0d13a9c3978552",
          "author": "李宗恩",
          "time": "2020年08月02日 08:29",
          "content": "<p>網頁會公布，不過，現在都只是講座及短期教學等，以後會有正式的長期教學。</p>",
          "level": 1,
          "highlight": true,
          "children": []
        },
        {
          "id": "352a45d9930e78688025437cdf62ca77",
          "author": "学西医的中医爱好者",
          "time": "2020年11月19日 17:06",
          "content": "<p>尊敬的李医生，本人的专业是西医临床，但非常喜欢中医，特别在学习倪海厦老师的课程以后深知很多疾病唯有中医才能解决。也知道您是倪老师最得意的弟子。17周岁上高二的儿子在11岁和13岁时老逃避上学被诊断为强迫症，当时没重视。于2019年12月和同学闹矛盾后出现焦虑，怕被害、被报复，情绪低落要求休学，过年期间突然狂躁，上窜下跳，大喊大叫，心里骂人但不会骂出来，看到什么心里骂什么，甚至骂观音法老等，同时自己清楚这样是不对的但无法控制自己，双手合十嘴上重复说“对不起！我不是故意的！”曾到深圳康宁医院住院三次诊断为强迫症。西药在出院后几周已停用。自去年发病以来晚上熬夜玩游戏到天亮白天睡觉，今年10月初出现洗手频繁洗到手脱皮，反复洗澡，总认为洗不干净反复涂抹沐浴液洗澡时间长达三个小时每天洗澡多次。出门总怀疑自己踩到狗屎觉得很脏很痛苦很抓狂，在家里摔东西发泄情绪。回去复诊，医生认为自幼有社交障碍，给了新的诊断:阿斯伯格综合症，目前吃抗抑郁的药有半个多月，效果不明显，洗澡次数和时间增多，各种担忧，狂躁摔东西发泄。不想再去住院服西药了，一家人已经崩溃不知如何是好。一直在苦寻李医生，终于从学习倪海厦老师的美国同学打听到李老师，可是得知李老师在美国并非在国内彻底失望。迫切希望能得到李老师远程看诊指明方向或推荐国内擅长治疗此类疾病的倪师弟子，用中医的方法解决。万分感谢！</p>",
          "level": 1,
          "highlight": false,
          "children": [
            {
              "id": "9f4565bf9b75c3a5df2ad91ada2b222a",
              "author": "李宗恩",
              "time": "2020年11月21日 19:19",
              "content": "<p>如果有需要，請和診所聯絡：info@youngQi.com</p>",
              "level": 2,
              "highlight": true,
              "children": []
            },
            {
              "id": "24c756cb614b7a7e4c8b4c95faa6d6f5",
              "author": "粉絲",
              "time": "2020年11月22日 19:32",
              "content": "<p>你兒子和我小的時候簡直是一模一樣，10歲左右發病（我發病前一年 經常喝牛奶，每天一兩杯，不知道有沒關係）不斷產生違背法律、社會倫理道德的想法出現，病人是控制不住的，然後另一個想法不斷去壓制，簡直是一個魔鬼住進了腦袋里，然後不斷說對不起，我不是故意的，手都能洗脫皮。認為這個世界有神神鬼鬼存在。雖然我是在廣州看西醫好了78成，但是我不建議吃西藥，我當時一天睡18個小時，走路都能摔斷腿，吃激素胖成豬，對人體傷害很大。</p>",
              "level": 2,
              "highlight": false,
              "children": []
            }
          ]
        }
      ]
    },
    {
      "id": "217740c2274b3467ad9c65e0a3f71060",
      "author": "悟道的武者",
      "time": "2020年08月02日 04:23",
      "content": "<p>是的，李老师。治病的全局观最重要。从总体上把握，分步骤推进，而不是仅仅就现有症状展开针对治疗。这样也许会与正确的治疗背道而驰。</p>\n<p>您是个有良知的好医生，看了这文章心里都很高兴。有良知有时候意味着，需要承担很大的压力，甚至别人转身离去。</p>\n<p>但自己内心是坦然的。</p>\n<p>只有方向正确，后面所做的一切才有意义。</p>",
      "level": 0,
      "highlight": false,
      "children": [
        {
          "id": "5b64740d9e7dc6d239639298107d3306",
          "author": "李宗恩",
          "time": "2020年08月02日 08:30",
          "content": "<p>謝謝你的支持與鼓勵。</p>",
          "level": 1,
          "highlight": true,
          "children": []
        }
      ]
    },
    {
      "id": "211752bcd7bd472a58f45da8be9b4648",
      "author": "Serena",
      "time": "2020年08月02日 05:24",
      "content": "<p>上善若水，厚德载物！</p>",
      "level": 0,
      "highlight": false,
      "children": [
        {
          "id": "c6d8903792615f9a5b5c9a07b7625b25",
          "author": "李宗恩",
          "time": "2020年08月02日 08:30",
          "content": "<p>謝謝你的支持與鼓勵。</p>",
          "level": 1,
          "highlight": true,
          "children": []
        }
      ]
    },
    {
      "id": "2812d109e287f4bba20f627013c87603",
      "author": "明遠",
      "time": "2020年08月02日 20:09",
      "content": "<p>李醫師 您好:</p>\n<p>大多數的人對中醫了解很有限，因此無法正確判斷治療是否有效，希望您能繼續在網路上發表文章，並儘可能深入一點，雖然有些人會理解錯誤反而造成不良的後果，但也會有人能正確理解而受益，現在有時間就做，未來不一定還有機會，倪老師當年突然辭世就是這種情況。</p>\n<p>謝謝</p>",
      "level": 0,
      "highlight": false,
      "children": []
    },
    {
      "id": "8eb3676052032ed25547e90223eb39d9",
      "author": "Karunavihari",
      "time": "2020年08月02日 23:18",
      "content": "<p>希望中医能研制出化解和排除人体内转基因毒素的有效方剂，再次担负起救国救民的重任<br/>\n可否請教李博士，這个重任中醫方劑可否有解?</p>",
      "level": 0,
      "highlight": false,
      "children": [
        {
          "id": "0094d75abd2ce077a668f4a5f138a4f0",
          "author": "Karunavihari",
          "time": "2020年08月02日 23:20",
          "content": "<p>連接https://www.kunlunce.com/e/wap/show.php?classid=176&amp;id=145830&amp;bclassid=1</p>",
          "level": 1,
          "highlight": false,
          "children": []
        },
        {
          "id": "faa048cb740b0c4c2ad292e1a3d84705",
          "author": "李宗恩",
          "time": "2020年08月03日 09:22",
          "content": "<p>轉基因產品對人體的影響仍是個未知，長期病症表現不明，中醫救治還言之過早。</p>",
          "level": 1,
          "highlight": true,
          "children": []
        }
      ]
    },
    {
      "id": "1c7ad62491265e7e0eb41bbed50b731a",
      "author": "scyyx",
      "time": "2020年08月03日 01:16",
      "content": "<p>李宗恩老师：现在有人开发出中医大脑软件，不知这种方式好不好？</p>",
      "level": 0,
      "highlight": false,
      "children": [
        {
          "id": "7b93ad041f321c79fd3f7918880e217b",
          "author": "李宗恩",
          "time": "2020年08月03日 09:33",
          "content": "<p>十幾年來，一直都有許多症狀對應中藥及方劑的應用軟件，也可以自由選擇加入什麽樣的組模，譬如仲景方、溫病條辨等，大部分也加入病例記錄、預約、記賬、成本分析等等的功能，不是什麽技術突破，也沒有更加聰明，只是現在宣傳文字越用越大膽。</p>",
          "level": 1,
          "highlight": true,
          "children": []
        }
      ]
    },
    {
      "id": "e94c78c8a1f12189a693739416e629ed",
      "author": "岐黄仲景倪李老师",
      "time": "2020年08月03日 05:52",
      "content": "<p>作为大陆一名中医学生，能遇到倪老师和李医师真是太幸运了，我们学校的老师好多都是博士毕业完全无任何行医经验直接回来教书。</p>",
      "level": 0,
      "highlight": false,
      "children": [
        {
          "id": "b70e701d44ce02d7ad63a1de1536e833",
          "author": "李宗恩",
          "time": "2020年08月03日 09:34",
          "content": "<p>謝謝你的支持與鼓勵。</p>",
          "level": 1,
          "highlight": true,
          "children": []
        },
        {
          "id": "7015bd9d9dc02fe178b0ac3987e338bc",
          "author": "ieitZYB",
          "time": "2020年08月03日 18:56",
          "content": "<p>也不算“无任何”呐，取得博士级学位，还是要跟导师和临床一下的，当然比不上单独开业和开诊所了。<br/>\n教育职称体制，表示他可以当老师，我觉得实际确实也不合适。</p>",
          "level": 1,
          "highlight": false,
          "children": [
            {
              "id": "53d38e0d9907b0628c11b498824e7258",
              "author": "李宗恩",
              "time": "2020年08月03日 19:40",
              "content": "<p>國內的中醫學博士，很多和臨床治療沒有太大關係，譬如白老鼠對某些中藥化學成份的反應等，偏向醫學研究。而國外沒有真的中醫學博士，最多是修些課程，寫個簡單的論文，很多還是所謂的野雞學校，交了學費就保證一定拿得到博士學位，而那些博士學位大多不為主流大學及政府主管機關接受或承認。</p>",
              "level": 2,
              "highlight": true,
              "children": []
            }
          ]
        }
      ]
    },
    {
      "id": "a0124b5fb659105b1462a58570a7accc",
      "author": "xianglei",
      "time": "2020年08月04日 07:25",
      "content": "<p>现在大陆大环境就是被利益、业绩所驱使左右，谈的不是如何把病治好，而是怎么多卖药怎么提升业绩，只要能把药卖出去那这个药就是治百病的，刚开始医术未精怀着一颗赤子之心，坚持初心能把生活混走都不简单，有李老师的引领相信会有更多的有志之士，不屈服于占时的困难而动摇信念，真正做到无愧于大医精诚</p>",
      "level": 0,
      "highlight": false,
      "children": [
        {
          "id": "130c93eaf29fc5897cbba0824bae71d1",
          "author": "李宗恩",
          "time": "2020年08月05日 09:39",
          "content": "<p>謝謝你的支持及鼓勵。</p>",
          "level": 1,
          "highlight": true,
          "children": []
        }
      ]
    },
    {
      "id": "64e7b76c9ec790e5b630ffc1347dbeed",
      "author": "正悟",
      "time": "2020年08月04日 20:24",
      "content": "<p>目前到14了，还在一直等待更新，现在baby都2岁了！！加油！！</p>",
      "level": 0,
      "highlight": false,
      "children": [
        {
          "id": "b6cd659708aedf45942da9a0d95dca61",
          "author": "李宗恩",
          "time": "2020年08月05日 09:37",
          "content": "<p>是啊，太多事情打斷原本計劃的養兒育女文章系列，不過，許多想寫的內容分散在其它文章裡。</p>",
          "level": 1,
          "highlight": true,
          "children": []
        }
      ]
    },
    {
      "id": "10eb90e03c9dd151f8e3a73dfcf89c16",
      "author": "李晨",
      "time": "2020年08月04日 21:37",
      "content": "<p>這種病歷在中國沒有人能夠治療改善一些。<br/>\n我在大陸看到的醫生都是貪錢的，家里都几套房子，記得有一個新聞報道某醫科大的主任西醫，診所的冰箱放著都是茅台酒，中華煙，名貴食材，就為了預約一個手術，最近看見桂林漢唐經方裏面的一個醫生的老婆，在網絡上賣藥，之前他們說不賣的，現在又出來賣了，然後我就問他，你怎麼出來賣藥，她講不想和桂林漢唐有關係，自己出來單獨做，桂林漢唐都被那個倪伯控制的死死的。他們那些醫生還整天發表文案，治療心衰，等等案例，為了錢把自己演的很好。患者治療效果不好，去找他們，就說我把肉割給你行不行。沒有效果還講這樣的話。<br/>\n我是在哪裏傻乎乎的治療了3個月發了6000多，開始沒有找到李博的網站，以為就是倪海夏老師的徒弟開的，結果還沒治好加重了，了解真相後，把我給氣的。 一個字就是騙！<br/>\n 所以我發現，運營中醫，並不是治病，而是一個卷圈的模式，弄了2-3年，賺了幾百萬我醫生也不干了，好好享福旅遊去。 這種運營模式，上面有一個頭，下面有幾個小分隊，坐宣傳，打名氣的，也有望風的，看誰治療不好意見多就拉黑名單。</p>",
      "level": 0,
      "highlight": false,
      "children": [
        {
          "id": "61af74deb13400618c4aafa590969648",
          "author": "李宗恩",
          "time": "2020年08月05日 09:39",
          "content": "<p>網紅文化及經營模式盛行，遍及在各行各業，中醫也不例外。</p>",
          "level": 1,
          "highlight": true,
          "children": []
        }
      ]
    },
    {
      "id": "978db0418114b730566e21efa59a4f4e",
      "author": "陸仁賈",
      "time": "2020年08月06日 05:32",
      "content": "<p>台灣這邊最近一位中醫師闖了大禍, 這次中醫大概要被黑很久了<br/>\n<a href=\"https://news.ltn.com.tw/news/society/breakingnews/3252094\" rel=\"nofollow ugc\">https://news.ltn.com.tw/news/society/breakingnews/3252094</a></p>",
      "level": 0,
      "highlight": false,
      "children": []
    },
    {
      "id": "f9b2fe45e8486bcdb7c573f554805559",
      "author": "李晨",
      "time": "2020年08月06日 06:17",
      "content": "<p>李醫生，今年有行程來大陸嗎？記得18年的時候還是那個時間段，李醫生去過一次河南，不過那時我剛接觸倪老師的課程，並不了解。<br/>\n我想讓你幫我看一下，也不知道能不能預約到你。心臟睾丸問題，肝心。<br/>\n不過現在還好，基本睡覺一覺天亮，也半年沒有心痛了。但感覺還是沒有治到根。也感覺這個病在我身上可以治療到很好，我現在在批斗數賺錢，賺了還可以，實在沒有辦法了，工厂干不了，其他工作也干不了。只有批斗數了。結果出乎意料，一個多月批了100多個客戶。</p>",
      "level": 0,
      "highlight": false,
      "children": []
    },
    {
      "id": "dc3274efae30ca5af5c7c8857f0c686a",
      "author": "中醫愛好者",
      "time": "2020年08月06日 07:25",
      "content": "<p>李醫師 你好 可否請您說說 硃砂這味中藥 記得倪海廈老師有說過這味中藥也是很好的中藥 </p>\n<p>只是要先處理過 因為台灣最近有中醫名醫 爆出使用硃砂給病人 造成重金屬中毒 </p>\n<p>而且台灣在2005年已把硃砂列為禁藥 這則新聞無疑又給中醫界沉重的打擊 </p>\n<p>看了網上的流言 實在是灰心 越來越多人認為中醫就是騙子神棍  或是中藥跟本不能吃 </p>\n<p>這對中醫的復興 ˋ尤其是經方 增加更多的障礙 當然對我而言 絕對是不會懷疑中醫的 </p>\n<p>尤其在體驗過經方的效果之後  另外想知道李醫師自己診所 是如何處理中藥重金屬問題的</p>",
      "level": 0,
      "highlight": false,
      "children": [
        {
          "id": "d93f0b7c52fb82ef0462679d1489fc6e",
          "author": "李宗恩",
          "time": "2020年08月07日 09:18",
          "content": "<p>中國大陸生產的中藥材，有許多不同的等級，有品質良好，檢驗合格，不含重金屬、化學製劑、農藥等，但價位高很多，市場佔有率小。診所的中藥材管制嚴格，也與各中藥進口商維持良好關係，確保資訊詳盡。</p>",
          "level": 1,
          "highlight": true,
          "children": []
        }
      ]
    },
    {
      "id": "21bf303dd2014474ea44d8af2ddc211a",
      "author": "明遠",
      "time": "2020年08月07日 19:31",
      "content": "<p>李醫師 您好:</p>\n<p>能否告知以前倪老師的藥材是跟台灣哪家藥商合作的?</p>\n<p>謝謝</p>",
      "level": 0,
      "highlight": false,
      "children": [
        {
          "id": "673eb9259735a695dd49a8ee15806bf8",
          "author": "李宗恩",
          "time": "2020年08月08日 10:04",
          "content": "<p>倪老師搬回台灣退休前，常使用上海養和堂（和平東路一段）的中藥材，後來指導仙豐調製科學中藥粉劑，許多中藥材也就由仙豐幫忙處理。</p>",
          "level": 1,
          "highlight": true,
          "children": []
        }
      ]
    },
    {
      "id": "24498232bbf2c24a1a73e787436b41ad",
      "author": "韩湘",
      "time": "2020年08月08日 03:09",
      "content": "<p>李老师大爱。请问以下李老师，如果是国内的病人想找您看诊的话，除了去美国，有没有其他的办法?谢谢您。网页不稳定，不知道会不会重复留言。</p>",
      "level": 0,
      "highlight": false,
      "children": [
        {
          "id": "37cbb6375c7f0e8f4ce672f32de460be",
          "author": "李宗恩",
          "time": "2020年08月08日 10:17",
          "content": "<p>我很不喜歡遠程看診，望聞問切資訊量大減，當地的中藥材無法和診所嚴格管理下相比，加上許多其它事宜需要診所協助，導致診所同仁行政負擔大幅增加。如果真的沒有其它辦法，非得試一試遠程看診，請和診所聯絡 <a href=\"mailto:info@youngQi.com\">info@youngQi.com</a>，但不代表診所一定會接治病人，還是得個案評估。</p>",
          "level": 1,
          "highlight": true,
          "children": [
            {
              "id": "2114255f86890090d3aff9f24322347c",
              "author": "韩湘",
              "time": "2020年08月11日 01:08",
              "content": "<p>好的，谢谢李老师。真心希望李老师几时可以回国一趟。</p>",
              "level": 2,
              "highlight": false,
              "children": []
            }
          ]
        },
        {
          "id": "3828b249b94ba1676031dbe957450e76",
          "author": "鞠志均",
          "time": "2020年08月11日 05:21",
          "content": "<p>李医师您好！我是中国大陆人，现居住河北省邯郸市。我非常热爱中医，现在学习倪师的视频教材是非行医学员，因年岁大了，学不好但还是在学。我非常教仰倪师的医得，崇拜倪师的医术，得知您是倪师的真传弟子，就在网上查啊搜啊总算找到这个留言地址了，很激动，希望能得到您的回复。我请问2事，1.您能在网上远程帮我诊病吗？2.如不能，可以介绍到您在大陆开的诊所或您的弟子开的诊所去治病吗？怎么联系！万分感激您！叩拜了！</p>",
          "level": 1,
          "highlight": false,
          "children": [
            {
              "id": "8594bec4495dea39fbf4e3c962fb8507",
              "author": "李宗恩",
              "time": "2020年08月11日 14:03",
              "content": "<p>遠程看診問題很多，最好還是就近找好的中醫師看診。如果實在沒有辦法，真的需要試一試遠程看診，請聯絡診所info@youngQi.com，診所會根據個案情況來決定及安排。</p>",
              "level": 2,
              "highlight": true,
              "children": [
                {
                  "id": "8fb010818acb9709a27e906f7b5e8a9d",
                  "author": "鞠志均",
                  "time": "2020年08月12日 21:14",
                  "content": "<p>李医师，您好万分感激您的回复，我以为要在邮箱才能收到您的回复，天天看都没有，耐不住又打给您的信件结果才知道在这里有:再次感恩您百忙中的回复！叩拜了，我马上联系您给的地址！</p>",
                  "level": 3,
                  "highlight": false,
                  "children": [
                    {
                      "id": "577e5d78dd3a38715e600415f51a48ba",
                      "author": "鞠志均",
                      "time": "2020年08月17日 19:09",
                      "content": "<p>李医师，您好！万分感激您的回复！根据您的建议，1.远程诊病不能望问闻切而引响诊断。2.两地时差15个小时不好配合。3，远程诊视网络有限。4，国际支付太麻烦，夲人年岁大还操作不了。等等障碍，决定尊重您的建议在国内寻找经方医生看病和有倪师针灸医术的和您的弟子学生作针灸治疗。请您给推荐下行吗？并告知联系方式！叩拜了！</p>",
                      "level": 4,
                      "highlight": false,
                      "children": []
                    }
                  ]
                }
              ]
            }
          ]
        }
      ]
    },
    {
      "id": "5806490ee810e13c06f88fc2d216ecf1",
      "author": "8020",
      "time": "2020年08月08日 23:44",
      "content": "<p>我想病兒的父母只想有效控制痙攣就好了，<br/>\n根本想也不敢想像幼兒可以恢復如正常人一般。<br/>\n因為在他們看來西醫的判斷是正確不可推反的就是疾病只可控制是不可能痊癒。<br/>\n病患只有經歷過對西醫的希望再到失望而後到絕望才會幡然悔悟另擇出路。<br/>\n慶幸中國有偉大的文化承傳才不會落到進退維谷之境。</p>",
      "level": 0,
      "highlight": false,
      "children": []
    },
    {
      "id": "a43200b0a502de97ebb25dd09ff28c22",
      "author": "倪师的小粉丝",
      "time": "2020年08月15日 07:11",
      "content": "<p>尊敬的李醫師，您好，得知你是倪師的親傳弟子，甚是仰賴！敢問李醫師今年有時間來大陸嗎？我在深圳，我的毛囊炎七年了，好多病友都放棄治療了，看了西醫半年沒好，也看了深圳中醫院，發現也是給抗生素加中藥(這個醫生還是國醫大師的學生），也不好，後面接觸倪師的資料，就到廣東省中醫院皮膚科用純中醫治療一年仍不見好轉，吃過大柴胡，烏梅丸等，還是沒有多大療效，現在積蓄花的差不多 ，病也沒好！好苦惱！還發現自己好多毛病  四肢逆冷  失眠多夢等。真的好希望李醫師能看到我的留言，給我個鼓勵都已知足</p>",
      "level": 0,
      "highlight": false,
      "children": [
        {
          "id": "d3fb6dd176b597ae66a2d763a6545935",
          "author": "李宗恩",
          "time": "2020年08月17日 17:36",
          "content": "<p>「毛囊炎」不是一個中醫的陳述，而那也只是身體內部問題的一個表現，無法依據單一症狀來辨證論治。</p>",
          "level": 1,
          "highlight": true,
          "children": [
            {
              "id": "8aa3ba47aa604e0648496694cfcff9c9",
              "author": "倪师的小粉丝",
              "time": "2020年08月17日 22:06",
              "content": "<p>明白了，感谢李医生的回复</p>",
              "level": 2,
              "highlight": false,
              "children": []
            }
          ]
        }
      ]
    },
    {
      "id": "87a206d94dc7d0ac82c2a5053dd05ecb",
      "author": "微雨落花",
      "time": "2020年08月20日 19:11",
      "content": "<p>大医精诚，厚德怀仁</p>",
      "level": 0,
      "highlight": false,
      "children": []
    },
    {
      "id": "aff3412fe41c5684b46a379cad6b918b",
      "author": "RayZ",
      "time": "2020年09月08日 22:49",
      "content": "<p>李医师人间菩萨！真心感动，有您是我们华人的骄傲！</p>",
      "level": 0,
      "highlight": false,
      "children": [
        {
          "id": "a16398b5f5ae324579689f240ff2f165",
          "author": "李宗恩",
          "time": "2020年09月09日 21:40",
          "content": "<p>謝謝你的支持與鼓勵。</p>",
          "level": 1,
          "highlight": true,
          "children": []
        }
      ]
    },
    {
      "id": "8185ff9c91ef4eaf93d28de98c2dff00",
      "author": "Tony",
      "time": "2021年11月05日 01:21",
      "content": "<p>看見這篇文章很感觸。我小女23周早產，腦出血，現在8歲多，情況仍然和文中的小朋友的早期病情一樣。但在香港，一直還未能遇上像李醫師的醫師。期待奇蹟降臨。</p>",
      "level": 0,
      "highlight": false,
      "children": []
    },
    {
      "id": "65a1761ddfc4ffd70e637f280419db78",
      "author": "朱会良",
      "time": "2023年09月11日 20:51",
      "content": "<p>还是有点担心和疑惑，用中药治疗时为何要停止服用抗癫痫药物呢？现在用了三种，先停一种或先停一半是否也可以？西医警告过，不能私自减药，否则可能变的更加难治，观看倪师视频快一年了，深受影响，已经不愿意使用西医抗癫痫药物。但苦于没有渠道联系到倪师弟子，所以是一直按照倪师的案例的思路自己下药。按照倪师的方法，现在一些感冒发烧咳嗽类的问题都自己在家煮药解决了。2023-0826用了李老师您的小建中汤合五苓散加半夏陈皮葛根，忘记加炙甘草了，结果发作频繁了，0828就发作了，这次发作吐了3次，颜色没太看好，引起呕吐啥原因呢？感觉是此前0818到0825用了2次1.5g 的藜芦，2次的3g的藜芦甘草汤，都是按照一天2次服用的，可能是剂量不够都没吐。打算0908周六用3g的藜芦甘草汤一次喝完。结果2023-0907下午5点放学时又发作了。后来看老师录制的视频发现发作并不大，发作15分钟后孩子妈妈针灸下针，由于手艺不精，有的穴位深度不够，没有缓解，后来又大发了，但是程度跟0828那次相差不大，这期间学校叫了救护车，差点发生窒息危险，医生注射强心剂，心脏按压抢救过来了。这是自孩子发病以来最为凶险的一次，这次发作没有大小便失禁情况，大便也正常，发现大便有点粉红色的东西，不知道是不是吃西瓜的原因，0828那次还尿裤子了。2017年就去北京儿童医院就诊开始服药，目前左乙拉西坦和丙戊酸钠还在用。0701开始服用倪师的柴胡龙骨牡蛎汤治疗癫痫的处方，到20230805完全停止氯硝西泮，停止之前剂量是晚上1/2片，早起1/4片。由于0812发作了一次，所以开始考虑倪师的藜芦甘草汤。0907这次发作给我压力较大，打算去趟西医那里，询问一下情况，但内心是很排斥西医的治疗手段的，但又没有想到很好的办法。0907之后暂停了小建中汤合五苓散，不敢攻了。采取了小建中汤合甘麦大枣汤合酸枣仁汤，又加了点镇定类的龙骨牡蛎，蝎子，蝉蜕，天麻钩藤。组的方子感觉药有点多了，快20种药了，自己的水平深感不足，希望您给予一些指导。</p>",
      "level": 0,
      "highlight": false,
      "children": [
        {
          "id": "aa683ff60b4f6b66d69016adbd97925e",
          "author": "李宗恩",
          "time": "2023年09月13日 22:27",
          "content": "<p>重點是你看診經驗不足，自己看書邊學邊治，等於把病人來當實驗品。你只看到癲癇及其它部分的問題，而沒有深入探討病人整體的問題。</p>",
          "level": 1,
          "highlight": true,
          "children": [
            {
              "id": "116d8ffc32eb6a7e6c1d0bfb3e73d88b",
              "author": "朱会良",
              "time": "2023年09月18日 06:52",
              "content": "<p>您好李老师，万分感激您的回复，没想到您这么快就回复了，真的感觉挺不可思议的，跟做梦一样受宠若惊。2023-0913去了一趟当地一家挺有名气的癫痫专科医院。0908预约时提示我可能要住院观察，事后考虑再三，感觉不太对劲，心里猜测肯定是要给孩子实验西药，心里很反感，最后心想暂且听听他们的看法。在那里做了彩色多普勒超声检查，显示肝区没有肿大，临床化学检查没有发现问题，脑电图：小儿大量慢波异常脑电图，大夫跟我说根据脑电图没有百分百肯定孩子是癫痫，但也不排除，建议我再回北京儿童医院去复查，听医生的建议让你加就加，减就减，实在是控制不了再回来找他治疗，但是我感觉出来了是要用西药，我不想再接受这个失败的方法了。<br/>\n孩子2014-0824出生，剖腹产，足月，前9个月之前体质可以，9个月大时发烧高热惊厥，后来很容易就因为感冒发烧后就高热惊厥，多次在当地市妇幼医院治疗后大夫认为孩子属于难治性癫痫，建议我做一下基因检测（孩子妈妈和舅舅小时候有过抽搐病史），这需要将样本送到北京。后来2017年5月去了北京儿童医院，基因结果：该样本在Draver综合征/全身性癫痫癫痫伴热性惊厥plus2型/家族性热性惊厥3A型/家族性偏瘫型偏头痛3型相关基因SCN1A存在一处杂合突变，家系验证结果显示此突变来自于其母，请结合临床进一步分析。<br/>\n从那之后就开启了3个月一次的复诊之路，开始好像还管点用，但后来感觉就不理想了，几乎每一次复诊时都会由于感冒发烧的原因发作，医生也就一直加药，到2020年11月底又加了拉莫三嗪，提示我如果发现过敏现象就停服，她认为前三种控制不住，这次跟我提到了生酮饮食让我考虑。用于冬天的缘故，也没有及时发现起疹子，后来发烧了，在诊所发现有小疙瘩就不用了，在诊所高热惊厥了，之后退烧又反复，将近10天左右，诊所感觉不大对劲建议我去大医院看看，之后去市妇幼医院（当地最好的儿童医院），也是输液，也是反复发烧三天，之后发烧间隔时间变长，已经准备出院了又发烧了，按照他们的经验不该这样，也有点拿不准，建议我转到北京，当时还有疫情，真绝望，后来院长会诊，总算排查到了肺部好像有点炎症，之后慢慢好转，前后历时将近1个月，对孩子的伤害我想老大了！出院后我都发飙了，必须去找下面提到的老中医。<br/>\n在2017年6月份左右打听到了一位口碑很好的老中医，他判断孩子主要问题是先天不足，喂养不当，有积食，需要调理后天之本脾胃，高热惊厥是烧大了的原因，给开的去积食的胶囊，吃了之后确实有效果，大便有形不干燥，还开了点发烧抽搐的胶囊，但这期间发生了一次剧烈运动后出很多汗后突然在那里僵住了，老大夫让吃几顿他给的胶囊，后来由于种种原因中断了在那里的治疗，想在回想起来真是追悔莫急，真该一直去那里复诊。<br/>\n2021年1月份上旬，找到老中医诊治，还是之前的诊断，先天不足，卫气不足，所以很容易就感冒了。调理后天之本脾胃，记得是先消积食，吃完药又去复诊，吃了大概2个月后感觉体质明显好许多，后来再开药就不以消积食为主了给换了处方。在中医诊所坚持治疗的过程中体质慢慢得到加强。在2021-0614观看西游记电视剧黑白无常片段后眼睛直了，抽搐了，感觉是受到了惊吓，恐伤肾，这是我印象中第2次没有发烧的情况下抽搐，第1次是剧烈运动出大汗后僵住了。在2021-0918打电话预约老中医时得知他去世了，真的太意外了！之后就只能找老中医夫人了，找到以前的方子继续吃。<br/>\n2022-0505晚上又发作了，当天下午发现他眼神不大对劲，也是不明原因的大汗淋漓，胃口不好，晚上9点左右发作了，当时找了诊所大夫针灸人中合谷。这应该是第三次没有明显高烧情况下发作，发作之前感觉他不对劲，没有胃口，脑门都是汗，不知道哪里来的汗。<br/>\n后来我刷到了倪师的视频，感觉眼前一亮又但同时觉得倪师有点吹牛，后来越听越发现倪师讲课风趣幽默，而且真的很厉害!真心羡慕当初能当面聆听倪师教诲并跟随诊倪师跟诊的老师们！最开始是听皇帝内经，听着听着就发现越来越听不明白了，真如倪师讲的要先学习针灸！由于工作关系2022-05去广西南宁出差（后来知道倪师受刘力红邀请去广西中医药大学演讲），花了3个月时间磕磕绊绊的听完1遍针灸课程，有好多都稀里糊涂的，到2022年12月份看完皇帝内经。在2023-0621广西出差期间孩子感冒发烧高热惊厥。之后在2023年1月中旬全面解封后孩子高烧后都没有发作，当时吃了2次在老中医夫人那拿的胶囊，我当时也是吃那个好的。2023年5月中旬，感觉是二阳了，这次我出差没在家，高热惊厥了，当时媳妇给他吃了小儿豉翘颗粒，这好像不对症，此时我已经学完伤寒论了，感觉是当时表证还在时攻里了，后来下痢，黄色的，病毒到肠道了，我远程指导吃了葛芩连汤试试，好像管点用，不过后来还是发烧，找的西医输液解决的，此时将近一年时间都没有发作了。<br/>\n孩子从小体弱多病，感觉遗传我（我体格偏瘦，体质不强，手脚冰凉，冬天冻疮）。孩子从小爱尿床，肾虚，尿床后着凉感冒；脸上有少许白斑，头发稀疏发黄，质软，发质不好，肝肾不足；从小不爱穿袜子，最近也是常光脚踩地，手脚不温，额头温度比手热些，手比脚热些，中焦下焦虚寒，心阳无法下达小肠，这用来解释之前尿床；阳不入阴，用龙骨牡蛎潜阳，这2味药合用可以同时起到重镇安神的作用，也有治疗遗尿的作用；孩子爱喝凉水，喜欢吃炸鸡腿，从小爱吃肥肉不爱吃菜，不明白啥原因；运动后很爱出汗，表阳虚，肺主皮毛，肺部津液流失过多，炮附子固表；之前好多次出汗后受风导致感冒，当时葛根汤应该对症。<br/>\n2022-12孩子开始出现头痛症状，诊所怀疑是鼻窦炎，去医院检查确诊鼻窦炎，开了一些中成药和冲洗比鼻腔的药，指标不治本，鼻窦炎原因是体内太多寒了，长期输液导致体内很冷，肺开窍于鼻，肺功能出现问题；之后找了老中医夫人开了点药，还是胶囊的，后来感觉效果不显著；自己尝试针灸方法当时管点事，之后又疼，自己下针穴位估计不太准，补泄手法也一知半解，无法达到倪师说的效果，我想是自己的问题，倪师肯定是正确的！2023-0622当时两侧太阳穴头痛，前额头痛，太阳透率骨应该对症，前额头痛用白芷，我按压率骨穴也有压痛感，不会透针，采取的大力按压方式从率骨穴压到太阳穴的方式也起到了一定作用，用药为柴胡桂枝汤加减，葛根辛夷石菖蒲苍术，白芷川穹，细辛，僵蚕；终于在2023-0715左右孩子的鼻窦炎头痛病症解决了，期间也用过葛根汤加减，大多处方都来自倪师视频，到目前为止头痛未再犯。<br/>\n流鼻血事件很棘手，自己理不清头绪。2023-0713左侧流鼻血，用大蒜敷右侧涌泉穴；三黄泻心汤，大黄、黄连、黄芩等量，打粉冷水服2g；2023-0810早起流鼻血，查找资料有人说麦门冬汤可以治疗流鼻血；2023-0820，晚上流鼻血；2023-0905上午上学时流鼻血；双眼瞳孔（上下不会看）外侧眼白有红血丝，右眼上眼皮有淡血丝，不知道是不是肺部有热？</p>\n<p>2023-0828晚上6点多突然满头大汗，我感觉很是不妙，果然之后发作了，这次按照倪师教的急救方法下针，10多分钟缓解，之后呕吐4次，以前没有过呕吐，感觉跟0818开始试验的藜芦甘草汤有关系，吐完后大哭，全身疼，寸脉沉，也只会很简单的，大量津液丧失，给他用的治疗柔痉的瓜蒌桂枝汤，吃完后缓解。<br/>\n2023-0907晚上从医院回来感觉孩子手脚冰冷，大夫说这次发作时间50分钟长脑袋可能有水肿积水给输了点液（这次老师录制的视频显示前15分钟基本没啥痉挛，嘴里冒点白沫，距离远，看不太清，后3分钟腿抽搐，但是整体发作程度较之前0812和0828都轻，前2次自己在场，针灸急救，后面这次孩子妈妈扎的不太好）。根据医生描述和手脚冰凉的情况，寸脉浮紧，用四逆汤（6g生附子，10g 干姜，15g炙甘草）手脚凉，小建中汤加葛根、党参、陈皮，补充津液；生硫磺生半夏去除脑积水，伸筋草止痉挛（后20分钟下的），煮药时间设置为100分钟，一直大火；煮到剩余40分钟时孩子发烧了，38点3度，加入8g麻黄，组成葛根汤，吃完后第二天早起烧就退了，晚上又吃了一次，一次100ml。<br/>\n2023-0916下午呕吐，前额头痛，按摩百会穴，太阳穴，印堂穴，缓解；2023-0917下午，恶心，前额头痛，有些低烧37.3°后来又好了，右腿委中穴痛，按压疼痛位置缓解；晚上吃柴胡桂枝汤，柴胡用到4钱20g；2023-0918下午头痛，恶心，还吃柴胡桂枝汤，缓解；太阳少阳并病；<br/>\n现在9周岁，身高130cm左右，体重24kg，偏瘦，能看到肋骨；肚子偏大，最近大便正常，跟之前发作时的便秘不同。叙述的有点啰嗦，怕描述不清楚，有点抓不住重点。2023-0701开始逐步停止氯硝西泮到0805开始全部停止，这个期间用柴胡加龙骨牡蛎汤镇惊安神，想替代氯硝西泮。现在不敢轻易动手了，想先稳，让身体先强壮起来，太瘦了，脸都成瓜子脸了，小时候圆脸。</p>",
              "level": 2,
              "highlight": false,
              "children": [
                {
                  "id": "295b12e76cb83a1b17f069015c6368c3",
                  "author": "李宗恩",
                  "time": "2023年09月18日 17:03",
                  "content": "<p>我不在網上針對個案一一討論，有醫療需要，請聯絡診所info@youngQi.com，不過目前遠程看診得等候大半年。</p>",
                  "level": 3,
                  "highlight": true,
                  "children": []
                }
              ]
            }
          ]
        }
      ]
    },
    {
      "id": "7b6e618ab266f4540db1d6755e817be5",
      "author": "李梁",
      "time": "2024年06月14日 09:42",
      "content": "<p>非常好的一篇文章，再一次着重强调了中医因人因时因地采取整体辩证的原则，从最优的切入点入手，从而能让a到b这个过程更加平顺没有对病人留下更多的不适与副作用！这也是作为一个自学者的我想达到的这一步，很可惜想要到这一步需要有大量的临床实践以及跟诊，显然对于自学的我来说这个门槛高度很高很难以触及！或许正如倪老师所言对中医师层级的划分，中等中医师的水平已经是自学者所能触及的天花板级别了！</p>",
      "level": 0,
      "highlight": false,
      "children": []
    },
    {
      "id": "5f825f00bf950e995795d628ec52118c",
      "author": "单单",
      "time": "2024年11月18日 22:44",
      "content": "<p>“我无法昧着良心，去讨好病人的父母，去增进所谓的「名声」。 我宁可他们怀疑我的医术，也得坚持下去我无法昧着良心，去讨好病人的父母，去增进所谓的「名声」。 我宁可他们怀疑我的医术，也得坚持下去”看到这一段，内心感动不已，一股暖流在我心跳涌起…无法用语言来形容我的心情</p>",
      "level": 0,
      "highlight": false,
      "children": [
        {
          "id": "3f4dbb8b2b07bee7345e7fc4c778ae29",
          "author": "李宗恩",
          "time": "2024年11月19日 15:22",
          "content": "<p>謝謝你反饋。</p>",
          "level": 1,
          "highlight": true,
          "children": []
        }
      ]
    }
  ],
  "page": 19,
  "order": 4,
  "filename": "data\\page19\\page19_order3_1aa407f58b15fbe41e0d13a9c3978552.json"
}