{
  "article_url": "https://andylee.pro/wp/?p=8382",
  "title": "網上講座：中藥淺談",
  "content": "<figure class=\"wp-block-image\"><img alt=\"\" class=\"wp-image-8381\" decoding=\"async\" fetchpriority=\"high\" height=\"1024\" sizes=\"(max-width: 754px) 100vw, 754px\" src=\"https://andylee.pro/wp/wp-content/uploads/2020/07/4ad707a33d8ef77292d580eddd181392-754x1024.jpg\" srcset=\"https://andylee.pro/wp/wp-content/uploads/2020/07/4ad707a33d8ef77292d580eddd181392-754x1024.jpg 754w, https://andylee.pro/wp/wp-content/uploads/2020/07/4ad707a33d8ef77292d580eddd181392-221x300.jpg 221w, https://andylee.pro/wp/wp-content/uploads/2020/07/4ad707a33d8ef77292d580eddd181392-768x1042.jpg 768w, https://andylee.pro/wp/wp-content/uploads/2020/07/4ad707a33d8ef77292d580eddd181392.jpg 1080w\" width=\"754\"/></figure>\n<p>新冠肺炎疫情爆發後，一群有志人士組成了「中醫國際聯盟」，邀請了許多位海內外的專家參與。雖然我對這個組織及參與者不是特別了解，在一些熟悉人士的邀約下，我也同意參與。「中醫國際聯盟」主辦了許多場網路講座及專家對話，前三次我參與的講座及對話，時間倉促，也不確定其他專家是哪方面的專家，我也就沒有幫忙宣傳。</p>\n<p>這週末網路講座的內容，是我之前為美洲中國工程師學會中醫概論課程準備的，內容簡短卻有代表性的意義，讓初學中醫者有個整體架構性的概念，也比較有趣些。同時，在只能選擇20味中藥材來治病的限制下，對中醫師中藥理解及臨床功力是個嚴格的考驗，一位中醫師的選擇也反應出其平常看診病例類型及危急程度。</p>\n<p>講座：中藥淺談 – 如果只能選20味中藥上火星，你會選擇哪些以提高存活率？</p>\n<p>時間：北京時間，7月5日，週日，上午8am~9:30am</p>\n<p>參加方式：微信掃描二維碼，直播和回放皆可</p>\n<p>視頻：微信網群歧黃聖賢智慧編輯整理 <a href=\"https://mp.weixin.qq.com/s/SIYLW7WgGmbnzs9rhTdB2Q\">https://mp.weixin.qq.com/s/SIYLW7WgGmbnzs9rhTdB2Q</a></p>",
  "article_time": "2020年07月01日 10:20",
  "comments": [
    {
      "id": "c9ee02756ba371687ed2ba6e2e8a43c9",
      "author": "QuaSyLaTic Andrew",
      "time": "2020年07月01日 18:26",
      "content": "<p>我觉得，越来越多的人对中医有感兴趣是件非常好的事情。<br/>\n也许是大家发现西医有许多的限制，无法彻底的帮助人的整体的健康。</p>\n<p>小弟也在这方面发布我的一些研究，关于西医和黄帝内经。有兴趣的网友欢迎阅读。</p>\n<p>西医和黄帝内经如何认识【糖尿病】<br/>\n<a href=\"https://youtu.be/9Ug9c9NmHHY\" rel=\"nofollow ugc\">https://youtu.be/9Ug9c9NmHHY</a></p>",
      "level": 0,
      "highlight": false,
      "children": [
        {
          "id": "4f6d49ac18bc649805ab5c79fbd56aa7",
          "author": "karunavihari",
          "time": "2020年07月02日 23:49",
          "content": "<p>请教哪位有英文翻译版的 倪海厦老师的中医健康8（或10）标准的文字版呢？可以分享吗？谢谢</p>",
          "level": 1,
          "highlight": false,
          "children": [
            {
              "id": "2fd31c3f830254ef94734e4ecec76536",
              "author": "ET",
              "time": "2020年07月03日 21:08",
              "content": "<p><a href=\"http://www.hantang-nihaisha.com/english/en_Articles/GOODHEALTHQUIZ.htm\" rel=\"nofollow ugc\">http://www.hantang-nihaisha.com/english/en_Articles/GOODHEALTHQUIZ.htm</a></p>\n<p>这篇可能可以帮到您，不过第8和第9好像是别人加上去。</p>",
              "level": 2,
              "highlight": false,
              "children": [
                {
                  "id": "402b058fb18dddfe230b11f8c6891a46",
                  "author": "ieitZYB",
                  "time": "2020年07月05日 18:52",
                  "content": "<p><a href=\"http://www.hantang.com/english/en_Articles/GOODHEALTHQUIZ.htm\" rel=\"nofollow ugc\">http://www.hantang.com/english/en_Articles/GOODHEALTHQUIZ.htm</a><br/>\n比较一下【www.hantang.com】</p>",
                  "level": 3,
                  "highlight": false,
                  "children": []
                },
                {
                  "id": "2e157b80014170d294a8e74fe8d1856e",
                  "author": "ieitZYB",
                  "time": "2020年07月12日 05:55",
                  "content": "<p>对比一下网站域名(domain)：<br/>\n【www.Hantang.com】(倪师原始网站)<br/>\n【www.Hantang-Nihaisha.com】(？谁注册的？)<br/>\n显然，倪师过世后，【www.Hantang-Nihaisha.com】这个网站域名才注册。<br/>\n查询方法和结果：<br/>\n<a href=\"https://whois.aliyun.com/whois/domain/hantang.com\" rel=\"nofollow ugc\">https://whois.aliyun.com/whois/domain/hantang.com</a><br/>\n(倪师原始网站，注册日期：1998年09月07日)<br/>\n<a href=\"https://whois.aliyun.com/whois/domain/hantang-nihaisha.com\" rel=\"nofollow ugc\">https://whois.aliyun.com/whois/domain/hantang-nihaisha.com</a><br/>\n（？谁注册的？注册日期：2014年11月12日）</p>",
                  "level": 3,
                  "highlight": false,
                  "children": [
                    {
                      "id": "6df8a804ebf60da78dc3ef5d9d93e444",
                      "author": "四川 颜永信",
                      "time": "2020年07月14日 07:30",
                      "content": "<p>观察很细致</p>",
                      "level": 4,
                      "highlight": false,
                      "children": []
                    }
                  ]
                }
              ]
            }
          ]
        }
      ]
    },
    {
      "id": "8bb09ca236864df19e81b39dc85bf626",
      "author": "Jessie诚意",
      "time": "2020年07月04日 05:58",
      "content": "<p>把正统中医发扬起来吧！李老师招收徒弟吗？我想拜入倪师经方派的门下！</p>",
      "level": 0,
      "highlight": false,
      "children": [
        {
          "id": "79d55a113f40f5a6313e5650b73261ed",
          "author": "李宗恩",
          "time": "2020年07月07日 11:00",
          "content": "<p>目前的教學都是應不同各單位的邀請，未來會正式有系統的教學。</p>",
          "level": 1,
          "highlight": true,
          "children": []
        }
      ]
    },
    {
      "id": "7d711e8a19f6793fea9313e6a098c882",
      "author": "包兒",
      "time": "2020年07月04日 16:30",
      "content": "<p>請問是否可能有錄音紀錄上傳呢？這樣可幫助更多沒有微信帳號的各國人員收聽，謝謝:)</p>",
      "level": 0,
      "highlight": false,
      "children": [
        {
          "id": "f59504e31a51816ac5106a99775acc46",
          "author": "李晨",
          "time": "2020年07月06日 08:32",
          "content": "<p>请问你没有微信号吗？那个国家的呀</p>",
          "level": 1,
          "highlight": false,
          "children": []
        },
        {
          "id": "4f102fca3ecb6a0e4fe9dae0fa7ef45e",
          "author": "李宗恩",
          "time": "2020年07月07日 11:01",
          "content": "<p>我已經轉告主辦單位，不過，他們也是一群義工，利用工作之餘來推廣中醫，可能時間及精力有限。</p>",
          "level": 1,
          "highlight": true,
          "children": []
        },
        {
          "id": "4db4cf54e92962cac4624d349b603b0b",
          "author": "gordon",
          "time": "2020年07月27日 07:21",
          "content": "<p>我录下来放到百度云上了。<br/>\n链接：https://pan.baidu.com/s/10y4XiPKZIL-BfH4hS-t7UQ<br/>\n提取码：gx06<br/>\n20200701中药浅谈李宗恩讲解二十味中药1.mp3<br/>\n20200701中药浅谈李宗恩讲解二十味中药2.mp3<br/>\n20200717李宗恩讲解中医案例.mp3</p>\n<p>20200722_对话1尹博士.mp3<br/>\n20200722_对话2李博士.mp3<br/>\n20200722_对话3尹博士.mp3<br/>\n20200722_对话4李博士.mp3<br/>\n20200722_对话5李博士.mp3<br/>\n20200722_对话6尹博士.mp3<br/>\n20200722_对话7李博士.mp3<br/>\n20200722_对话8尹博士.mp3<br/>\n20200722_对话9李博士.mp3<br/>\n20200722_对话10尹博士.mp3</p>",
          "level": 1,
          "highlight": false,
          "children": []
        }
      ]
    },
    {
      "id": "6f4e15dc30b2f1084cdc52e15a893fcb",
      "author": "高志坚",
      "time": "2020年07月04日 23:06",
      "content": "<p>感恩李宗恩老师！</p>",
      "level": 0,
      "highlight": false,
      "children": []
    },
    {
      "id": "978b0f518a9bb03b85f9c9dbef3be2ad",
      "author": "李晨",
      "time": "2020年07月05日 09:11",
      "content": "<p>如果我只能带20位中药穿越到无人区，一辈子有吃的水能够煮药。<br/>\n会带，，白术，茯苓，泽泻，猪苓，酸枣仁，当归，桂枝，白芍，炙甘草，补骨脂，阳起石，柴胡，黄芩，生附子，炮附子，生半夏，桃仁，红花，川芎。<br/>\n刚好20位药。<br/>\n我们可能很难做出诊医生，因为没有证件，学历不够，医龄等于0。要完成这些对普通人很难。只能自个了解偶尔运用。<br/>\n不过看八字还是可以赚钱的，李医生我最近看紫薇斗数赚了900多，看了有15多个盘。批的还不错。不过我订价格都是统一的，不会看人八字好就攀龙附凤啊，你这个八字好，要加几百块这样子。这种坐法都是没有道德的人干的。</p>",
      "level": 0,
      "highlight": false,
      "children": [
        {
          "id": "ac57da54f53b4f6f89c792caed7b9d81",
          "author": "ieitZYB",
          "time": "2020年07月05日 18:24",
          "content": "<p>不要东拉西扯，不要添乱。<br/>\n比如向前静什么的，要搞就正经注册个NGO组织、基金会之类（如刘力红参与的叫北京同有三和，徐文兵有厚朴中医学堂），一会儿“千聊”、一会儿“小鹅通”的。<br/>\n我喜欢倪师的风格，就是物理学的风格，并以物理学的严谨态度研究中医学，李医师也讲过一个电池以及充电比喻。<br/>\n我呢，2010年开始的人纪DVD学员，半路 IT 从业者，利用电脑技术优势，做个义工，收集解答一些后来粉丝的疑问，不知道能不能帮助一些人避免误入歧途：<br/>\n<a href=\"https://docs.qq.com/doc/DS2xLYXF0elNLcVRw\" rel=\"nofollow ugc\">https://docs.qq.com/doc/DS2xLYXF0elNLcVRw</a></p>",
          "level": 1,
          "highlight": false,
          "children": [
            {
              "id": "ca3ca8292cf2930c7190205b082f43b5",
              "author": "ieitZYB",
              "time": "2020年07月05日 18:34",
              "content": "<p>补充，刘力红是“北京同有三和中医药发展基金会”法人代表（公开的机构工商注册信息：https://www.qixin.com/company/8e3360d6-b73f-11e6-8db8-00163e014a2c）。</p>",
              "level": 2,
              "highlight": false,
              "children": []
            }
          ]
        }
      ]
    },
    {
      "id": "fb45417302fa9f8c8e8f5262b117e96a",
      "author": "ieitZYB",
      "time": "2020年07月05日 19:09",
      "content": "<p>腾讯文档共享结果提示被举报，跟倪师、李医师网站在微信中提示不安全或禁止访问被举报类似呀。<br/>\n这是要挑战我这个半路IT从业者的样子^_^<br/>\n改在[金山文档]共享试一下：<br/>\n<a href=\"https://kdocs.cn/l/sSw52QI1g\" rel=\"nofollow ugc\">https://kdocs.cn/l/sSw52QI1g</a></p>",
      "level": 0,
      "highlight": false,
      "children": [
        {
          "id": "4eae95f5157f5c484c9a4ac5d314cbec",
          "author": "李宗恩",
          "time": "2020年07月07日 11:44",
          "content": "<p>我的網頁被微信提示不安全或禁止訪問？</p>\n<p>如果不考慮版權的問題，你收集的資料挺好的。倪老師原本網頁内容的版權問題，有些麻煩。倪老師搬回台灣定居時，將診所轉賣給診所總管李先生，因爲是幾十年的老朋友，並沒有找律師草擬買賣合約，原本診所運營事務也都是總管處理，因此，轉讓事宜雙方口頭討論就決定了。然而，在沒有正式書面合約的解釋下，倪老師原本網頁是屬於診所運營部分而一起轉讓了？還是不屬於診所運營部分而成爲遺產了？這點是有爭議的，而學生們不適合也不應該介入這樣的爭議，只能期盼相關當事人能早日有共識，一起推廣倪老師的教學。</p>",
          "level": 1,
          "highlight": true,
          "children": [
            {
              "id": "9037253e23c6e91227fc146f30b0e217",
              "author": "ieitZYB",
              "time": "2020年07月07日 18:08",
              "content": "<p>是的，微信内或电脑QQ浏览器点击链接的方式会都提示；另外腾讯文档性质不同，可能是对内容有检查，我已申诉（网站拦截申诉 <a href=\"https://urlsec.qq.com/complain.html）。\" rel=\"nofollow ugc\">https://urlsec.qq.com/complain.html）。</a><br/>\n版权的话，无论是截图或复制原文，我都还会放原文链接（按“任何人如果使用本人網站中的文章與知識 , 但是必須註明出處”应该合适）</p>",
              "level": 2,
              "highlight": false,
              "children": []
            },
            {
              "id": "3f9a71b8ed25c816de534d44f05f2797",
              "author": "四川 颜永信",
              "time": "2020年07月14日 07:47",
              "content": "<p>倪海厦可能退出江湖，死是个谜，墓在哪里？有人说在香港看见倪海厦，有人推算他活得好好的。当我提议有美签的倪粉到佛罗里达州汉唐经方中医学院考察学习时，被倪白时亲自踢出QQ群，可见倪白时为人的一斑。</p>",
              "level": 2,
              "highlight": false,
              "children": [
                {
                  "id": "7017b37308576047b07e0b22fa2ce49a",
                  "author": "李宗恩",
                  "time": "2020年07月14日 11:52",
                  "content": "<p>倪海廈老師確定過世了，骨灰安置在台北，許多學生前往祭拜過。倪老師原本佛州的漢唐中醫診所(Ni’s Acupuncture Center)，在倪老師回台灣退休定居前，轉讓給診所總管、老同學李大叔經營。原本診所的房產隨著倪老師過世，親屬處理分配遺產，轉為倪伯時先生所有，李大叔被要求即刻搬遷漢唐中醫診所到其它地方，隨即倪伯時先生賣出該房產，目前是一家動物醫院。換句話説，原本倪老師形容為「桃花島」上的「漢唐中醫診所」早就不存在了。</p>",
                  "level": 3,
                  "highlight": true,
                  "children": [
                    {
                      "id": "3000a83357053a1a5644268b5d9e458b",
                      "author": "四川 颜永信",
                      "time": "2020年07月14日 21:38",
                      "content": "<p>大陆微信收藏中倪海厦网页网络问题，重新加载几次才能正常，倪师关于牛奶的文章，被大陆微信标注为不实信息，付批判文章。</p>",
                      "level": 4,
                      "highlight": false,
                      "children": []
                    },
                    {
                      "id": "dce5db09e016103727e5d0f65d3330dd",
                      "author": "李宗恩",
                      "time": "2020年07月14日 22:39",
                      "content": "<p>已經有許多現代醫學研究顯示牛奶的問題，和倪老師從臨床上觀察到的有許多相同的論點。</p>",
                      "level": 4,
                      "highlight": true,
                      "children": []
                    },
                    {
                      "id": "73cc816de562514b1f33dd07dac5fa9c",
                      "author": "四川 颜永信",
                      "time": "2020年07月14日 21:46",
                      "content": "<p>由倪师创建的汉唐经方中医学院毁在倪伯时手中。</p>",
                      "level": 4,
                      "highlight": false,
                      "children": []
                    },
                    {
                      "id": "ba92fa5671eb861b256deb18eb677a12",
                      "author": "李宗恩",
                      "time": "2020年07月14日 22:57",
                      "content": "<p>倪海厦老師創建的是漢唐中醫診所及漢唐中醫學院，和倪伯時先生的漢唐經方中醫學院沒有關聯，倪伯時先生並非接手倪老師的診所或教學工作，只是和許多學生一樣，借用倪老師的名聲來推展自己的業務。以美國政府正式公司註冊的「Ni’s Acupuncture Center」而言，倪海厦老師的漢唐中醫診所，在回台灣退休定居時轉賣給了原本診所總管及老同學李先生，診所多年累積的病人病例及其它有形無形資產也轉為李先生所有，目前網址為https://www.nisacupuncturecenter.com/</p>",
                      "level": 4,
                      "highlight": true,
                      "children": []
                    },
                    {
                      "id": "c516c56b9a043658afd1e357983b177b",
                      "author": "ieitZYB",
                      "time": "2020年07月15日 05:09",
                      "content": "<p>试了下：<br/>\n<a href=\"https://www.nisacupuncturecenter.com/\" rel=\"nofollow ugc\">https://www.nisacupuncturecenter.com/</a><br/>\n网站页面质量和访问效果好差，建议考虑用：<br/>\n<a href=\"https://www.strikingly.com\" rel=\"nofollow ugc\">https://www.strikingly.com</a><br/>\n相当不错的效果和服务，不用编程能力快速创建漂亮网站（中国大陆则是 <a href=\"https://www.SXL.cn\" rel=\"nofollow ugc\">https://www.SXL.cn</a> ，同一家公司， ）。</p>",
                      "level": 4,
                      "highlight": false,
                      "children": []
                    },
                    {
                      "id": "5891ce1dcd6d948ee439a236998cfef4",
                      "author": "四川 颜永信",
                      "time": "2020年07月20日 14:31",
                      "content": "<p>任何使人类接近真理的智慧，都是神先赋予。他要回到他原来的地方，就是突然死去。倪海厦大师，可能就是这种情况。</p>",
                      "level": 4,
                      "highlight": false,
                      "children": []
                    }
                  ]
                }
              ]
            }
          ]
        }
      ]
    },
    {
      "id": "e585364c19c3c43f1c0d6a4469438ab4",
      "author": "Helen",
      "time": "2020年07月06日 17:49",
      "content": "<p>李医师，您好！</p>\n<p>讲座里提到的饴糖，如果没有好的饴糖，可以用什么代替呢？</p>\n<p>国内一些医生会用炒麦芽代替，您觉得行吗？炒麦芽的量和小建中的桂枝的量比例要多少才合适？</p>",
      "level": 0,
      "highlight": false,
      "children": [
        {
          "id": "ced0436b9da71facac268b17e880f1f6",
          "author": "李宗恩",
          "time": "2020年07月07日 12:06",
          "content": "<p>飴糖和炒麥芽是不一樣的。一般情況下，一碗小建中湯，加1~2湯匙（tablespoon）的飴糖。</p>",
          "level": 1,
          "highlight": true,
          "children": []
        }
      ]
    },
    {
      "id": "9d6f8944aec51e3d776eddf3da572760",
      "author": "wang",
      "time": "2020年07月08日 07:41",
      "content": "<p>这是倪师高徒李宗恩博士的网站嘛？</p>",
      "level": 0,
      "highlight": false,
      "children": [
        {
          "id": "e54bc21c5bf9317f442e9499fc400f8c",
          "author": "李宗恩",
          "time": "2020年07月09日 14:48",
          "content": "<p>我是李宗恩。</p>",
          "level": 1,
          "highlight": true,
          "children": []
        }
      ]
    },
    {
      "id": "497051a97f09a25ba7a86bdff42a0168",
      "author": "ieitZYB",
      "time": "2020年07月09日 02:13",
      "content": "<p>义工的成就了解一下。<br/>\n尊敬的用户：<br/>\n网站http://www.hantang.com/chinese/ch_Articles/copyright4.htm 申诉成功！你在2020-07-08 09:03:29 提交的申诉已经通过审核，即刻起你可以把网址发到QQ上进行验证。感谢你对腾讯网址安全中心的支持！</p>\n<p>温馨提示：腾讯网址安全中心提醒您，近期有人冒充网址安全中心客服以解封的名义骗取解封费用，我们在此申明腾讯网址安全中心不会以任何名义收取任何费用，任何收取费用的解封都是骗子，请认准官方申诉渠道。</p>",
      "level": 0,
      "highlight": false,
      "children": [
        {
          "id": "4545f90740d9787ba1f203a8683475b7",
          "author": "ieitZYB",
          "time": "2020年07月09日 02:15",
          "content": "<p>经测试，hantang.com全面通过QQ的安全限制。</p>",
          "level": 1,
          "highlight": false,
          "children": []
        },
        {
          "id": "265b8e84200ffb10938081fe4958f7fc",
          "author": "李宗恩",
          "time": "2020年07月09日 14:49",
          "content": "<p>謝謝你的幫忙，讓大陸的讀者能直接查看倪老師原本的網頁 <a href=\"http://www.hantang.com。\" rel=\"nofollow ugc\">http://www.hantang.com。</a></p>",
          "level": 1,
          "highlight": true,
          "children": [
            {
              "id": "9378b6df5c35360e19589830781df116",
              "author": "ieitZYB",
              "time": "2020年07月09日 17:18",
              "content": "<p>谈不上谢。都是小事情，早就发现了，微信收个收藏功能，我收藏了hantang.com上关于六大健康标准、一些Common Sense、芬兰小公主、天使人症等原始网页，为方便转发给朋友看，结果去年底还是今年初就提示被举报。</p>\n<p>如果我有能力分出更多精力，考虑注册一个基金会，但现在综合起来做不到，一个月可以有2天时间做义工吧。</p>",
              "level": 2,
              "highlight": false,
              "children": [
                {
                  "id": "1b6f1d84dab3f3ce4e7f6ce4013ec33e",
                  "author": "ieitZYB",
                  "time": "2020年07月09日 17:20",
                  "content": "<p>小事情，早就发现了，微信有个收藏功能，我收藏了hantang.com上关于六大健康标准、一些Common Sense、荷兰小公主、天使人症等原始网页为方便转发给朋友看，结果去年底还是今年初就提示被举报。</p>\n<p>如果我有能力分出更多精力，考虑注册一个基金会，但现在综合起来做不到，一个月可以有2天时间做义工吧。</p>",
                  "level": 3,
                  "highlight": false,
                  "children": []
                }
              ]
            }
          ]
        }
      ]
    },
    {
      "id": "9b412ddb9d27902458734ddac47e03c5",
      "author": "中医小白",
      "time": "2020年07月09日 07:06",
      "content": "<p>李老师您好，学习中医十几年了，但一直功力不见增长，请问您如何有效提高中医治病的能力呢？就像您所说的，治病要能像剥洋葱一样剥到中心，请问如何才能做到呢？</p>",
      "level": 0,
      "highlight": false,
      "children": [
        {
          "id": "d09d703b3a084eb205a2666cb19aeb5c",
          "author": "李宗恩",
          "time": "2020年07月09日 14:51",
          "content": "<p>用心研讀倪海廈老師的中醫教材，然後找個好老師跟診。</p>",
          "level": 1,
          "highlight": true,
          "children": []
        }
      ]
    },
    {
      "id": "33354875be315d61f92014ad353c41f4",
      "author": "wang",
      "time": "2020年07月09日 08:20",
      "content": "<p>李医师，您好！<br/>\n   我是那位通过南京中医协会想联系您的人，望您百忙之中能抽空给我2分钟。0086-13382011561</p>",
      "level": 0,
      "highlight": false,
      "children": [
        {
          "id": "94055005677186d25b6ffe64a56816b8",
          "author": "李宗恩",
          "time": "2020年07月09日 14:52",
          "content": "<p>請和診所聯絡，診所同仁視情況決定如何處理，info@youngQi.com</p>",
          "level": 1,
          "highlight": true,
          "children": []
        }
      ]
    },
    {
      "id": "5e0a078d31171373a50d70cd1c9fb229",
      "author": "Rebecca Xiang",
      "time": "2020年07月11日 21:55",
      "content": "<p>你的腾讯文档已经不能打开了。</p>",
      "level": 0,
      "highlight": false,
      "children": [
        {
          "id": "d65f6e8b2be0362c45cd56db3afac013",
          "author": "ieitZYB",
          "time": "2020年07月12日 05:06",
          "content": "<p>所以，改在[金山文档]：<br/>\n<a href=\"https://kdocs.cn/l/sSw52QI1g\" rel=\"nofollow ugc\">https://kdocs.cn/l/sSw52QI1g</a></p>\n<p>并继续申诉中。</p>",
          "level": 1,
          "highlight": false,
          "children": []
        }
      ]
    },
    {
      "id": "e0125375164d1a40ef276775255214ae",
      "author": "ieitZYB",
      "time": "2020年07月12日 05:48",
      "content": "<p>对比一下网站域名(domain)：<br/>\n【www.Hantang.com】(倪师原始网站)<br/>\n【www.Hantang-Nihaisha.com】(？谁注册的？)<br/>\n倪师过世后，【www.Hantang-Nihaisha.com】这个网站域名才注册：<br/>\n查询方法和结果：<br/>\n<a href=\"https://whois.aliyun.com/whois/domain/hantang.com\" rel=\"nofollow ugc\">https://whois.aliyun.com/whois/domain/hantang.com</a><br/>\n(倪师原始网站，注册日期：1998年09月07日)<br/>\n<a href=\"https://whois.aliyun.com/whois/domain/hantang-nihaisha.com\" rel=\"nofollow ugc\">https://whois.aliyun.com/whois/domain/hantang-nihaisha.com</a><br/>\n（？谁注册的？注册日期：2014年11月12日）</p>",
      "level": 0,
      "highlight": false,
      "children": []
    },
    {
      "id": "60efe7ec0cfc307268aec87993a4fc10",
      "author": "无显示",
      "time": "2020年07月13日 14:02",
      "content": "<p>担心到时候被强迫打疫苗。特别是不想小孩打疫苗。现在我们社区已经开始找人去实验打防疫的疫苗了。怎么办？</p>",
      "level": 0,
      "highlight": false,
      "children": [
        {
          "id": "262ce8505c43049c9ec9ced1c8095c7b",
          "author": "李宗恩",
          "time": "2020年07月14日 09:34",
          "content": "<p>如果非得打疫苗，打疫苗前先盡量治療已經有的健康問題，打疫苗後清肝及針對不好反應來處理。</p>",
          "level": 1,
          "highlight": true,
          "children": []
        }
      ]
    },
    {
      "id": "7e309b686b95757f1e71ac08eebf600e",
      "author": "李煜",
      "time": "2020年07月13日 22:58",
      "content": "<p>李博士您好，您有倪老师以前的办公室挂朱雀那个匾额的照片吗？我四处找了都没找到</p>",
      "level": 0,
      "highlight": false,
      "children": []
    },
    {
      "id": "e19ad21bc201d50a94ca80810365f0b8",
      "author": "李煜",
      "time": "2020年07月14日 01:06",
      "content": "<p>尊敬的李医师您好！您有以前倪老师的办公室挂着朱雀那块匾的照片吗？我四处找了也没有找到，来求助您。没别的用途，就是想自己存着看一看，有个念想。</p>",
      "level": 0,
      "highlight": false,
      "children": []
    },
    {
      "id": "53be12404ecb438e3cd0f1dbd2186896",
      "author": "古中医爱好者",
      "time": "2020年07月14日 15:01",
      "content": "<p>李醫師您好，請教一個問題。很奇怪的事，現在大凡有生育過的女性，做婦科檢查，都被懷疑有子宮肌瘤，類似的超生檢查看過好多。網上查閱後：子宮肌瘤是長在子宮組織中異常的肌肉瘤。但是古中醫在婦科上以虛實寒熱來辨證，近期接觸過一位女性，詢問了下，很典型的溫經湯症，肚臍下方到關元以及左邊用手按按是用硬滿的感覺，可以確定有些瘀血在裡面。但是她就問，為何有子宮肌瘤，都10厘米。她都嚇死了。西醫如何只用超生檢查就能確定有肌瘤呢？請教李醫師了，謝謝。</p>",
      "level": 0,
      "highlight": false,
      "children": [
        {
          "id": "a70401d81c911e9558d75ebfe8c32652",
          "author": "李宗恩",
          "time": "2020年07月14日 19:52",
          "content": "<p>我不是很了解你在問什麼。子宮肌瘤是西醫定義的疾病，自然也就以西醫檢測的方法來確診。溫經湯證是中醫定義的身體失衡狀態，自然也就以中醫望聞問切的辨證方式來確診。至於西醫的子宮肌瘤和中醫的溫經湯證是不是對應的、差異在哪等等，那是另外的討論。</p>",
          "level": 1,
          "highlight": true,
          "children": []
        }
      ]
    },
    {
      "id": "35b95f42e37981dda629feb3e0ee1ccd",
      "author": "明遠",
      "time": "2020年07月14日 20:58",
      "content": "<p>李醫師您好:</p>\n<p>倪老師說過打疫苗會讓身體出問題，請問您對打疫苗的看法?</p>\n<p>謝謝</p>",
      "level": 0,
      "highlight": false,
      "children": [
        {
          "id": "659453b3014673135107d9e1c9871c10",
          "author": "李宗恩",
          "time": "2020年07月14日 21:14",
          "content": "<p>疫苗是一個很有爭議性的問題，基本上，我對大多數的疫苗持負面的態度，但是，如果真的討論起來，有得寫一長篇文章來解釋，以免被人斷章取義。</p>",
          "level": 1,
          "highlight": true,
          "children": []
        }
      ]
    },
    {
      "id": "bcc36202fe1aa53b35826e09400f7cf0",
      "author": "YcLin",
      "time": "2020年07月14日 23:40",
      "content": "<p>李醫師，您好！我在您blog沒有找到關於引經藥的討論，不知是不是我沒搜索到，我一直對引經藥有一些疑問（比如說每味藥本身就有自己的歸經屬性，那麼引經藥對於本身就有歸經屬性的藥起的是什麼作用呢？等等問題）然後我就去網上搜索這方面的資料，我看到一篇1996年山東省某醫院的文章「引經藥學說之我見」，我不知怎麼發給您，就傳到百度網盤了（链接: <a href=\"https://pan.baidu.com/s/19ycqKLtzNHEn76zbXch7bQ\" rel=\"nofollow ugc\">https://pan.baidu.com/s/19ycqKLtzNHEn76zbXch7bQ</a> 提取码: 72b7），是pdf文檔，如您有空請您看一下，很期待聽到您的見解，謝謝！</p>",
      "level": 0,
      "highlight": false,
      "children": []
    },
    {
      "id": "adc59f6b9db46398fb70fefc45fc8631",
      "author": "四川 颜永信",
      "time": "2020年07月18日 03:03",
      "content": "<p>请教李宗恩老师：桂枝芍药知母汤中知母的作用</p>",
      "level": 0,
      "highlight": false,
      "children": [
        {
          "id": "55e857adae823479aef6b4b2c7e3583f",
          "author": "李宗恩",
          "time": "2020年07月19日 08:23",
          "content": "<p>「諸肢節疼痛，身體尪羸，腳腫如脫，頭眩短氣，溫溫欲吐，桂枝芍藥知母湯主之。」，知母用意為清熱除煩，寒濕如骨節，陽氣無法順利運行而反逆向上，導致「頭眩短氣」，所以用知母。</p>",
          "level": 1,
          "highlight": true,
          "children": [
            {
              "id": "72bd21cf957dd93e6c85f8c528237165",
              "author": "四川 颜永信",
              "time": "2020年07月20日 14:17",
              "content": "<p>谢谢李老师解答</p>",
              "level": 2,
              "highlight": false,
              "children": []
            }
          ]
        }
      ]
    },
    {
      "id": "8be465aea6c8899792afa59022ba1fb5",
      "author": "包兒",
      "time": "2020年08月28日 23:55",
      "content": "<p>請問錄音中提到的冬天去地表下100公尺處(攀岩?或洞穴探險?)，<br/>\n同一個水池，冬天時的水溫較高，而在夏天時較低，對嗎？<br/>\n因為冬天收藏，所以將熱藏在地下<br/>\n謝謝</p>",
      "level": 0,
      "highlight": false,
      "children": [
        {
          "id": "702f04a3c8e0d18f922e0fddf588d795",
          "author": "李宗恩",
          "time": "2020年08月30日 12:29",
          "content": "<p>洞穴探索（caving）。並不是每個地下湖水都有溫度變化，但有不少地下湖水冬天水溫比夏天高一些些。</p>",
          "level": 1,
          "highlight": true,
          "children": []
        }
      ]
    },
    {
      "id": "9df6c93547f6eaf091e4067bc9cdd0f4",
      "author": "包兒",
      "time": "2020年08月30日 17:59",
      "content": "<p>謝謝李醫師的回覆:)</p>",
      "level": 0,
      "highlight": false,
      "children": []
    }
  ],
  "page": 19,
  "order": 9,
  "filename": "data\\page19\\page19_order8_7d711e8a19f6793fea9313e6a098c882.json"
}