{
  "article_url": "https://andylee.pro/wp/?p=3231",
  "title": "人生的目標",
  "content": "<p>最近有位舊病人來看診，他的情況有些複雜。許多年前，他好好的，是位典型的矽谷工程師，生活穩定，前途很好。就在一切順利的時候，他身體出了大問題，西醫檢查確診為慢性白血病，經過一些強力的西藥治療，病情控制住，暫時轉為沈潛性。兩三年前這位病人第一次來找我看診，是因為他的身體又開始無緣無故低燒、全身無力、體內發冷、體外燥熱等等，他知道是他的白血病在蠢蠢欲動。經過幾次中醫治療，他的情況再度穩定下來，暫時不用擔心他的白血病。後來這位病人又來看診，是因為他突然眼睛有雙重影像，西醫檢查了腦、眼睛、視神經、重症肌無力等等，都沒有找到原因，經過幾次中醫治療，他眼睛雙重影像的問題消失了。最近這次來看診，是因為心臟突然走走停停，十分緊張，而這次對中藥的反應很快，一周左右，心臟問題就穩定下來了。</p>\n<p>我想不用我多說，大家都會覺得這位病人身體確實有不少問題，寫起醫案討論，可以洋洋灑灑寫很多東西，然而，那些以後再寫。這位病人的病情，固然引起我深度的關切，但是，另一件事讓我和他打開了話題。這位病人每次來看診，身上的衣服總有一件是Arc’teryx品牌的，從外套、上衣、到背心等等。Arc’teryx是我最喜歡的品牌之一，在一般門市店比較少看到，只有滑雪、登山的玩家才會選購的。這位病人有那麼多件Arc’teryx，想必是「玩家級」的人物。果然，交談多次，知道他們夫妻兩常常出遠門，足跡遍佈世界各地，在偏遠的山上拓荒式的徒步旅行，常常開著自己的RV到處走走。同時，這位病人也是泛舟嚮導，也帶領童子軍活動，還因為為了教導童子軍，拿了NRA射擊教練的資格。最近和他聊起了重型機車，他說他正在想如何把他的越野重機運到非洲，在非洲草原上追尋野生動物的蹤影！我想華人中像他一樣會玩的，大概不多見了。</p>\n<p>有一次我直截了當地問這位病人，如果他沒有得白血病，還會不會經歷這麼多有意義的旅程或活動？他說不會，他說就是因為得了白血病，不知道人生什麼時候會有變化，於是積極做想做的事、去想去的地方。幾年下來，人生累積了更多美好的回憶。如果沒有得白血病，現在可能像大多數的矽谷人一樣，忙於一個個的科技專案。這讓我想到，這幾年來，無論是矽谷還是海峽兩岸，有好幾位功成名就的人，突然得了末期癌症，在臨終時才發現這輩子都花在追求事業與財富上，除了錢以外，人生沒有什麼色彩。他們後悔沒有陪孩子成長，後悔沒有多看看這個世界，後悔連幾本自己想讀的書都沒有讀完。相比之下，我這位病人的人生顯得更加「富裕」。</p>\n<p>這二十多年來，或許是人生的變化、或許是老天的安排，我深入接觸過許多不同領域的人事物，從基礎科學、高科技、商業管理、公司購併、創業投資、到臨床醫學等等，深度不是最深的，但是，廣度確實比絕大多數的人廣許多。這讓我不斷地從各種不同的角度來問自己，人生的目標是什麼？也讓我嘗試從各種不同人的觀點來探討，人生到底在追尋什麼？</p>\n<p>這讓我又想到Steve Jobs的一段話。賈伯斯2005年到史丹佛大學畢業典禮致詞時，他提到「connecting the dots」。他的意思是，人生有很多時候，不會知道當下做的事，當下那個點（dot），在未來有何意義。但是，人生後來就會知道，之前的每一個點，是如何連結而成後來的人生。如果我們把賈伯斯2005年的這段話，和其他功成名就人士的臨終感言做比較，或者和賈伯斯自己後來對人生家庭的一些後悔做比較，我們不難發現，其實，賈伯斯2005年說的「connecting the dots」不完全正確，<em>人生不是那些「點」把我們連結到那裡，人生就是那些「點」</em>！</p>\n<p>不論我們自願或不自願，我們的人生都在蒐集每個當下的「點」，而人生的目標就是盡我們之力，蒐集讓我們感動、觸動我們內心的「點」。我們每個人有不一樣的人生，有的有結婚、有的沒有結婚、有的有小孩、有的沒有小孩、有的喜歡文靜、有的喜歡動態 ….，讓我們感動的「點」，自然有所不同。或許是在山頂看日出、或許是在海邊看夕陽、或許是牽著心愛人的手、或許是隨著小孩奔跑、或許是公司上市在股票交易所敲下的那一槌、或許是看到苦難人時掉下的眼淚、或許是教導行為偏差小孩走回正路的微笑、或許是高空彈跳懸空跳出時的刺激、或許是在書店角落看書的專注….。每一個讓我們感動、值得我們一再回憶的「點」，為我們的生命注入了意義，就像一顆顆珍珠，讓我們串成一串美麗的珍珠項鍊。</p>\n<p>金錢，是重要的。想到北極看極光，想到南極看企鵝，沒有錢會麻煩許多。但是，金錢是一個工具，不是人生蒐集的終極目標，也不是蒐集感動的唯一工具，一味專注在金錢，反而成為最大的阻力。蒐集感動最重要的工具是「活在當下」，這也是千古智者給我們的忠告，唯有活著當下，我們才能看到眼前一顆顆閃亮的珍珠，否則，就像「買櫝還珠」的成語故事，只把眼光注視在精美的盒子，卻把珍珠給退了回去。</p>\n<p>當然，沒有了健康的身體，其它都是枉然，更別談什麼感動了。</p>\n<p> </p>",
  "article_time": "2015年11月24日 14:26",
  "comments": [
    {
      "id": "41c8a3a7526a43fa3de8758e2b032173",
      "author": "逍遙中醫",
      "time": "2015年11月24日 15:32",
      "content": "<p>無奈,人們都在沒有了健康時,<br/>\n才醒悟健康之重要…</p>",
      "level": 0,
      "highlight": false,
      "children": [
        {
          "id": "208ec5dd3d0f2af179c163ffa23458f7",
          "author": "andy",
          "time": "2015年12月09日 11:59",
          "content": "<p>是的 …..</p>",
          "level": 1,
          "highlight": true,
          "children": []
        }
      ]
    },
    {
      "id": "3de3f4aa3da09e9c620a224e67091cc0",
      "author": "魯豆腐",
      "time": "2015年11月26日 05:56",
      "content": "<p>那位科技人還算是有危機意識的了，有更多的糊塗蛋根本也不會找中醫高人診治，就一昧的相信西醫治療，直到生命終點也只能含恨醫學之粗糙不堪，沒辦法，西醫獨覇武林就好像它才是普世價值之所在！</p>",
      "level": 0,
      "highlight": false,
      "children": [
        {
          "id": "92228a38fdef93abb839404a00f4ba5f",
          "author": "andy",
          "time": "2015年12月09日 12:08",
          "content": "<p>為什麼中醫會走到這樣的情況？大家對自己的經典智慧信心不足，加上很多人行中醫之名卻無中醫之實，而一般人從小到大被市場廣告牽著走，諸多因素加在一起，讓大多數人不相信中醫，「user behavior」一旦成立，想改變它，不是一兩天可以達到的。</p>",
          "level": 1,
          "highlight": true,
          "children": [
            {
              "id": "cac1b4158a7531aeaa949242052fc232",
              "author": "黄种人",
              "time": "2024年02月03日 23:40",
              "content": "<p>除了病患不相信中医的缘故外, 我想中医药自身也有一定的问题。如：<br/>\n1.医者的随波逐流，争名求利；<br/>\n2.中药的滥竽充数，参差不齐；<br/>\n3.大学教育上四大经典不教了，改成选修课，都是些生理生化，人才传承上的断代； 4.健康标准没普及，又或者很难让大众接受。西医报告是数值化，有无问题一目了然，先不管是不是对的。而中医的阴阳、五行等等听起来就很玄。<br/>\n5.更注重临床，中医治人，西医治病。通俗点讲就是中医治有病的人，西医治人的病。<br/>\n所以多方面因素导致中医目前的境遇，发扬中医前路难且长，吾辈当自强。</p>",
              "level": 2,
              "highlight": false,
              "children": [
                {
                  "id": "ac54d58a36f48bd555f564256cc51558",
                  "author": "李宗恩",
                  "time": "2024年02月05日 09:16",
                  "content": "<p>是的，中醫最大的問題，是中醫本身及假藉中醫之名的人造成的。</p>",
                  "level": 3,
                  "highlight": true,
                  "children": []
                }
              ]
            }
          ]
        }
      ]
    },
    {
      "id": "7220c670182ee4b289b2095ca8a4918e",
      "author": "山林雾霭",
      "time": "2015年12月01日 21:09",
      "content": "<p>写得真好，谢谢老师分享！别让忙碌的生活蒙蔽了双眼，偶尔的自省让人重新找到初心，幸福和满足其实一点也不难，一点也不远。</p>",
      "level": 0,
      "highlight": false,
      "children": [
        {
          "id": "2fcd4ff772552ddb25555a997319a863",
          "author": "andy",
          "time": "2015年12月09日 11:58",
          "content": "<p>謝謝鼓勵！</p>",
          "level": 1,
          "highlight": true,
          "children": []
        }
      ]
    },
    {
      "id": "f543d18d34b3d26c05600ee65498039f",
      "author": "梦桥(dream bridge)",
      "time": "2015年12月08日 15:41",
      "content": "<p>Although I have been working in semiconductor area as an engineer for ~20 year, I have strong desire and interest in Traditional Chinese Medicine. I know my husband and two sons do not believe it all. It is hard to change people’s mind because something is by born which we need to accept and face. My mom got his right kidney removed 30 years ago as a result of mis-treatment of Chinese traditional medicine which I believe. She was just too tired of bringing her 5 kids up while she was given too much 利尿 herbs. I know I am not professional doctor, but I continue learning TCM by reading books, listening to videos. I admire how wonder our ancestors developed TCM methodology and the way they look at human body and how illness is developed step by step. Main reason that drives me to devote my leisure time to TCM is simply linked to my little wish, once in a while giving my Mom advice what herb might be good for her, how to take care of herself, cooking porridge with multi-grain and beans for kids every Morning, stewing tasty soup with Chinese herb for my family. Life is this simple if you can enjoy what you are doing. I got chance listened [国学堂]梁东对话倪海厦(1-7集) last month. I feel Doctor Ni is a really uncommon person which I fully follow and understand his mindset. It is really a great precious thing that you can be student of Doctor Ni.</p>",
      "level": 0,
      "highlight": false,
      "children": [
        {
          "id": "366305abd349023c4103025f6df86207",
          "author": "andy",
          "time": "2015年12月09日 11:57",
          "content": "<p>Thank you for your message and encouragement. Yes, it’s my honor and fortune to learn from Dr. Ni. Sorry to hear about your mom’s sad story. Her health condition might have resulted from incorrect applications of Chinese Medicine or bad quality of herbs. Keep up your good work in learning Chinese Medicine.</p>",
          "level": 1,
          "highlight": true,
          "children": []
        }
      ]
    },
    {
      "id": "f590cb2fbd15c4731ce4b26c6ffeb12a",
      "author": "梦桥(dream bridge)",
      "time": "2015年12月10日 08:59",
      "content": "<p>Living in bay area for 15 years, one of the dream surrounded me all the time is if there is any possibility of creating a web based platform which gives people a place for entering all kinds of 症 in order to get advice of herbs for taken. This system needs a lot of knowledge base, continuous improvement for different level of users, and it needs to be accessible easily and work effectively. I once drafted a business proposal for this but never got it even started. I believe this is the first step to get more people’s buy in especially when they are still at the initial stage of uncomfortableness. I feel I would never be getting license and become professional in TCM area, but would really like to be part of 中医的传播者.</p>",
      "level": 0,
      "highlight": false,
      "children": [
        {
          "id": "b56aab4d356dd7e200dc4cc181815e68",
          "author": "andy",
          "time": "2015年12月11日 16:00",
          "content": "<p>We did try to put together a list of many many symptoms and create an expert system. Technology-wise, it’s totally do-able. The challenge was to establish a solid business model to sustain the efforts. In the long term, it could be very beneficial to the mankind and also very rewarding to the investors. However, the time frame is beyond most investors, institutional and individual as well. It is more the work of long-term projects sponsored by governments or major non-profit organizations. Well, having said that, I am still making efforts to progress in this direction. If you have any good idea, I’d be glad to discuss with you.</p>",
          "level": 1,
          "highlight": true,
          "children": [
            {
              "id": "820266ca2dc90fa286901ee25bde392a",
              "author": "梦桥(dream bridge)",
              "time": "2015年12月14日 10:56",
              "content": "<p>I am happy to hear that such effort has been put by people like you. One of the reason why TCM could not be well spread and accepted by people is it is a science of experience based practice, not easily mastered, although full with ultimate wisdom. I totally agree with your opinion. How about tzu chi? They have been devoted helping people in various area. It can be started with 伤寒论. By the time more and more people joined, it can always be fine tuned and expanded. If you think this is something you want to pursuit, you can send me email or we can talk more in person.</p>",
              "level": 2,
              "highlight": false,
              "children": [
                {
                  "id": "8f2c3ae70933f2ebeff7f561cd93372a",
                  "author": "andy",
                  "time": "2015年12月17日 10:23",
                  "content": "<p>It’s something that many of us want to devote to. Many discussions before too. However, most people are busy and it’s hard to run a big project without a serious organization keeping people and things on track. I do have some plans and schedules in mind. When time comes, your help and devotion will certainly be highly appreciated.</p>",
                  "level": 3,
                  "highlight": true,
                  "children": [
                    {
                      "id": "d37299ea066a93d2f5d7058d33bd0d8f",
                      "author": "梦桥(dream bridge)",
                      "time": "2015年12月19日 21:55",
                      "content": "<p>Great! Let me know when the time comes. I would be certainly glad to be part of it or involved in coordination work!</p>",
                      "level": 4,
                      "highlight": false,
                      "children": []
                    }
                  ]
                }
              ]
            }
          ]
        }
      ]
    },
    {
      "id": "c165f5316d9b265ad460e234d437e1c4",
      "author": "jerry",
      "time": "2015年12月18日 19:36",
      "content": "<p>李醫師您好，我在北京，想向您咨詢下北京當地有沒有倪老師的弟子，希望您能推薦下，感激不盡！</p>",
      "level": 0,
      "highlight": false,
      "children": []
    },
    {
      "id": "072337619dae5412dcc0e17f9d2802a9",
      "author": "jin",
      "time": "2024年01月31日 12:45",
      "content": "<p>最近一直在看李医师的书，字里行间无不透露着医者仁心，那段缘起很有代入感。昨天给父亲远程看诊了，由于父亲不会普通话，我得在一旁当“翻译”，第一次远程，我准备了很多，但是现场还是感觉被李医师问的一问三不知了，希望在李医师的带领下能打赢这场仗。李医师本人看起来好年轻，新的一年祝愿李医生顺遂安康！也很期待李医师什么时候可以有新书！！</p>",
      "level": 0,
      "highlight": false,
      "children": [
        {
          "id": "f6d0138c49379a0b542db86305af295e",
          "author": "李宗恩",
          "time": "2024年01月31日 11:16",
          "content": "<p>謝謝你的分享。</p>",
          "level": 1,
          "highlight": true,
          "children": []
        },
        {
          "id": "0d6295418aec6902403ae58f40263da8",
          "author": "王里仁",
          "time": "2024年02月01日 04:03",
          "content": "<p>您好，你们是啥时候挂的号？</p>",
          "level": 1,
          "highlight": false,
          "children": []
        }
      ]
    }
  ],
  "page": 49,
  "order": 6,
  "filename": "data\\page49\\page49_order5_ac54d58a36f48bd555f564256cc51558.json"
}