{
  "article_url": "https://andylee.pro/wp/?p=13673",
  "title": "幾個病例",
  "content": "<p>這是位往返中美的中年華人女性，被西醫檢查出HPV病毒感染，認為情況比較嚴重，可能導致癌變。病人在半推半就下，被西醫用激光燒去一層子宮內壁，結果，HPV病毒依然存在，癌變前期指標達到三級，西醫建議直接切除子宮。病人不願意動子宮切除手術，轉向中醫治療。病人斷斷續續服用中藥幾個月，上個月再次西醫檢查，HPV病毒檢測轉陰，癌變前期指標降為一級，連西醫都覺得沒有必要考慮子宮切除，這讓病人非常高興，也認為中醫很神奇。</p>\n<p>一位十歲大的華裔男孩，幾年前開始出現精神異常，平時非常乖巧懂事，但幾乎每天都會發作，一旦發作起來，就說媽媽是惡魔，爸爸也是壞人，不但對他們大吼大叫，還會暴力地打他們，而一發作就是三四個小時。在學校有時也會出問題，會突然攻擊同學，在外面看到年幼的小孩，有時會對他們吐口水。這樣的情況，搞得爸媽很心疼，也很痛苦，小孩子也無法上學，只能留在家裡自己教導。尋求西醫幫助時，也只能服用鎮靜劑等神經藥物來壓制，如此治標不治本的方式，讓爸媽決定轉向中醫治療。服用中藥半年左右，基本上已經不發作了，兩三周內大約有一次有些想發作的情況，但病人可以意識到，自己就可以把念頭壓下來。</p>\n<p>不到四十歲的華人女士，在媽媽陪同下，從美國東岸飛過來看診。依照西醫診斷，她的脊椎問題挺多的，尾椎還有一個囊腫，讓她每天背痛、腰痛不已，晚上也無法好好睡覺，精神上受到很多的折磨。初診下針一次，給了三付藥讓她在旅館裡煮來服用。過了幾天，病人來複診，表示下針當天痛就降到兩三成，服用中藥後也維持的很好，這幾天都可以睡整夜，不會被痛醒。病人非常高興，說已經很久沒有好好睡覺了，特意從美國東岸飛過來是非常值得的。</p>\n<p>一位在舊金山灣區擔任高科技管理層的舊病人，好一陣子沒來看診，最近回來看診。華人，女，近四十多歲，她工作的科技大廠這兩年來大裁員，留下來的人，彼此競爭嚴重，各個小組為了爭取資源及專案，也明爭暗鬥，搞得她筋疲力盡，工作時易暴怒，整天又心情憂鬱，晚上睡得很差。服用中藥一週後，病人表示心情好很多，上班時遇到麻煩討厭的事情，也可以平常心面對，晚上睡得很好。</p>\n<p>最近實在太忙了，除了診所看診排得很緊，每天也得回答病人問的很多問題外，加上許多邀約的教學演講，以及和多方討論中醫相關的未來發展。然而，突然意識到自己網頁很久沒有新的文章了，今天趁看診空檔中，從上週的病例中抽了幾個出來，簡短描述一下，這次就不多做解釋，讓讀者們思考一下，這幾個病例，中醫治療上的思路大概會是如何，以後有機會，我們再連同其它病例，一起深入討論。</p>\n<p></p>",
  "article_time": "2025年04月01日 17:02",
  "comments": [
    {
      "id": "b400dd177781c14a428a83fa3fcae937",
      "author": "Alan",
      "time": "2025年04月01日 19:27",
      "content": "<p>医师你好，请问病人在马来西亚，要通过什么方式找你看病呢，不好意思，麻烦您了</p>",
      "level": 0,
      "highlight": false,
      "children": [
        {
          "id": "9f6f280694cddd6e17b8dc6467cfffad",
          "author": "李宗恩",
          "time": "2025年04月10日 15:32",
          "content": "<p>請聯絡診所info@youngQi.com。網頁上不是已經寫了診所聯絡方式嗎？</p>",
          "level": 1,
          "highlight": true,
          "children": []
        }
      ]
    },
    {
      "id": "16dc53f0055b65a463c2023ef32e8689",
      "author": "韩广荣",
      "time": "2025年04月01日 20:45",
      "content": "<p>看着这几个案例，大方向多和和肝家有关系。</p>",
      "level": 0,
      "highlight": false,
      "children": []
    },
    {
      "id": "0e7f6370889d11515ccc37ddee18a4fc",
      "author": "bonnie",
      "time": "2025年04月02日 04:56",
      "content": "<p>老師，我看到很多傳統文化論壇和課程中，大病甚至是癌症，通過學習傳統文化，不借助醫學治療都可以在半年一年內徹底好轉，徹底沒有癌症了。 我在想這中間的關聯性在哪裡？ 兩者結果相似，中藥進去改變了身體的環境，是不是單純通過思想也可以做到呢？</p>",
      "level": 0,
      "highlight": false,
      "children": [
        {
          "id": "ebc3fc01936d96d304d3941af718ef3d",
          "author": "归雁",
          "time": "2025年04月08日 03:08",
          "content": "<p>不要幻想了，孩子</p>",
          "level": 1,
          "highlight": false,
          "children": []
        },
        {
          "id": "3622b799d0addd69b70cdb34b76f6f75",
          "author": "李宗恩",
          "time": "2025年04月10日 15:35",
          "content": "<p>這樣的說法，已經超過合理的臨床醫學。</p>",
          "level": 1,
          "highlight": true,
          "children": []
        },
        {
          "id": "65ac61519b5daa356231fee802dfc701",
          "author": "夏生",
          "time": "2025年04月13日 05:31",
          "content": "<p>老师  您好  千辛万苦总算是找到了联络地址  自从生病以后一直看倪师视频自学中医想找到原因解决问题  一直五六年了不知道吃了多少中药尝尽多少苦一直未能如愿   最开始有不好习惯最后在游泳馆工作外感寒邪  睡眠 饮食一直正常  有汗头不疼不吐口不苦没有痰 有段时间手脚冷口干喝过很多水  （怀疑就是那段时间造成了寒饮） 最开始小便每天下午和晚上尿频  吃过桂枝汤麻黄之类的尿频瞬间就好了   但是后背右上侧疼 右胸口喜欢拍打右侧肩膀喜欢向上提起来拉升才舒服  吸气偶尔需要深吸   右侧肝区虽然拍打有点疼但是喜欢拍打  大便稍微偏稀还算可以喝冷水吹冷风就拉肚子  脚不冷手冬天比正常人冷   自己找原因喝了很多很多麻黄附子细辛汤最开始像冰融化了排出来一样好了三分之一  继续喝没效果了  指甲有点暗紫色  性功能不太好  无晨勃 时间短  准备好所有联系方式  等待老师回复  折磨六七年了   实在受不了</p>",
          "level": 1,
          "highlight": false,
          "children": [
            {
              "id": "0f044cc33f5b61ca8c915ccce2cbae1e",
              "author": "李宗恩",
              "time": "2025年04月15日 15:30",
              "content": "<p>我不在網上針對個案一一討論。</p>",
              "level": 2,
              "highlight": true,
              "children": [
                {
                  "id": "e046c37cd3f6fc8730ba3d9d7cfa272a",
                  "author": "夏生",
                  "time": "2025年04月16日 08:52",
                  "content": "<p>电话打不通  已经邮件回复预约了  麻烦看看</p>",
                  "level": 3,
                  "highlight": false,
                  "children": [
                    {
                      "id": "ae11a075250d19db3bfab56b20a1edf9",
                      "author": "李宗恩",
                      "time": "2025年04月16日 11:20",
                      "content": "<p>看診事宜，請和診所前台聯絡，不要在這裡留言。</p>",
                      "level": 4,
                      "highlight": true,
                      "children": []
                    }
                  ]
                }
              ]
            },
            {
              "id": "0d224f12990df9848fea05e4622cf3e1",
              "author": "古中医学者",
              "time": "2025年04月23日 18:54",
              "content": "<p>五六年？学了个啥！</p>",
              "level": 2,
              "highlight": false,
              "children": []
            }
          ]
        }
      ]
    },
    {
      "id": "c45e2cec6b4eea444bb22191efb5008e",
      "author": "细辛",
      "time": "2025年04月02日 06:42",
      "content": "<p>盲目瞎猜的1要去中下焦寒湿、强心（因为喝了很久中药，寒湿不容易去）2补肝血健脾胃3也要补肝血，因为睡眠差也会导致肝血虚、润筋让两边的拉力一样，针会用绝骨透三阴交、阳陵泉透阴陵泉，后溪、委中附近三针之类的。4睡眠差压力大也与肝相关，也要补肝血。234可能都有用到甘麦大枣汤加酸枣仁汤加减。李老师我猜的对吗</p>",
      "level": 0,
      "highlight": false,
      "children": []
    },
    {
      "id": "0691461ed9200690e3ce4ca9a3723286",
      "author": "出师未捷身先死",
      "time": "2025年04月02日 16:30",
      "content": "<p>Vaxxed 3 | Authorized To Kill<br/>\nChildren’s Health Defense embarked on a nine-month journey across America, gathering powerful testimonies from the people. Our interviews ranged from mothers and fathers to teenagers, families, medical professionals, whistleblowers, lawyers, and people from all walks of life.<br/>\n<a href=\"https://live.childrenshealthdefense.org/chd-tv/videos/vaxxed-3-or-authorized-to-kill-movie/?_ga=2.101957122.285960179.1743635563-938117512.1743635562\" rel=\"nofollow ugc\">https://live.childrenshealthdefense.org/chd-tv/videos/vaxxed-3-or-authorized-to-kill-movie/?_ga=2.101957122.285960179.1743635563-938117512.1743635562</a></p>",
      "level": 0,
      "highlight": false,
      "children": []
    },
    {
      "id": "dc75a7a14f6a80610421b1e78e35f8f5",
      "author": "出师未捷身先死",
      "time": "2025年04月02日 16:33",
      "content": "<p>Vaxxed: From Cover-Up to Catastrophe<br/>\n‘An investigation into how the CDC, the government agency charged with protecting the health of American citizens, destroyed data on a 2004 study that showed a link between the MMR vaccine and autism. This alarming deception has contributed to the skyrocketing increase of autism, potentially the most catastrophic epidemic of our lifetime.’<br/>\n<a href=\"https://live.childrenshealthdefense.org/chd-tv/videos/vaxxed-from-cover-up-to-catastrophe-movie/?_ga=2.131641740.285960179.1743635563-938117512.1743635562\" rel=\"nofollow ugc\">https://live.childrenshealthdefense.org/chd-tv/videos/vaxxed-from-cover-up-to-catastrophe-movie/?_ga=2.131641740.285960179.1743635563-938117512.1743635562</a></p>",
      "level": 0,
      "highlight": false,
      "children": []
    },
    {
      "id": "ac4ad4a118715f219358c8b3a4b1ce80",
      "author": "出师未捷身先死",
      "time": "2025年04月02日 16:36",
      "content": "<p>Vaxxed II:<br/>\nIn 2016, a media firestorm erupted when Tribeca Film Festival abruptly censored its documentary selection, VAXXED: From Coverup to Catastrophe, amid pressure from pro-pharmaceutical interests.<br/>\n<a href=\"https://live.childrenshealthdefense.org/chd-tv/videos/vaxxed-2/?_ga=2.206183824.285960179.1743635563-938117512.1743635562\" rel=\"nofollow ugc\">https://live.childrenshealthdefense.org/chd-tv/videos/vaxxed-2/?_ga=2.206183824.285960179.1743635563-938117512.1743635562</a></p>",
      "level": 0,
      "highlight": false,
      "children": []
    },
    {
      "id": "6b1f2608317c8f1fc1995084325a2ce1",
      "author": "大田",
      "time": "2025年04月02日 20:53",
      "content": "<p>1、宫寒有湿有瘀导致的病毒感染，原因可能是心阳不足不能下移小肠、肝血不足不能阳心、脾虚导致中下焦寒湿聚集等，中年女性各方面压力较大，肝的问题也要多考虑。<br/>\n2、小男孩 痰饮进入血脉神经，主要是去痰饮，从脾胃和肝下手<br/>\n3、脊椎是诸阳汇的地方，考虑阳不足也就是心阳不足，寒湿入骨，肾阳也被连累，长时间的疼痛和压力又伤到心包肝脏。下针我就知道腰背委中、阴骨。。<br/>\n4、40左右女性 考虑更年期，脏燥 加上压力大更是虚火上扰，补肝疏肝，阴补足阳就不上扰了</p>",
      "level": 0,
      "highlight": false,
      "children": []
    },
    {
      "id": "d8540f671db04f7f8b54ef7e35f890cb",
      "author": "臭宝",
      "time": "2025年04月02日 21:06",
      "content": "<p>1:可能是心阳受阻或是下焦寒的问题<br/>\n2:可能是脾胃导致的肝的问题<br/>\n3:可能是有旧伤加下焦寒的问题，督脉起于下焦<br/>\n4:可能是压力暴怒导致的肝胆问题<br/>\n感谢李教授百忙之中还记得分享！</p>",
      "level": 0,
      "highlight": false,
      "children": []
    },
    {
      "id": "1a8dff8aba7e3cd8b4500ec537525324",
      "author": "刘艺宁",
      "time": "2025年04月03日 02:08",
      "content": "<p>还没有完整学完倪师的《人纪》，但在看案例2时，第一反应是小朋友是不是有燥屎，需要攻一下大肠。同时调理大肠，恢复津液，使肠道能正常蠕动。案例3，粗略判断是肝、肺出问题，还需要更多症状来辩证。</p>",
      "level": 0,
      "highlight": false,
      "children": []
    },
    {
      "id": "19c3e85b3df7ed59206a180523d13f5d",
      "author": "刘艺宁",
      "time": "2025年04月03日 02:13",
      "content": "<p>上一则留言，案例序号对应错了。<br/>\n还没有完整学完倪师的《人纪》，但在看案例2时，第一反应是小朋友是不是有燥屎，需要攻一下大肠。同时调理大肠，恢复津液，使肠道能正常蠕动。案例4，粗略判断是肝、肺出问题，还需要更多症状来辩证。</p>",
      "level": 0,
      "highlight": false,
      "children": []
    },
    {
      "id": "7dba191640e10ed294837c43460a9e2d",
      "author": "骏",
      "time": "2025年04月05日 17:21",
      "content": "<p>一、HPV病毒感染案<br/>\n1. 病机：任带失约、湿毒瘀结。激光治疗属”伐标不治本”，反伤冲任气血<br/>\n2. 治则：先清肝经湿热（龙胆泻肝汤），后补脾肾固冲任（完带汤合寿胎丸）<br/>\n3. 佐以解毒散结（白花蛇舌草、半枝莲）与活血化瘀（莪术、丹参）<br/>\n4. 特别注意情志疏导（患者被西医反复施治的心理压力）</p>\n<p>二、儿童精神异常案<br/>\n1. 病机：少阳枢机不利，痰蒙清窍。脉当见弦滑，舌苔厚腻<br/>\n2. 治则：柴胡加龙骨牡蛎汤化裁，重在疏利肝胆、涤痰开窍<br/>\n3. 配合引火归元法（肉桂引阳入阴），佐以金石重镇（磁石、朱砂）<br/>\n4. 饮食禁忌：禁牛奶等生痰之品，强调亥时入睡养胆经</p>\n<p>三、脊椎病痛案<br/>\n1. 病机：督脉瘀阻，膀胱经气不利。”阳脉之海”不通则周身阳气失司<br/>\n2. 治则：针取后溪配申脉（八脉交会），中药以葛根汤解肌，合活络效灵丹<br/>\n3. 囊肿属”痰瘀互结”，加白芥子、皂角刺化痰散结<br/>\n4. 嘱练习”易筋经”导引术，强化督脉阳气</p>\n<p>四、职场压力症案<br/>\n1. 病机：肝郁化火，心肾不交。脉当左关弦数，右寸不足<br/>\n2. 治则：丹栀逍遥散清肝解郁，配合交泰丸（黄连、肉桂）交通心肾<br/>\n3. 加生龙骨、夜交藤安神，配合膻中穴埋线调节气机<br/>\n4. 强调”子午觉”养生，建议练习”六字诀”疏泄肝气</p>",
      "level": 0,
      "highlight": false,
      "children": []
    },
    {
      "id": "075b122a92e8ec180d1599014a8b9bee",
      "author": "飞飞飞",
      "time": "2025年04月06日 09:22",
      "content": "<p>第一个：<br/>\n不清楚HPV的症状如何，无法判定。<br/>\n第二个：<br/>\n肝为本（肝有问题会受惊）脾为辅（肝克脾），加些祛痰药。<br/>\n第三个：<br/>\n心为本（小肠失衡导致蕴养骨髓的津液少？）子母选穴，俞募，绝骨透三阴交。<br/>\n第四个：<br/>\n疏肝（整体忧郁），也要补肝（让木生火，睡眠差是心神损耗导致？）</p>",
      "level": 0,
      "highlight": false,
      "children": []
    },
    {
      "id": "b5eac294d3040c9064854eb1a36a9420",
      "author": "中医至上",
      "time": "2025年04月18日 02:05",
      "content": "<p>李医生您好，请问薏苡附子散是的比例是薏苡仁和附子1比1吗？比如10克薏苡仁和10克附子一起打粉。</p>",
      "level": 0,
      "highlight": false,
      "children": [
        {
          "id": "c29bdbf39effc7850a119b2446ee92fc",
          "author": "李宗恩",
          "time": "2025年04月21日 14:02",
          "content": "<p>一般情況下，薏苡仁的比例會高一些，這樣的問題，很容易在網上查詢到，自己應該多做功課。</p>",
          "level": 1,
          "highlight": true,
          "children": []
        }
      ]
    }
  ],
  "timestamp": 1746504148.308498,
  "page": 2,
  "order": 6,
  "filename": "data\\page2\\page2_order5_b05310ab585d7c6a5493ea4541664426.json"
}