{
  "article_url": "https://andylee.pro/wp/?p=13543",
  "title": "清華大學學生團來訪",
  "content": "<p>今天是農曆大年初一，一群清華大學醫學院及藥學院年輕的學生來診所參觀訪問。這群西醫藥學生是經過清華大學「衷中參西」計畫，來美國舊金山及洛杉磯地區參觀訪問，了解中醫藥在海外的發展情況，參訪對象包括UCLA Center for East-West Medicine、Cedars-Sinai Medical Center、幾家中醫藥大學等等。</p>\n<p>參訪對象中，只有我們是個人中醫師診所，負責安排行程的學生告訴我，是中國駐舊金山總領事館推薦的。感謝中領館的肯定及推薦，畢竟在加州執業的華人中醫師很多，能夠被列為中領館的推薦首選，確實是我的榮幸。</p>\n<figure class=\"wp-block-image size-large\"><a href=\"https://andylee.pro/wp/wp-content/uploads/2025/01/IMG_20250129_151257-EDIT.jpg\"><img alt=\"\" class=\"wp-image-13542\" decoding=\"async\" fetchpriority=\"high\" height=\"627\" sizes=\"(max-width: 1024px) 100vw, 1024px\" src=\"https://andylee.pro/wp/wp-content/uploads/2025/01/IMG_20250129_151257-EDIT-1024x627.jpg\" srcset=\"https://andylee.pro/wp/wp-content/uploads/2025/01/IMG_20250129_151257-EDIT-1024x627.jpg 1024w, https://andylee.pro/wp/wp-content/uploads/2025/01/IMG_20250129_151257-EDIT-300x184.jpg 300w, https://andylee.pro/wp/wp-content/uploads/2025/01/IMG_20250129_151257-EDIT-768x471.jpg 768w, https://andylee.pro/wp/wp-content/uploads/2025/01/IMG_20250129_151257-EDIT-1536x941.jpg 1536w, https://andylee.pro/wp/wp-content/uploads/2025/01/IMG_20250129_151257-EDIT.jpg 1931w\" width=\"1024\"/></a></figure>\n<figure class=\"wp-block-image size-full\"><a href=\"https://andylee.pro/wp/wp-content/uploads/2025/01/IMG_8413-1-EDIT.jpg\"><img alt=\"\" class=\"wp-image-13541\" decoding=\"async\" height=\"863\" sizes=\"(max-width: 759px) 100vw, 759px\" src=\"https://andylee.pro/wp/wp-content/uploads/2025/01/IMG_8413-1-EDIT.jpg\" srcset=\"https://andylee.pro/wp/wp-content/uploads/2025/01/IMG_8413-1-EDIT.jpg 759w, https://andylee.pro/wp/wp-content/uploads/2025/01/IMG_8413-1-EDIT-264x300.jpg 264w\" width=\"759\"/></a></figure>\n<figure class=\"wp-block-image size-large\"><a href=\"https://andylee.pro/wp/wp-content/uploads/2025/01/PXL_20250129_200719705-scaled.jpg\"><img alt=\"\" class=\"wp-image-13540\" decoding=\"async\" height=\"760\" sizes=\"(max-width: 1024px) 100vw, 1024px\" src=\"https://andylee.pro/wp/wp-content/uploads/2025/01/PXL_20250129_200719705-1024x760.jpg\" srcset=\"https://andylee.pro/wp/wp-content/uploads/2025/01/PXL_20250129_200719705-1024x760.jpg 1024w, https://andylee.pro/wp/wp-content/uploads/2025/01/PXL_20250129_200719705-300x223.jpg 300w, https://andylee.pro/wp/wp-content/uploads/2025/01/PXL_20250129_200719705-768x570.jpg 768w, https://andylee.pro/wp/wp-content/uploads/2025/01/PXL_20250129_200719705-1536x1140.jpg 1536w\" width=\"1024\"/></a></figure>",
  "article_time": "2025年01月29日 16:49",
  "comments": [
    {
      "id": "50bb3337b57e5f7e3f92e35bb509bb83",
      "author": "一壶酒",
      "time": "2025年01月29日 17:22",
      "content": "<p>可以预测，此行之后，这几个孩子中必然有人很快会转向正统中医。</p>",
      "level": 0,
      "highlight": false,
      "children": []
    },
    {
      "id": "039df87578a579843726f8ab99916405",
      "author": "llau",
      "time": "2025年01月29日 18:11",
      "content": "<p>太棒了</p>",
      "level": 0,
      "highlight": false,
      "children": []
    },
    {
      "id": "0ebf2437331689d6bd540d765a3f7c02",
      "author": "王彦强",
      "time": "2025年01月29日 19:37",
      "content": "<p>李医师，希望自由潜水下潜时间长一点，有没有什么训练诀窍，肯请师兄不吝赐教！</p>",
      "level": 0,
      "highlight": false,
      "children": [
        {
          "id": "3d18cb52ae6c3936bafc66fdeab66d55",
          "author": "李宗恩",
          "time": "2025年02月03日 14:34",
          "content": "<p>加強有氧運動來增加肺活量，利用靜坐冥想來提升保持心情平靜的能力，可以幫助在水中時不緊張和興奮，降低耗氧量。</p>",
          "level": 1,
          "highlight": true,
          "children": [
            {
              "id": "1c2d6ad49227f040b1a71f026333ac5e",
              "author": "王彦强",
              "time": "2025年02月06日 15:02",
              "content": "<p>感谢师兄指导</p>",
              "level": 2,
              "highlight": false,
              "children": []
            }
          ]
        }
      ]
    },
    {
      "id": "ea35c3e92b11998a5e437b89134989de",
      "author": "小宇宙",
      "time": "2025年01月30日 06:02",
      "content": "<p>太好了，中国最项级大学的最聪明的一群人，如果能被正统中医的火种点燃，必将会有所作为，李医师可入太庙</p>",
      "level": 0,
      "highlight": false,
      "children": [
        {
          "id": "54c79e0f80f223f22acd90423fa20d75",
          "author": "李宗恩",
          "time": "2025年02月03日 14:40",
          "content": "<p>謝謝你的支持及鼓勵。</p>",
          "level": 1,
          "highlight": true,
          "children": []
        }
      ]
    },
    {
      "id": "e908d46bf9cc904614e212b3b639b83a",
      "author": "太阳是我的女神",
      "time": "2025年01月30日 06:18",
      "content": "<p>恭喜：）祝福</p>",
      "level": 0,
      "highlight": false,
      "children": [
        {
          "id": "089d14dd09176dcc2f91f10078cbc56b",
          "author": "李宗恩",
          "time": "2025年02月03日 14:40",
          "content": "<p>謝謝</p>",
          "level": 1,
          "highlight": true,
          "children": []
        }
      ]
    },
    {
      "id": "33e29283c5418f660b075bb7ace207ac",
      "author": "若桐",
      "time": "2025年01月30日 08:04",
      "content": "<p>李医生，deepseek问世了，或许您有兴趣了解一下deepseek吗</p>",
      "level": 0,
      "highlight": false,
      "children": [
        {
          "id": "19a17337b1020ed7320f06fc57dc62f0",
          "author": "李宗恩",
          "time": "2025年02月03日 14:41",
          "content": "<p>我一直都在關注人工智能。</p>",
          "level": 1,
          "highlight": true,
          "children": []
        }
      ]
    },
    {
      "id": "9fe976f804a0f6a5d05251dbb18ba025",
      "author": "过江之鲫",
      "time": "2025年02月01日 02:17",
      "content": "<p>李医师，新年好。<br/>\n最近deepseek<br/>\n这个ai软件可谓出尽风头有中医师用它做中医辩证开方居然中规中矩，具备中低等水平。虽然与厉害的中医师还是比不了，但有点强。未来会如何发展，真让人想不到啊</p>",
      "level": 0,
      "highlight": false,
      "children": [
        {
          "id": "e95a9d94419eddde225a57d11f922eed",
          "author": "一壶酒",
          "time": "2025年02月01日 23:20",
          "content": "<p><a href=\"https://mp.weixin.qq.com/s/Bb2pQb2YmaJpdUiUVPuugg\" rel=\"nofollow ugc\">https://mp.weixin.qq.com/s/Bb2pQb2YmaJpdUiUVPuugg</a></p>\n<p>李博士对你的问题其实已经做出了回答。</p>",
          "level": 1,
          "highlight": false,
          "children": []
        },
        {
          "id": "bcd59f27d639b7d88dbb2f1d9ed22b66",
          "author": "李宗恩",
          "time": "2025年02月03日 15:41",
          "content": "<p>ChatGPT、DeepSeek等最新的人工智能，雖然邏輯推理能力大增，還是依靠大量的資料來做整理，關於中醫的資料，絕大部分來自網路。因為網路資料過多，無法一一確認其正確與否，這樣的方式有潛在的危險，也常常亂連結不相關的資料，造成所謂的“AI Hallucination”，所以，無論是用在西醫還是中醫，還有很多工作要做。不過，詢問ChatGPT、DeepSeek等得到的答案，可能已經好過中國大陸許多所謂的中醫人工智能，畢竟那些公司幾乎都是使用幾十年前的症狀對應及比重加權搜尋等老舊的方式。</p>",
          "level": 1,
          "highlight": true,
          "children": []
        }
      ]
    },
    {
      "id": "775c68499e6a84200aa4d5e27fbc87ef",
      "author": "himeka",
      "time": "2025年02月01日 21:38",
      "content": "<p>李医师你好！我想要前往美国到你的阳气诊所当学徒有什么硬性要求吗？</p>",
      "level": 0,
      "highlight": false,
      "children": [
        {
          "id": "79ff91941355c87ffababa3854bbdb05",
          "author": "李宗恩",
          "time": "2025年02月03日 16:25",
          "content": "<p>目前診所不收學徒。</p>",
          "level": 1,
          "highlight": true,
          "children": []
        }
      ]
    },
    {
      "id": "bb749d9209cf64826e26b94516c1fe09",
      "author": "一壶酒",
      "time": "2025年02月01日 23:13",
      "content": "<p><a href=\"https://mp.weixin.qq.com/s/Bb2pQb2YmaJpdUiUVPuugg\" rel=\"nofollow ugc\">https://mp.weixin.qq.com/s/Bb2pQb2YmaJpdUiUVPuugg</a></p>\n<p>等了好久，终于写好发布了。</p>\n<p>上面链接是清华衷中参西社会实践微信公众号发表的、大年初一参观访问李博士阳气诊所的行程纪实。</p>\n<p>这个公众号是他们出发前  现申请开通的，专门用来记录行程纪实、介绍成员、项目背景，还有那个标志的含义，感觉设计得还不错。</p>",
      "level": 0,
      "highlight": false,
      "children": [
        {
          "id": "8faff3cd82d4cf087a922080820afd2c",
          "author": "李宗恩",
          "time": "2025年02月03日 16:25",
          "content": "<p>謝謝你轉告。</p>",
          "level": 1,
          "highlight": true,
          "children": []
        }
      ]
    },
    {
      "id": "a26ac525358c1ea647ca2ab2f75f8c16",
      "author": "鄭皓澜",
      "time": "2025年02月03日 23:13",
      "content": "<p>李博士回到大陆，应该有更大的舞台，而且极有可能流芳百世!</p>",
      "level": 0,
      "highlight": false,
      "children": [
        {
          "id": "128b77809156b53b98ad0d227dc521f8",
          "author": "李宗恩",
          "time": "2025年02月10日 14:26",
          "content": "<p>謝謝你的支持及鼓勵。</p>",
          "level": 1,
          "highlight": true,
          "children": []
        }
      ]
    },
    {
      "id": "757e0a3035208eec770854c2e61f6ace",
      "author": "古中医学者",
      "time": "2025年02月04日 19:18",
      "content": "<p>衷中参西，呵呵，没想到规格高的学府，真的会这样！洛克菲勒计划影响深远，“参”参什么？鸡同鸭讲，Commonsense，快去吃点龙蛋草压压精吧，都秀逗了，发展，我看在等1000年吧！</p>",
      "level": 0,
      "highlight": false,
      "children": []
    },
    {
      "id": "fa492e5f8409a3dd50442c927bb76b3f",
      "author": "哈啰",
      "time": "2025年02月12日 19:48",
      "content": "<p>分享一则小故事：<br/>\n峻剂攻下挽救心肾衰竭案：<br/>\n“在跟随刘渡舟先生攻读中医经典著作期间，1982年初夏，一个偶然的机会，让我有幸结识了北京中医药大学东直门医院的另一位名老胡希恕先生。<br/>\n记得我父亲当时患肺源性心脏病住院，病情发展出现肾积水，导尿失败，其中一位名老提出用麝香外敷肚脐，借其芳香开窍之力或许有效，于是院方派人去山西拿回一点上好的麝香给我父亲用上，果然尿液点滴而出，可是也就这样了，终未能解决问题。<br/>\n父亲病情在恶化，高热、神智昏迷、大小便闭塞不通，已出现心力衰竭合并肾功能不全。院方邀请北京中医药大学的六位名老中医（包括董建华、王绵之、刘渡舟、胡希恕、赵绍琴、杨甲三）会诊，有位名老提出心力衰竭合并肾功能不全当以扶正为主，先保心肾控制住病情。<br/>\n84岁的胡希恕先生诊完舌象、脉象后，提出一个与众人截然不同的’峻剂攻下’法并开处方，他还说’小大不利治其标’,必须先解决大小便问题。这就是救人！他的态度非常坚决，众名老念其年事最高便都依了，但大家都捏着一把汗。服药到第二天，奇迹发生了：大便五次，开始排尿。到第五天，尿量已达正常，肾积水消失，父亲开始下地活动……<br/>\n后来刘渡舟先生在胡希恕先生著作的序言中写道：’每当在病房会诊，群贤齐集，高手如云，惟先生能独排众议，不但辨证准确无误，而且立方遣药，虽寥寥几味，看之无奇，但效果非凡，常出人意外，此皆得力于仲景之学也。’<br/>\n就这样，一周后父亲出院了。为表达谢意，父亲准备了两瓶茅台酒让我送给胡希恕先生。老人家那会儿住在东直门医院的宿舍，这是一个小两居室，采光也不太好。<br/>\n记得那是一个午后，大约3点半，估计老人家午睡已醒，我礼登门致谢。胡希恕先生连连摆手说：你父亲就是太客气，没这个必要嘛！我说这是家父的一点心意，还请您笑纳。<br/>\n落座后，我见桌子上摆着围棋盘，还有布局的棋子，便问胡希恕先生：您在跟谁下棋？胡师母在一旁回答：他是自己跟自己下。有这等下法？我感到奇怪。胡希恕先生问我会下围棋吗？我说只学了一点点，谈不上会。胡希恕先生说：祖宗发明的围棋不仅是用于娱乐，也是医生看病不同阶段的一种演示，我自己跟自己下，考虑的是用药如用兵，怎么开局、怎么落子、怎么布阵，这里头辗转腾挪，显尽机巧，是为轻灵一路；另一面，走坚实一路，步步为营，渐展威风。棋局经常会纷繁缭乱，但心绝不能乱。看病如下围棋，要有识有胆，胆识俱备。我痴痴地听着，这不就是陆游所说的’功夫在诗外’吗？”</p>",
      "level": 0,
      "highlight": false,
      "children": [
        {
          "id": "4bda3afa2e1147e3d32064970c828505",
          "author": "潇航",
          "time": "2025年02月13日 18:12",
          "content": "<p>你说的这个病人是单玉堂教授吧，黄煌教授也提过这个医案。</p>",
          "level": 1,
          "highlight": false,
          "children": []
        },
        {
          "id": "7d6cfd294a3be23eb218a1e8e56d9e1b",
          "author": "李宗恩",
          "time": "2025年02月18日 08:52",
          "content": "<p>謝謝你的分享。</p>",
          "level": 1,
          "highlight": true,
          "children": []
        }
      ]
    }
  ],
  "page": 2,
  "order": 9,
  "filename": "data\\page2\\page2_order8_86c3adca7a4a92bfe8bc2cd5407c9d5a.json",
  "timestamp": 1740715632.6854157
}