{
  "article_url": "https://andylee.pro/wp/?p=2992",
  "title": "第五屆國際經方班",
  "content": "<p>剛剛收到第五屆國際經方班的正式邀請函，非常謝謝主辦單位的邀請及行程安排，他們在百忙之中，仍然在短短幾天內安排到適合我行程的舊金山重慶往返機票，實在感謝主辦單位的用心。這次邀請的演講者，都是享譽一方的知名中醫，更有幾位是德高望重的老前輩，能夠與這麼多位大師級人物同台講課，倍感光榮！</p>\n<p>我個人這次的授課內容，會以臨床醫案為主，討論一些一般人認為中醫無法治療的重症。同時，大部分討論仲景學說的人，都以傷寒論及其中的六經辨證為主，很少論及金匱要略的內容。然而，金匱要略的部分，實為仲景學說的功力展現，這次演講，我會偏重在金匱要略的內容。</p>\n<p><a href=\"https://andylee.pro/wp/wp-content/uploads/2015/08/Screen-Shot-2015-08-31-at-8.58.04-AM.png\"><img alt=\"Screen Shot 2015-08-31 at 8.58.04 AM\" class=\"alignnone size-full wp-image-2989\" decoding=\"async\" fetchpriority=\"high\" height=\"391\" sizes=\"(max-width: 702px) 100vw, 702px\" src=\"https://andylee.pro/wp/wp-content/uploads/2015/08/Screen-Shot-2015-08-31-at-8.58.04-AM.png\" srcset=\"https://andylee.pro/wp/wp-content/uploads/2015/08/Screen-Shot-2015-08-31-at-8.58.04-AM.png 702w, https://andylee.pro/wp/wp-content/uploads/2015/08/Screen-Shot-2015-08-31-at-8.58.04-AM-300x167.png 300w\" width=\"702\"/></a></p>\n<p><a href=\"https://andylee.pro/wp/wp-content/uploads/2015/08/Screen-Shot-2015-08-31-at-8.58.24-AM.png\"><img alt=\"Screen Shot 2015-08-31 at 8.58.24 AM\" class=\"alignnone size-full wp-image-2990\" decoding=\"async\" height=\"803\" sizes=\"(max-width: 703px) 100vw, 703px\" src=\"https://andylee.pro/wp/wp-content/uploads/2015/08/Screen-Shot-2015-08-31-at-8.58.24-AM.png\" srcset=\"https://andylee.pro/wp/wp-content/uploads/2015/08/Screen-Shot-2015-08-31-at-8.58.24-AM.png 703w, https://andylee.pro/wp/wp-content/uploads/2015/08/Screen-Shot-2015-08-31-at-8.58.24-AM-263x300.png 263w\" width=\"703\"/></a></p>\n<p><a href=\"https://andylee.pro/wp/wp-content/uploads/2015/08/Screen-Shot-2015-08-31-at-8.58.38-AM.png\"><img alt=\"Screen Shot 2015-08-31 at 8.58.38 AM\" class=\"alignnone size-full wp-image-2991\" decoding=\"async\" height=\"801\" sizes=\"(max-width: 700px) 100vw, 700px\" src=\"https://andylee.pro/wp/wp-content/uploads/2015/08/Screen-Shot-2015-08-31-at-8.58.38-AM.png\" srcset=\"https://andylee.pro/wp/wp-content/uploads/2015/08/Screen-Shot-2015-08-31-at-8.58.38-AM.png 700w, https://andylee.pro/wp/wp-content/uploads/2015/08/Screen-Shot-2015-08-31-at-8.58.38-AM-262x300.png 262w\" width=\"700\"/></a></p>",
  "article_time": "2015年08月31日 09:17",
  "comments": [],
  "page": 51,
  "order": 9,
  "filename": "data\\page51\\page51_order8_b2d51931d00704aaabbff171d53cb8c9.json"
}