{
  "article_url": "https://andylee.pro/wp/?p=5142",
  "title": "沈迷於手機及電玩 – 養兒育女必須知道的21件中醫知識（11）",
  "content": "<p>現在大部分的人每天花很多時間在電腦、手機、平板電腦等等螢幕上，Facebook、Instagram、YouTube、Line、微信、抖音、各種multiplayer games等等，對大人的負面影響已經很嚴重了，對小孩子及青少年的傷害更是令人非常擔心。雖然手機及電玩是現代的產物，中醫本來對沈迷手機及電玩的壞處並沒有著墨，我們依然可以從中醫的理論及大量的臨床經驗來找到關聯及治療方向。</p>\n<p>首先，我們從臨床觀察到的現象來討論。花很多時間玩手機及電玩的人，常常遇到許多共同的健康問題：注意力變差、關注事情變窄小，脾氣變差、耐心下降、身體抵抗力下降、感冒變頻繁、睡眠品質下降、頻尿、思考力變差、視力改變、對新鮮事物興趣下降、早晨食慾減少、肩頸痛、手指手腕手肘不適、焦慮、成癮難戒等等。</p>\n<p>這些症狀後面有許多複雜的生理及心理因素，我們簡化來探討時，絕大多數都可以從肝臟開始推敲。中醫認為，肝開竅在眼睛，眼睛之所以能看東西，是依靠肝血來滋潤，長時期的注視在小小的螢幕，特別是藍光強烈的手機及平板電腦，非常耗損眼力，導致肝血不足。肝血虛了以後，又因為長時間專注在螢幕，身體缺乏運動，加上無論是打電玩的求勝緊張，還是社交媒體尋求他人認同的期待壓力，導致了肝氣鬱結。這個時候脾氣變差、耐心下降、身體抵抗力下降等等上述的症狀就開始冒出來。肝臟又直接影響到脾臟、心臟、腎臟等其它內臟，一個拖累一個，惡性循環下，就開始出現更多的生理及心理問題。生理上的問題，許多讀者大概都可以猜得出來，至於心理的問題，中醫認為生理及心理是相連的，生理問題會導致心理問題，譬如肝血虛了，「水生木」的腎臟會來支援，長久下來，腎臟自己也會虛掉，腎臟主「恐」、主「志」，腎虛了，會讓人缺乏志向，沈迷於手機及電玩的小孩子及青少年會漠視學校功課及考試，對自己的前途無所謂，當做父母的出面管教時，會非常不耐煩，也聽不進去，寧可把自己鎖在房間裡看手機、玩電玩。</p>\n<p>這樣的壞習慣為什麼會如此難改變呢？中醫認為，各種很難戒斷的癮，無論是煙癮、毒癮，或者是這裡討論的沈迷於手機及電玩的癮，也都和肝鬱有積相關，當肝臟功能下降時，這樣的「癮」也會越陷越深。這個問題嚴重到許多國家都已經有專門幫青少年遠離3C產品的夏令營，法國最近也正式立法規定中小學學生不准在學校使用智慧型手機！</p>\n<p>回到「養兒育女」的大前提下，做父母的要如何幫助小孩子遠離手機及電玩？除了大家熟知的事項，譬如早睡早起、多運動、多去戶外走走等等，有兩件事值得大家認真去做。第一，爸爸媽媽自己要以身作則，很多爸爸媽媽一邊罵小孩子一天到晚玩手機、玩電玩，另一邊自己吃飯開車的時候，卻也不斷的看手機、上臉書，到了任何地方、去了任何餐廳，都先急著照相打卡，而不真實的融入當下、享受實質的感受，這樣的情況下，小孩子及青少年是不可能放下手機、電玩的，更別說和父母深談學校及生活上遇到的喜怒哀樂。第二，要加強清肝、補肝血，一般而言，飲食均衡、不偏食、不吃垃圾食物，就有很大的功效，然而，如果已經成癮嚴重，那就得去尋求專業中醫師的幫忙，利用中藥來清肝、補肝血，把惡性循環的過程打斷，轉為良性循環，那麼行為上的改變，才會事半功倍。</p>\n<p> </p>",
  "article_time": "2018年12月06日 17:16",
  "comments": [
    {
      "id": "d7aa8a31d7289262377f5f2138506356",
      "author": "王彦强",
      "time": "2018年12月27日 16:49",
      "content": "<p>李医师，反复看了您这篇文章，从临床上看，我有点不同的感受，写篇文章让你看看。</p>",
      "level": 0,
      "highlight": false,
      "children": []
    },
    {
      "id": "fd98f4255df3398045c6d6a157fcd7c7",
      "author": "王彦强",
      "time": "2019年01月05日 04:33",
      "content": "<p>李醫師你好，關於小孩子沈迷於手機及電玩這一現狀，您提到了父母要以身作則，把孩子的注意力從這些嗜好中引導出來，另外輔助以藥物清肝補血。我很贊同，同時從您的往期著作裡也得到一些靈感，主要是從《哈佛大學教孔孟老莊》，《當孔子遇上哈佛李克明先生的書》和《心藏神關於心臟移植》這三篇報導中。如何讓孩子心藏神，而不藏其他嗜好。我嘗試著從孔孟老莊著作經典下手，讓孩子們讀經典，讓孩子們的嗜好從心中搬家，從此只愛學習不再迷戀電玩和手機，目前已經成功改變了三個孩子的習慣，而且家長反映說孩子突然變了，學習愈發主動，對人也變得有禮貌特別懂事了。印證了《黃帝內經》中：“心者，君主之官神明出焉”，以及《莊子》中“道之所虧，愛之所成”的觀點。<br/>\n同時，用於到疾病的治療上我也有所同感，如果心神跑了，再怎麼用藥也不管用，內經裡也提到：“岐伯曰：神不使也。帝曰：何謂神不使？岐伯曰：針石道也。精神不進，志意不治，故病不可愈。今精壞神去，營衛不可複收。何者？嗜欲無窮，而憂患不止，精氣弛壞，營泣衛除，故神去之而病不愈也。”<br/>\n這是我的一點心得，不知是否恰當，望李醫師指點。</p>",
      "level": 0,
      "highlight": false,
      "children": [
        {
          "id": "a40d8ede38e981e770557edaf026a537",
          "author": "andy",
          "time": "2019年01月08日 10:29",
          "content": "<p>心為君主之官，許多的健康及生活習慣問題都可以從心下手。問題是當小孩子已經沈溺於手機及電玩，要他們去念經典書籍，大多數的情況下是很困難的，他們會和家長鬧，親子關係變得很差。這就好像許多心理醫師告訴憂鬱症的病人去做運動、出去走走、多和人聊聊，如果病人還願意做那些事情，代表病情不嚴重，病情嚴重的病人根本無法自發去嘗試解決，硬逼他們也是沒用的。</p>",
          "level": 1,
          "highlight": true,
          "children": []
        }
      ]
    },
    {
      "id": "14892d08e2f927e3083a8f7487142fda",
      "author": "银玲",
      "time": "2019年04月23日 20:18",
      "content": "<p>李老师您好，在孩子身上如何清肝补血呢，我自学了一些倪师录影课程，由于自己资质有限，学起来很慢很吃力。您能不能总结一下呢？</p>",
      "level": 0,
      "highlight": false,
      "children": [
        {
          "id": "552f219daf292825adc11d76f399bf02",
          "author": "andy",
          "time": "2019年04月29日 12:24",
          "content": "<p>你自己對中醫還不熟悉時，最好帶小孩子去看功力好的中醫師，不要自己弄點什麼補藥給小孩子，因為小孩子可能有其它的問題，即使一直補不壞事，也可能耽誤他其它的問題。</p>",
          "level": 1,
          "highlight": true,
          "children": []
        }
      ]
    },
    {
      "id": "0a58b181b861c83708345ad4d3dc97cb",
      "author": "Ashley",
      "time": "2023年05月01日 07:28",
      "content": "<p>李醫師您好：想問個問題，從小視力就不好，那個年代沒有什麼電子產品，天生下來就視力很差，成人後近視度數很深，這樣的情狀，除了平常注意眼睛休息和多按摩眼睛周圍、生活起居正常外，是否可用中醫針灸改善近視度數？若可以可到什麼程度？</p>",
      "level": 0,
      "highlight": false,
      "children": [
        {
          "id": "48ac0eff9fb7f60f4bb3304a913dfe84",
          "author": "李宗恩",
          "time": "2023年05月03日 10:40",
          "content": "<p>可以，但每個個案反應不一樣，同時也得考慮五臟六腑的其它問題。</p>",
          "level": 1,
          "highlight": true,
          "children": []
        }
      ]
    },
    {
      "id": "d5130614ccff0e619ec89236a83ed3b1",
      "author": "一斤",
      "time": "2023年09月19日 01:22",
      "content": "<p>李医生您好，截取一段您的观点“中医认为，各种很难戒断的瘾，无论是烟瘾、毒瘾，或者是这里讨论的沈迷于手机及电玩的瘾，也都和肝郁有积相关，当肝脏功能下降时，这样的「瘾」也会越陷越深。”从这个观点出发，是否可以认为强迫症也属于「瘾」的一种，因为强迫症病人需要重复做一件事，否则他们会感到很不舒服。这样的话，清肝、补肝血是否也可以成为强迫症病人的主要治疗思路。</p>",
      "level": 0,
      "highlight": false,
      "children": [
        {
          "id": "74418fe2ecb67512859dcd4c13ef64dc",
          "author": "李宗恩",
          "time": "2023年09月19日 13:39",
          "content": "<p>強迫症也是一種癮，但任何的癮，和肝有關，不代表就是問題的全部，不是都從清肝補肝血下手治療。</p>",
          "level": 1,
          "highlight": true,
          "children": []
        }
      ]
    }
  ],
  "page": 32,
  "order": 5,
  "filename": "data\\page32\\page32_order4_552f219daf292825adc11d76f399bf02.json"
}