{
  "article_url": "https://andylee.pro/wp/?p=5822",
  "title": "FM96.1：注意：“膽固醇”過高，通常是身體發炎了",
  "content": "<figure class=\"wp-block-audio\"><audio controls=\"\" src=\"https://andylee.pro/wp/wp-content/uploads/2019/06/S-20180731注意：“膽固醇”過高，通常是身體發炎了.mp3\"></audio></figure>\n<p> （語音檔案由FM96.1電台提供，文章摘錄撰寫中，請稍加等待謝謝。）</p>",
  "article_time": "2018年07月31日 22:21",
  "comments": [],
  "page": 33,
  "order": 10,
  "filename": "data\\page33\\page33_order9_00b372996d4be4a0a28b2d0bf11209d3.json"
}