{
  "article_url": "https://andylee.pro/wp/?p=4601",
  "title": "FM96.1：節日裡大吃大喝可能造成的後果",
  "content": "<p>年末節假日多，應酬也多，提醒聽眾朋友：千萬別變胖。在收藏的季節吃得多，加上冬天的運動量相對於其它季節少，身體很容易發胖，“三高” 問題也容易纏上身，這時候也是腸胃問題、膽結石等疾病的高發期。</p>\n<p><span style=\"text-decoration: underline;\"><strong>熱線電話一：</strong></span></p>\n<p><strong>江先生</strong>：小時候皮膚就不好，現在越來越嚴重，皮膚上長一粒粒小疹子，很癢， 天氣冷的時候特別容易發作。</p>\n<p><strong>李醫師</strong>：這個為常見的血虛問題，比如很多小朋友一到冬天手腳就會出一粒粒很小的水珠樣疹子，水珠刺破了還會長。這是因為氣血到不了四肢，便從手上開始長疹子。疹子發的嚴重的可以用麻黃發表宣表，較輕的就用荊芥、防風，此為治標。</p>\n<p>治本可以用基本湯方當歸四逆湯，將心陽傳到四肢，手腳上的疹子容易好；而身體其它部位的疹子需要用清肝、養肝血的藥了。此類皮膚問題並不難治，不過患者年齡越大，複雜度越大，可先治標，身體舒服了再養它。</p>\n<p><span style=\"text-decoration: underline;\"><strong>熱線電話二：</strong></span></p>\n<p><strong>陳女士</strong>：早晨起床常覺得脖子後面僵硬，轉時咯咯響，請問是何原因？</p>\n<p><strong>李醫師</strong>：原因可能很多種，有兩個比較常見的。一是頸椎有問題，這種情況較容易診斷，因為通過姿勢的改變，患者身體會有不一樣的感覺，比如下午轉個頭，手會麻等等。第二個可能是，頸項受寒導致脖子僵硬，有冷痛感，晚上睡覺氣血不順，白天起床，陽氣要升發的時候，病人會有像落枕的感覺，此為中醫所說的葛根湯証。有人會問，既然沒有發燒，也沒有流鼻水，怎麼說是感冒呢？ 只要脈浮，身體有一些異常的反應，就屬於中醫外感的範疇；而西醫的外感一定要有所謂的感冒症狀出現才算。有病人肩痠背痛兩、三年，每次都去按摩，才好兩天又恢復原狀。這樣的病人實際是外感了兩、三年都沒好，中藥用葛根湯或者葛根單位藥提好水上頭。很多時候兩種情況並存，通常不難解決。嚴重的頸椎問題我會用很重的針法在腳上下針。</p>\n<p><span style=\"text-decoration: underline;\"><strong>熱線電話三：</strong></span></p>\n<p><strong>辛女士</strong>：前後心口（胸口正中間）好沉，好累，一年多前突然有痰，西醫檢查心臟並無毛病，累了休息躺下會舒服一些。</p>\n<p><strong>李醫師</strong>：這位女士的描述正是“心痛徹背，背痛徹心”，典型的痰濕在縱膈膜的症狀，而不是心臟本身的問題。西醫的心電圖Electrocardiogram (ECG,EKG)查不出問題，因為痰濕在心臟的外面。病人會感覺剛開始胸口緊緊的，然後覺得心臟像被人用手抓著，再後來發展成短氣。中藥用枳實、薤白、和栝樓實來治療。</p>\n<p><span style=\"text-decoration: underline;\"><strong>熱線電話四：</strong></span></p>\n<p><strong>周先生</strong>：長期耳鳴，昨天起床突然覺得天旋地轉，自己查了一下，可能得了梅尼爾氏綜合症，請問平時保健應注意哪一些方面？</p>\n<p><strong>李醫師</strong>：耳鳴的致病原因很多：年紀大、肝腎有問題，傳染等，要看具體病人來定。根據這位先生的描述，他的病情發展由耳鳴開始，一個可能是濕結在鼻腔裡，鼻腔和耳膜連在一起，耳朵外面的異物可以清除，可是耳膜內的濕卻清不掉，這樣造成兩邊耳壓的不同，而壓力不同會產生耳鳴。而眩暈問題是由於水在中膈，引起的天秤的底座失去平衡而引起的，中藥可以用苓桂朮甘湯，若有寒像，則加炮附子，就是真武湯方。</p>\n<p><span style=\"text-decoration: underline;\"><strong>熱線電話五：</strong></span></p>\n<p><strong>陳先生</strong>： 睡不著，大概凌晨三、四點會醒，醒後不易入睡，上身會發熱有汗。</p>\n<p><strong>李醫師</strong>：典型的肝血不足，肝不能藏魂，則睡不穩，同時肝血不足身體會發熱；肝血不足會導致心血不足，心就不能藏神，入睡就難了。有兩個角度治療：1、補肝血。2、讓心藏神。</p>\n<p>（語音檔案由FM96.1電台提供，文章摘錄自語音檔案內容，部分文字略有異同，敬請見諒。）</p>",
  "article_time": "2017年11月21日 23:13",
  "comments": [],
  "page": 37,
  "order": 2,
  "filename": "data\\page37\\page37_order1_76821227d3e43b1cd1600689b832e52b.json"
}