{
  "article_url": "https://andylee.pro/wp/?p=4485",
  "title": "FM 96.1：來自聽眾的問題",
  "content": "<!--[if lt IE 9]><script>document.createElement('audio');</script><![endif]-->\n<audio class=\"wp-audio-shortcode\" controls=\"controls\" id=\"audio-4485-1\" preload=\"none\" style=\"width: 100%;\"><source src=\"https://andylee.pro/wp/wp-content/uploads/2017/09/drtalk-20170905-507-533pm-23m48s_converted.mp3?_=1\" type=\"audio/mpeg\"/><a href=\"https://andylee.pro/wp/wp-content/uploads/2017/09/drtalk-20170905-507-533pm-23m48s_converted.mp3\">https://andylee.pro/wp/wp-content/uploads/2017/09/drtalk-20170905-507-533pm-23m48s_converted.mp3</a></audio>\n<p>在剛剛結束的台北世界大學運動會（TaiPei 2017 Universiade）上，中醫的針灸、拔罐、推拿等醫療項目受到各國運動員的青睞， 雖然他們對中醫理論不了解，但由於這些中醫治療方法用起來效果好，又不會像藥品會對運動員造成不良記錄，因此接受度高，傳播快。在世界人口老齡化、主流醫學受到健保系統限制的大背景下，evidence-based medicine越來越受關注，CAM (Complementary &amp; Alternative Medicine ) 另類互補醫學正在世界各地興起。</p>\n<p>今天，我們請李醫師來回答一下希望之聲的聽眾的一些提問。</p>\n<p><strong>熱線電話一：</strong></p>\n<p>施女士：二十幾歲的兒子頭上長很多包，西醫診斷為毛囊炎，西藥吃了三、四年都沒好，中醫調養也不見效，想問李醫師中醫如何治療？</p>\n<p>李醫師：疮长在头上比較麻煩，因為頭髮容易藏污納垢，其它地方可以發汗，而頭髮發汗頭皮會被悶著，所以瘡長在頭上不容易治。長瘡基本上是因為水的循环不顺，除此之外，病人一定會有反逆的现象，即心陽和胃火無法下行而往上沖。臨床上看到很多小孩吃很多冰，或者運動完馬上吹冷氣，雖然外表看起來強壯、一副熱相，其實病人中焦寒濕，心火、胃火往上衝。臨床上常見十五、六歲到大學畢業的年輕人頭上長瘡，或者青春痘長到頭上。 西醫用外用藥消炎，對病人為什麼長瘡並不了解。那麼中醫怎麼治療瘡家的呢？基本方向是利水，提好水上頭，重用葛根，加上宣表藥。但要注意對於瘡家，發汗藥要根據瘡的嚴重程度謹慎使用，發汗太重津液會損失太多，因此還是需要個案分析。</p>\n<p><strong>熱線電話二：</strong></p>\n<p>邱女士：家裏的貓身上有跳蚤，全家人被咬，大人的很快就消下去，而兒子渾身起大包，有嚴重的過敏反應。</p>\n<p>李醫師：被跳蚤類叮咬造成的過敏，中藥可以用利水加解毒為主：五苓散利水，黃連解毒湯解毒（三黃：黃連，黃芩，黃柏），黃連解上焦的毒，黃芩偏中焦，黃柏偏下焦。 針灸可以破血、行血、行氣，常用「皮癢五針」治療皮膚方面的問題，臨床效果不錯：合谷，曲池，血海，三陰交，築賓。</p>\n<p><strong>熱線電話三：</strong></p>\n<p>張女士：從中醫的角度看來，牛皮癬、皮膚炎形成的原因是一樣的嗎？能發生在一個人身上嗎？</p>\n<p>李醫師：中醫講究辨證論治，一種病名，可能十個病人有十個不同的現象，因此要個案辨證。</p>\n<p><strong>熱線電話四：</strong></p>\n<p>郭女士：女兒牙肉紅腫，為什麼形成，如何治療？</p>\n<p>李醫師：中醫認為這與上火有關，外用藥可以用三黃打粉製成噴劑，壓制西醫認為的發炎現象，可是為什麼會發生上火的現象？小孩的上火常常因為中下焦寒濕，胃火反逆而造成的。</p>\n<p><strong>熱線電話五：</strong></p>\n<p>張女士：flea, tick是兩種不同的蟲子嗎？</p>\n<p>李醫師：flea, tick是兩種不同昆蟲，但中醫認為它們都是帶毒素的一類蟲子，只要它們對身體的反應是一樣的，中醫通過辨證論治治法是一樣的。</p>\n<p>（語音檔案由FM96.1電台提供，文章摘錄自語音檔案內容，部分文字略有異同，敬請見諒。）</p>",
  "article_time": "2017年09月05日 15:15",
  "comments": [
    {
      "id": "6849ddd837b8bb4d934770ea53bbf9d1",
      "author": "粉絲",
      "time": "2020年12月12日 22:47",
      "content": "<p>上上週去廣州中醫附一院找皮膚科(網上寫是李賽美工作室的)，治療毛囊炎，和醫生說感覺自己上熱下寒，手腳冰涼，肚子鼓鼓的，胃口很好，舌苔黃膩，痤瘡嚴重，頭皮上有很多紅疹，就如李博士所說。那醫生希望我吃點西藥，說中藥很慢，除了把脈看舌頭那十幾秒鐘，全程都在面對電腦屏幕，只問大小便(我沒寫錯)，剛開始開葛根 麻黃 桂枝 白芍 炙甘草  黃連 黃芩 丹參 薏仁 赤小豆 大浮萍 ，吃了一周以後，便秘了，症狀如初，反而有點腰脹疼，本週 去，醫生說我腰椎間盤是好不了的，全程只有摸脈 看舌頭是面向我，只問大便，睡眠，胃口都不問，又建議我吃點西藥，吃中藥很慢的，開了金銀花 蒲公英  野菊花  紫花地丁 忍冬藤 醋莪術 浙母貝 炙甘草 白芷，吃了還是大便不來。煩惱中，，，</p>",
      "level": 0,
      "highlight": false,
      "children": [
        {
          "id": "3421bbe279e68dc14b090ef3f419cb10",
          "author": "李宗恩",
          "time": "2020年12月13日 13:00",
          "content": "<p>中藥很慢？這不會是一位優良中醫的理解及臨床經驗，我建議你換一位中醫師看診。</p>",
          "level": 1,
          "highlight": true,
          "children": []
        }
      ]
    }
  ],
  "page": 37,
  "order": 10,
  "filename": "data\\page37\\page37_order9_e96b2aa99155edf3583c981e1a295dc8.json"
}