{
  "article_url": "https://andylee.pro/wp/?p=4593",
  "title": "中國工程師學會演講：從中醫的觀點看三高的預防與治療",
  "content": "<p><img alt=\"\" class=\"alignnone size-full wp-image-4596\" decoding=\"async\" fetchpriority=\"high\" height=\"231\" sizes=\"(max-width: 958px) 100vw, 958px\" src=\"https://andylee.pro/wp/wp-content/uploads/2017/11/headersf.jpg\" srcset=\"https://andylee.pro/wp/wp-content/uploads/2017/11/headersf.jpg 958w, https://andylee.pro/wp/wp-content/uploads/2017/11/headersf-300x72.jpg 300w, https://andylee.pro/wp/wp-content/uploads/2017/11/headersf-768x185.jpg 768w\" width=\"958\"/></p>\n<p><span style=\"font-family: arial, sans-serif;\">在忙碌的工作與家庭活動間，我們如何可以減少高血壓、高血糖、<wbr/>高血脂的可能性？如果已經有三高的現象、<wbr/>中醫有哪些緩解以及治療的方法？我們很榮幸請到李宗恩博士來為灣區的朋友講解相關的問題。此次演講為中文，Q&amp;A可以接受英文發問。</span></p>\n<p>時間：12月16日，1:30pm~4:00pm</p>\n<p>地點：Cadence Auditorium, Building 10, 2655 Seely Ave,San Jose, CA 95134</p>\n<p>報名：<a href=\"https://ciesf2017tcm.eventbrite.com\">https://ciesf2017tcm.eventbrite.com</a> (演講免費參加，但為確定人數，請提前網上報名）</p>\n<p>活動網頁：<a href=\"http://www.cie-sf.org/index.php/17-event-semiars/223-12-16\">http://www.cie-sf.org/index.php/17-event-semiars/223-12-16</a></p>\n<p>簡介：</p>\n<p>膽固醇是什麼？膽固醇是人體中非常重要的成分，每個細胞都需要，用來建構保護膜、新陳代謝、產生能量等，人體缺乏膽固醇更會導致荷爾蒙、性功能、骨骼、消化、神經等方面的嚴重問題。那麼，人們為什麼那麼擔心膽固醇過高？</p>\n<p>LDL是什麼？LDL不是膽固醇，是低密度脂蛋白，負責把肝臟製造的膽固醇帶到身體各處，沒有了LDL， 就無法運送膽固醇到各個細胞，細胞即會死亡。那麼，人們為什麼把LDL叫做「壞的膽固醇」，非常擔心驗血報告中的LDL數值？而為什麼最新醫學研究顯示，LDL偏高的年長者，平均壽命卻高於LDL偏低的年長者？</p>\n<p>高血脂、高血糖、高血壓，所謂「三高」的數值到底代表什麼？李宗恩中醫師將從西醫數值的角度進入主題，討論三高的意義，及人們對三高的許多誤解，再從中醫及臨床治療的角度來交互探討如何面對及治療高血脂、高血糖、高血壓，期待聽眾能得到正確的觀念，並以正面的方式避免或面對人人害怕的「三高」問題。</p>\n<p> </p>",
  "article_time": "2017年11月27日 11:13",
  "comments": [
    {
      "id": "aff54bb98344596d6fc369aee9c5cf2c",
      "author": "Small K",
      "time": "2024年02月18日 07:47",
      "content": "<p>李博士，想請教下：60多歲的老人家眼皮處長有黃色的脂肪粒，從中醫角度看，身體有可能出現什麼問題，需要注意些什麼？謝謝！</p>",
      "level": 0,
      "highlight": false,
      "children": [
        {
          "id": "f592af423c02648ffa58b7ebfc0d3d25",
          "author": "李宗恩",
          "time": "2024年02月26日 10:53",
          "content": "<p>中醫不是以單一症狀來診斷。</p>",
          "level": 1,
          "highlight": true,
          "children": []
        }
      ]
    }
  ],
  "page": 37,
  "order": 1,
  "filename": "data\\page36\\page36_order10_583e818386e4dac120171a28713eeb80.json"
}