{
  "article_url": "https://andylee.pro/wp/?p=9823",
  "title": "給兒子的一封信",
  "content": "<p>兒子今年即將高中畢業，前往大學就讀，依照美國的傳統，高中畢業就算是獨立的大人了。眼看著兒子即將離家踏上他自己的人生旅程，心中有許多的感慨，一方面對孩子充滿了無限的祝福，另一方面也依依不捨地學習放手。夜深人靜下，寫了一封信給兒子，天下父母心，在此和已經做父母及期許當父母的讀者們分享，也希望讓做人子女的讀者們感受一下父母的關懷。父母子女的關係，不是責任義務的交換，而是一輩子的真誠感情及最親近的人生隊友！</p>\n<p>========================</p>\n<p>親愛的兒子，</p>\n<p>恭喜你跨越人生重要的里程碑，即將進入一所優異的大學就讀，你已經長大成為一位英俊又有能力的大人，準備好自己挑戰未來，並在朋友及人生夥伴陪同下一起征服這個世界。</p>\n<p>擁有你成為我們的兒子，是我們的榮幸與無比的歡樂，我們享受養育你的每一分鐘。現在，你將踏上自己的人生旅程，當時機成熟時，也會建立你自己的家，我們將無法如我們所願地那麼經常見到你。但是，我們始終熱忱歡迎你回到你的舊家，與我們分享你的經驗，並暫時躲避這個嚴厲世界的風風雨雨。有一天，我們會離開這個世界，當它發生時，不要難過，好好享受你的人生就是對我們最好的思念。即使我們到了另一個世界，我們也永遠愛你。</p>\n<p>保持堅強，保持仁慈。請記住你來到這裡的目的，是為了體驗這個世界的各種美好，並對生命表達感激。聽取你的理智，但跟隨你的真心。親愛的兒子，我們永遠為你感到驕傲。</p>\n<p>愛你的媽媽和爸爸</p>\n<p>Our dear son,</p>\n<p>Congratulations on your milestone of heading to a great college. You have grown up to become a handsome and capable man ready to conquer the world by yourself and along with your friends and partners in life.</p>\n<p>It is our privilege and great pleasure to have you as our son. We enjoyed every minute of raising you. Now that you are moving onto your own journey and will establish your own home when the time comes, we would not see you as often as we would love to. But you are always warmly welcome back to your original home to share your experience with us and take a break from the rainings and thunders in this tough world. Someday, we will leave this world. Don’t be sad when it comes. Enjoying your life is the best way to reconnect with us. We will always love you even from another world.</p>\n<p>Be strong and be kind. Remember that you are here to experience the wonders of this world and to express gratitude to life. Listen to your brain but follow your heart. We are always proud of you, our dear son.</p>\n<p>Love,<br/>Mom and Dad</p>\n<figure class=\"wp-block-image size-large\"><a href=\"https://andylee.pro/wp/wp-content/uploads/2021/04/card.jpg\"><img alt=\"\" class=\"wp-image-9842\" decoding=\"async\" fetchpriority=\"high\" height=\"887\" sizes=\"(max-width: 1024px) 100vw, 1024px\" src=\"https://andylee.pro/wp/wp-content/uploads/2021/04/card-1024x887.jpg\" srcset=\"https://andylee.pro/wp/wp-content/uploads/2021/04/card-1024x887.jpg 1024w, https://andylee.pro/wp/wp-content/uploads/2021/04/card-300x260.jpg 300w, https://andylee.pro/wp/wp-content/uploads/2021/04/card-768x666.jpg 768w, https://andylee.pro/wp/wp-content/uploads/2021/04/card.jpg 1500w\" width=\"1024\"/></a></figure>",
  "article_time": "2021年04月09日 11:39",
  "comments": [
    {
      "id": "2b6ba25a9d60c301066ae8f0965de34d",
      "author": "小宇",
      "time": "2021年04月10日 07:51",
      "content": "<p>李医生，请问什么情况会引起脑鸣？很确定不是耳鸣。</p>",
      "level": 0,
      "highlight": false,
      "children": [
        {
          "id": "27442d8b0b22d930264dae55c78eb85a",
          "author": "李宗恩",
          "time": "2021年04月11日 17:59",
          "content": "<p>一部份的腦鳴是雙耳耳鳴產生的感覺，另一部份的腦鳴比較麻煩，雖然中醫古書有些論述，血瘀痰飲（在腦中）、氣血虛、肝鬱等等，臨床還是得看其它綜合症狀來判斷可能的治療方向。</p>",
          "level": 1,
          "highlight": true,
          "children": []
        }
      ]
    },
    {
      "id": "c100f859b31a9a35bb74c1a2ce0060c3",
      "author": "甘",
      "time": "2021年04月10日 08:03",
      "content": "<p>真心祝福!</p>",
      "level": 0,
      "highlight": false,
      "children": [
        {
          "id": "b306264888572b326698aceda8442428",
          "author": "李宗恩",
          "time": "2021年04月11日 18:00",
          "content": "<p>謝謝你的祝福。</p>",
          "level": 1,
          "highlight": true,
          "children": []
        }
      ]
    },
    {
      "id": "66ee3887d0de7009c399fba1fb058680",
      "author": "魯豆腐",
      "time": "2021年04月11日 18:25",
      "content": "<p>Dr.李，恭喜您家兒子初長成<br>\n但這個時候的孩子可能也比較像我們當時比較會叛逆的年齡<br/>\n不過或許您的家教比較好而不用煩擾於這點<br/>\n孩子長大了，為人父母的總有些許的不放心<br/>\n況且他又即將出遠門讀書求學<br/>\n凡事還得多往好的想<br/>\n只要他有需要還是得要回來找你<br/>\n希望你還會是他神奇的老爸</br></p>",
      "level": 0,
      "highlight": false,
      "children": [
        {
          "id": "5acb15952c7063f1d22d678a2a3673cb",
          "author": "李宗恩",
          "time": "2021年04月17日 08:25",
          "content": "<p>謝謝你的分析！兒子對我們倒不太叛逆，大概從小我們帶他一起做了許多好玩冒險的事情，譬如zipline、caving、mountaineering、shooting等，很多時候我比他還違反常規，比較像他的導師及朋友，在攀岩及重訓上，他反而變成我的教練！</p>",
          "level": 1,
          "highlight": true,
          "children": []
        }
      ]
    },
    {
      "id": "ccae87ef54c445761a6674d194d025bb",
      "author": "carey",
      "time": "2021年04月11日 19:48",
      "content": "<p>新的里程开始，祝福飞的更高更远~</p>",
      "level": 0,
      "highlight": false,
      "children": [
        {
          "id": "161950416aa583517008ab4f8de324fa",
          "author": "李宗恩",
          "time": "2021年04月17日 08:25",
          "content": "<p>謝謝你的祝福！</p>",
          "level": 1,
          "highlight": true,
          "children": []
        }
      ]
    },
    {
      "id": "2c485b042519336404491ca39720e3de",
      "author": "小宇",
      "time": "2021年04月11日 20:05",
      "content": "<p>感谢您的回复！患者情况都很好，眼诊有肝气郁积。晨起口苦，头鸣很多年。处方以疏肝，祛痰为主。回复口苦已无，头鸣未减。最近很是苦恼及挫败，感觉又找不到方法了。我再翻阅医书看看。再次谢谢您！</p>",
      "level": 0,
      "highlight": false,
      "children": []
    },
    {
      "id": "a5bddff9d214096c95079383ee527dbb",
      "author": "翔",
      "time": "2021年04月12日 22:16",
      "content": "<p>同为父母，同样的期待和感慨！</p>",
      "level": 0,
      "highlight": false,
      "children": [
        {
          "id": "cc1d26740f583dcb3b12fe37df01b587",
          "author": "李宗恩",
          "time": "2021年04月17日 08:27",
          "content": "<p>天下父母心！</p>",
          "level": 1,
          "highlight": true,
          "children": []
        }
      ]
    },
    {
      "id": "becb9a0db7db0cdf58be0632571ea0b8",
      "author": "yy",
      "time": "2021年04月20日 04:21",
      "content": "<p>李医师，在您出版的《当张仲景遇上史丹佛》书81页，第一行说到是肺阳虚导致心阳无法往下?</p>",
      "level": 0,
      "highlight": false,
      "children": [
        {
          "id": "87ee028160a90d85624344f42f08c4ed",
          "author": "李宗恩",
          "time": "2021年04月21日 08:16",
          "content": "<p>肺陽虛會導致心陽無法下行。</p>",
          "level": 1,
          "highlight": true,
          "children": [
            {
              "id": "88e9e56148949c8257ec3252adaffbce",
              "author": "yy",
              "time": "2021年04月24日 01:55",
              "content": "<p>谢谢李医师</p>",
              "level": 2,
              "highlight": false,
              "children": []
            }
          ]
        }
      ]
    }
  ],
  "page": 15,
  "order": 8,
  "filename": "data\\page15\\page15_order7_161950416aa583517008ab4f8de324fa.json"
}