{
  "article_url": "https://andylee.pro/wp/?p=9848",
  "title": "聰明才智 – 養兒育女必須知道的21件中醫知識（21）",
  "content": "<p>養兒育女系列文章到了最後的段落，我們來討論一個許多父母都想知道卻常常揠苗助長的題目：如何讓小孩子變聰明、學習成績優異。</p>\n<p>提到中醫幫忙增强聰明才智，許多人會想到「補腎」、「提清陽上頭」、「加强氣血」等等。爲什麽要補腎？中醫認爲「腦為髓海」，髓屬於腎家，想「補腦」也就想到了補腎。提升清陽，或者說提好的水上頭，能讓人耳聰目明、神清氣爽，自然也就應用在提升頭腦的功能。而加强氣血，是對人體整體功能的輔助，好比加强後勤補給，前方戰線的各種機制才能好好發揮。</p>\n<p>《東垣試效方》中有個知名的方劑，「益氣聰明湯」，常常被大家當作增强聰明才智的藥方。「益氣聰明湯」的中藥組合為黃耆、人參、葛根、蔓荊子、白芍、黃柏、升麻、灸甘草。藥方的意義為葛根、升麻提升清陽，黃耆、人參、炙甘草補中益氣，蔓荊子清上熱，白芍補血斂陰，再視病人情況而加一些黃柏來清熱瀉火。後代醫家因而解釋「益氣聰明湯」的「益氣」為補益中氣作用，「聰明」為耳聰目明、聰穎智慧的意思。</p>\n<p>然而，常常看我文章的讀者大概已經猜到了，當我像上面那樣平鋪直敘地陳述，代表事情沒那麽單純，文章一定有轉折。沒錯，這也是爲什麽一開頭時說許多父母都是揠苗助長。我們先暫時跳開中醫的架構，來談一談腦部的運作。人頭腦的運作十分複雜，並非你想做一件事情，頭腦就會老老實實按照指令來進行。人類的意識（Mind）和頭腦（Brain）的關聯性，至今仍然沒有被充分理解，和物理的統一場論一樣，被列爲人類最迷惘的幾個大問題之一。不過，所有腦部研究都同意一點，那就是「The mind uses the brain to make the mind. （意識使用頭腦來建立意識）」，簡單的說，人的意識會改變頭腦實質的結構及反應，而頭腦的實質結構及反應會改變人的意識，無論人們是否有靈魂或佛教所謂的「自性」，這個意識與頭腦的相互改變的關係都是存在的。</p>\n<p>舉個例子，當人壓力大、心情緊綳的時候，頭腦會自動進入備戰狀態，好像馬上要和敵人打鬥或逃離老虎追趕一般，增强主導負面情緒的頭腦部位反應，壓制主導正面情緒的頭腦部位反應，也大幅增强反射動作的快速控制，壓制思考複雜問題的大腦部位。頭腦也會下令分泌大量的皮質醇（cortisol），壓低免疫系統的功能，以免發炎現象為戰鬥能力帶來負面的影響。頭腦也會自動減少製造新的神經元（neuron），降低新神經元鏈接的不確定性。同時，不同神經元在短時間内一起反應，彼此的鏈接即會加强，以後會更常一起反應。因此，當主導負面情緒的頭腦部位有大幅反應時，無論當時你做什麽事情，都會和負面情緒連結，一起被收藏到隱性記憶（implicit memory）裡，長期改變主導隱性記憶的頭腦部位結構。換句話説，下一次你做類似的事情時，明明應該是高高興興的，負面情緒卻突然跳了出來。這也是爲什麽有時候我們會覺得，一聼到某個人説話的聲音就開始莫名地煩躁，一看到某個場景就開始莫名地害怕等等。如此的意識與頭腦互動會產生惡性循環，一開始壓力大、心情緊綳造成頭腦的改變，做類似事情時自動產生負面情緒，而這樣的反應加强及擴大與負面情緒連結的事情範圍，直到有一天，做什麽事情都心情不好或怨氣十足，變成了所謂的憂鬱症、躁鬱症等等，而這種情況下的學習及思考能力，當然也就糟糕透了。另一方面，神經元越使用越容易激發，越不使用越不容易激發，而神經元彼此之間的鏈接越少互動，就越可能被頭腦自動修剪掉。也就是説，大腦用來思考複雜問題的部位越被壓抑，該部分的神經元的反應會越差，人的聰明才智也就越低落。而學習及思考能力下降，挫折感增加、心情低落，使得負責思考複雜問題的部位更被壓制，這又是另一個惡性循環。</p>\n<p>言歸正傳，如何提升聰明才智。由上面的例子，大家不難猜到，想要變得比較聰明、學習能力比較好，最重要的是長期保持正面的情緒及身體的健康狀態，這也是爲什麽許多醫學研究表示，多接近大自然、適度運動、養寵物等等，除了讓人心情愉快、增强免疫力以外，也會提升記憶力和思考力。另一方面，對小孩子而言，睡眠是其中一個很重要的關鍵。充足的睡眠不但直接幫助小孩子身體的成長，也對智力發展有很大的影響。依據美國對中學生的長期追蹤研究，在類似背景下，每晚睡九個小時的中學生，平均成績明顯比睡八個小時的中學生好，而每晚睡八個小時的中學生，平均成績也明顯比睡七個小時的中學生好。關於睡眠的論點，中醫本來就如此認爲，不過，得外加一個條件，那就是晚上十一點到半夜三點是最重要的睡眠時段，如果小孩子是半夜三點睡到中午，即使是睡足了九個小時，也還是枉然。</p>\n<p>結論是，中醫幫忙提升聰明才智，重點在於幫助小孩子情緒平穩、睡眠良好，同時處理他們健康上其它的問題，讓他們不受疾病的困擾。這和文章一開始提到的「補腎」、「提清陽上頭」、「加强氣血」並沒有衝突，只是得知道爲什麽要做些動作，做這些動作能不能讓小孩子情緒平穩、睡眠良好等等，並不是拼命地補腎、補氣、補血就會比較聰明，小孩子過度進補，反而影響他們正常生長的步調。</p>\n<p>這裡得補充一點，許多父母讓小孩子不斷地做數學練習題、背很多英文單字等等，大量的重複練習確實可以加强神經元的鏈接，在腦部產生强固的處理網路，通常也很容易在考試成績上表現出效果來。然而，這樣的做法也有不少負面的問題。第一，如果小孩子在這個過程中不快樂、壓力很大，那麽思考複雜問題的整體能力會被抑制下來，得不償失。第二，大腦爲了處理某項不斷重複的動作，得修剪附近部位的神經元鏈接，也就是當人太專注在某一項工作時，學習及應付其它事情的能力將無法同步成長。這點對專業人士而言，可能問題不大，但對正在成長、學習各種不同事物的小孩子而言，不一定是件好事。第三，許多醫學及教育專家指出，小孩子每天都需要一段「無聊」的時間，讓他們自己去找東西來玩、來想，藉由這樣的過程來提升他們的想象力、思考力、創造力。如果每天的時間都排得滿滿的，又是數學、又是鋼琴，短時間内可以讓父母虛榮地炫耀小孩子數學多好、音樂多好，長時間下來卻損害了小孩子獨立思考及應付複雜問題的能力。那麽，小孩子長大了，或許可以成爲馬雲手下領高薪的程序員，卻失去了像Elon Musk那樣引領Tesla和SpaceX的思維能力。</p>",
  "article_time": "2021年04月26日 17:06",
  "comments": [
    {
      "id": "905d0ab7666e219a45ab9a9176347dec",
      "author": "Andrew Wong",
      "time": "2021年04月26日 18:49",
      "content": "<p>孩子聰明才智问题，西医强调头脑，Mind, 黄帝内经强调“心主神明”。</p>\n<p>聰明才智问题，在自闭症的孩子来说，是学习障碍问题。</p>\n<p>从我的研究，西医及西方科学对特殊孩子教育的问题，是没有什么解决方案。</p>\n<p>我认为，黄帝内经，给我们整体的解释。。。</p>\n<p>自闭症 ： 从理解到解决行动<br/>\n（不同角度了解自闭症，需要新的思维模式。）</p>\n<p><a href=\"https://www.udemy.com/course/spectrum/?referralCode=78E4E48FE1FA12E3EA07\" rel=\"nofollow ugc\">https://www.udemy.com/course/spectrum/?referralCode=78E4E48FE1FA12E3EA07</a></p>\n<p>幫助小孩子情緒平穩，我觉得也需要认识孩子的性格。不同的性格，对情绪，智能有不同的处理方法。</p>\n<p>黄帝内经给了我们整体观，不能只是针对性格，而是整体情感，脏腑功能问题。</p>\n<p> 从一扇窗口看性格，情志，脏腑功能<br/>\n<a href=\"https://www.udemy.com/course/singlewindow/?referralCode=03025B18FDEF7DF970D0\" rel=\"nofollow ugc\">https://www.udemy.com/course/singlewindow/?referralCode=03025B18FDEF7DF970D0</a></p>",
      "level": 0,
      "highlight": false,
      "children": []
    },
    {
      "id": "325a6fa1bad915f545da549594815032",
      "author": "小宇",
      "time": "2021年04月27日 01:19",
      "content": "<p>李医生好！关于疾病的传变有个疑问请教您：中医在治肝病时先实脾，防止肝病继续恶化。西医在治肝硬化腹水时会直接手术把脾脏切除，这个动作似乎也是把肝病传脾的通道切断了。这一点在中医里是不是可以理解为，因为没有脾脏，所以不会有腹水了？而病人没有脾脏后摄入的营养又是如何分配给各脏腑呢？<br/>\n之所以有这样的疑问，是因为二十年前有位亲戚因肝硬化腹水经西医手术切除脾脏后得以存活至今，十几年前又一位邻居因同样的疾病做了一样的手术，至今也很好，病者除了面黄消瘦，胃口体力如常人。</p>",
      "level": 0,
      "highlight": false,
      "children": [
        {
          "id": "b8a3c9d47e04aa63777577c3254d4f3b",
          "author": "李宗恩",
          "time": "2021年05月02日 10:36",
          "content": "<p>把脾臟切除了，並不能防止肝家問題的演進，西醫切除脾臟來減少腹水，改變了症狀的發展方向，但造成很多的問題，西醫也只有在不得已的情況下做如此選擇。醫學是很難對比的，我們無法知道這兩位病人如果沒有切除脾臟會是怎麼樣的發展，同時，針對個案的討論，得深入研究細節，不能因為某個病人做了什麼就活了下去，就歸納為某個病症就這樣治療。</p>",
          "level": 1,
          "highlight": true,
          "children": []
        }
      ]
    },
    {
      "id": "9fda597891dfe148c7d652c102d87c86",
      "author": "明遠",
      "time": "2021年04月27日 03:44",
      "content": "<p>李醫師 您好:</p>\n<p>打坐應該也是一種很好的方式，定能生慧、慧能生定，雖然鮮少有人能入定，但學習打坐讓心靜下來，對於學習與思考都大有幫助，也算是您說的正面情緒的一種，學習能力特別好或特別聰明的人通常專注力較高，也就是掌握心的能力比一般人好，能讓心暫時置於一處不散亂。</p>\n<p>謝謝</p>",
      "level": 0,
      "highlight": false,
      "children": [
        {
          "id": "5a7c6e4ed57fc4d1bd8876054fb061e3",
          "author": "李宗恩",
          "time": "2021年05月02日 10:37",
          "content": "<p>要青少年打坐，不是一件簡單的事情，即使他們願意打坐，很難知道他們是不是真的內心平靜無雜念，還是只是做個樣子交差了事。</p>",
          "level": 1,
          "highlight": true,
          "children": []
        }
      ]
    },
    {
      "id": "db3b716fa64d5d61b6da5e7b0f48e8dc",
      "author": "Yoke Wah",
      "time": "2021年04月29日 01:47",
      "content": "<p>李醫師 您好!<br/>\n看您的兒童保健篇章 讓我獲益匪淺。請問先生是怎麼看兒童斜視問題？醫生是有建議開刀，可是我很想知道中醫方面看法。唉，現在小孩很早接觸熒幕的電子產品，眼睛的問題不只成年人的問題了。謝謝</p>",
      "level": 0,
      "highlight": false,
      "children": [
        {
          "id": "41c14fd4fcbbe6657e02226b0c39ef04",
          "author": "李宗恩",
          "time": "2021年05月02日 10:51",
          "content": "<p>斜視並非視力的問題，一般情況下是協調眼睛運動的肌肉出現問題所造成的，中醫會先從脾家來推敲。</p>",
          "level": 1,
          "highlight": true,
          "children": [
            {
              "id": "31e00b6b7eac6c383d18e124a42c7de0",
              "author": "Yoke Wah",
              "time": "2021年05月03日 19:02",
              "content": "<p>您好，謝謝回覆。請問脾家是脾臟/脾胃的意思嗎？就是說要調脾？</p>",
              "level": 2,
              "highlight": false,
              "children": [
                {
                  "id": "b48132c0bba9094511e8532cabe7cfe0",
                  "author": "李宗恩",
                  "time": "2021年05月09日 10:13",
                  "content": "<p>中醫以「家」來統稱一個內臟所有相關的東西，脾家包括脾臟及其相關的組織與功能。</p>",
                  "level": 3,
                  "highlight": true,
                  "children": []
                }
              ]
            }
          ]
        }
      ]
    },
    {
      "id": "fb283c3698fefac1195fbf48156462bd",
      "author": "杜草莓",
      "time": "2021年12月24日 21:46",
      "content": "<p>李醫生：<br/>\n請問嬰兒剛出生腎偏大，2個月追蹤比原本大，檢查為腎積水，中醫來說有什麼建議的治療方法嗎？？<br/>\n還是僅能開刀？？<br/>\n中藥對嬰兒有治療方式嗎？</p>",
      "level": 0,
      "highlight": false,
      "children": [
        {
          "id": "c20cdf4481dd42ed9549ded3edfd325b",
          "author": "李宗恩",
          "time": "2022年01月01日 10:31",
          "content": "<p>腎積水可以去除，但不代表那是這位剛出生病患的問題癥結。</p>",
          "level": 1,
          "highlight": true,
          "children": []
        }
      ]
    },
    {
      "id": "9f7c43c5123b30c4d68c9f565f985d98",
      "author": "杜草莓",
      "time": "2021年12月25日 12:03",
      "content": "<p>李醫生，您好：</p>\n<p>請問嬰兒剛出生腎偏大，2個月追蹤比原本大，檢查為腎積水，中醫來說有什麼建議的治療方法嗎？？<br/>\n還是僅能開刀？？<br/>\n中藥對嬰兒有治療方式嗎？</p>",
      "level": 0,
      "highlight": false,
      "children": [
        {
          "id": "46c6ec1af48de60a87043bcb0508abe7",
          "author": "李宗恩",
          "time": "2022年01月01日 10:32",
          "content": "<p>同一個問題不要問兩次。</p>",
          "level": 1,
          "highlight": true,
          "children": []
        }
      ]
    }
  ],
  "page": 15,
  "order": 6,
  "filename": "data\\page15\\page15_order5_db3b716fa64d5d61b6da5e7b0f48e8dc.json"
}