{
  "article_url": "https://andylee.pro/wp/?p=11365",
  "title": "診所軼事",
  "content": "<p>診所同仁說我很少在文章中提到他們，其實，診所同仁確實很辛苦，我對診所各個細節的要求很高，同時也規定每一位同仁都得親自處理過診所各方面的事宜。從前台工作、回覆世界各地來的咨詢、幫病人解決各種問題、藥房運作及包藥、醫療材料的訂購、診間消毒整理、保險事宜、財務運作等等，每一位同仁都得依照資歷來一一學習，按照排班來輪替。為了感謝他們的辛勞，我們來聊一聊診所的軼事。</p>\n<p>診所同仁可謂高手雲集，目前<meta charset=\"utf-8\"/>診所同仁中有管理學碩士、中國臨床十多年的腫瘤外科手術醫生、西醫本科畢業生、工程本科畢業生、資深廣播員等等，以前還有史丹佛神經病學博士、雙<meta charset=\"utf-8\"/>碩士、資深瑜伽老師等等，而這十多位同仁每一位都擁有或正在研讀中醫碩士學位。再加上我自己有一個博士三個碩士學位，我常常說診所團隊的資歷及能力和許多矽谷高科技初創公司相比毫不遜色。同時，診所病人及家屬有來自世界各地的不同人種及各式各樣職業的人，包括世界頂級的學者教授、矽谷知名的企業家及投資人、亞洲政府高層及企業領導人、演藝界人士等等，診所同仁們都能以醫者之心來認真、平和地應對進退，不會因病人的背景而有所好壞差異。另一方面，因爲診所的病人及家屬群涵蓋面很廣，已經有不少人建議診所兼職辦個商會，讓政商名流相互認識交流，也為年輕人找尋導師及投資人。不過，這可能得等到中醫教學工作有個樣子以後再考慮了。</p>\n<p>診所每天收到很多新舊病人的約診，診所同仁都會盡量配合病人的情況來安排看診時間。然而，診所病人眾多，新病人往往得等候三四個月，即使是舊病人複診，也往往得等候兩三個月。許多人打電話或來函解釋自己或家人急重症的情況，希望診所能趕緊安插看診。診所同仁了解病人情況後，都十分同情也非常想幫忙盡快安排看診，卻真的無法及時調度安插，不得已只好希望我在不影響看診品質下加班看診。我們常常開玩笑說，診所大概是矽谷唯一一家員工逼老闆加班的公司。不過，我加班時，同仁們也得加班，他們還是比我辛苦的。</p>\n<p>雖然我對診所同仁的要求很高，診所的氣氛卻很歡樂，同仁之間常常有説有笑，他們也會在我休息時間問我問題，也和我聊這聊那，有時候難免聊到網上流傳的八卦新聞，問我從天紀的角度如何看待那些名流離婚、倒債等等的新聞事件。診所同仁也常和我開玩笑，說我和一般人印象中的中醫師差很多，喜歡攀岩、騎重機、研究最新科技、討論投資市場等等，他們最喜歡做的是硬拗我請大家吃飯，或者拿著我的信用卡去鮮芋仙買甜品回診所。有一天我發現診所多了很多零食，他們解釋這個零食是誰帶來的、那個零食又是誰帶來的，他們說知道吃零食不健康，但是工作忙昏頭時，實在想吃些零食來降低壓力。我想想也是，偶爾吃些零食來調整心情並不太糟糕，我謝謝他們自動自發帶零食來診所，他們大笑說不用客氣，反正都是花老闆的錢！</p>\n<p>診所同仁最大的挫折是遇到不講理、行爲惡劣的病人，雖然一年大概只有一兩位，遇到了會讓所有同仁心情沉重，反覆討論好幾天，確定不是診所同仁們做錯了什麽。另一種挫折是有新病人說病情有多緊急非得立即看診，診所同仁花了很大的功夫請求其他病人幫忙變動看診時間，好不容易安排好了急診，結果， 新病人無故不出現、臨時取消說已經病好了、或者病情根本沒那麽嚴重！還有一種讓診所同仁討厭的情況，那就是有些人打電話到診所，硬說和李醫生很熟、是李醫生的好朋友，以命令的口氣要求診所同仁立即安排看診。我告訴同仁們，真的是我朋友的人，不會這樣魯莽，都會按照診所規定來約診，我事前都不知道，等到我進入診間時才發現自己好朋友需要看診。我告訴診所同仁，就算有人說是我的親戚，一律平等對待，按照診所規定來安排看診，每一位病人都應該當成是我們自己的親戚朋友來對待！</p>\n<p>診所同仁工作是很辛苦的，前台的同仁得一面接電話一面幫助面前的病人；包藥的同仁常常整天不停地包藥，不但現場的病人急著等藥離開，還有很多需要寄出的藥得當天包好；訂藥的同仁在市場缺貨的情況下，得聯絡各個不同的中藥進口商，同時得確定中藥材品質達到診所要求，藥材寄到時，還得把十幾箱的藥材整理好，按照位子一一上架存儲好；處理保險的同仁得一直掛在電話上，不斷和保險公司溝通，幫病人解決奇奇怪怪的保險問題；這麽多忙碌的事情之間，還得整理診間、製作中藥膏及烏頭蜜、確定消毒過的毛巾床單即時送到等等。一整天下來，下班前看到同仁累得趴在桌上，半開玩笑地說連手都抬不起來了。</p>\n<p>我很感謝診所同仁們辛勞的付出，讓我可以專心看診，不用自己處理很多重要卻繁雜的事情。也希望大家對診所同仁們多些關愛及尊重，這些同仁都希望能學好中醫，未來能幫助更多的病人，大家對他們的關愛及尊重，是對他們最好的鼓勵。</p>",
  "article_time": "2022年03月18日 15:26",
  "comments": [
    {
      "id": "c5096c56eff28b26079547cdc42394d3",
      "author": "carey",
      "time": "2022年03月21日 22:43",
      "content": "<p>看了李醫生的這篇文章，真的很感動，因爲我有切身體會。<br/>\n診所為我們已經開了幾次綠燈了，這些本該是你們休息的時間。<br/>\n大愛無邊，杏林春暖！感恩！</p>",
      "level": 0,
      "highlight": false,
      "children": [
        {
          "id": "ab96047c61e411850fb13b75ed2daa68",
          "author": "李宗恩",
          "time": "2022年04月11日 10:00",
          "content": "<p>謝謝你的體諒與配合。</p>",
          "level": 1,
          "highlight": true,
          "children": []
        }
      ]
    },
    {
      "id": "33e5ab341e290bcd0df11e6a86926f60",
      "author": "Vincent.Do",
      "time": "2022年03月23日 05:04",
      "content": "<p>人间正道是沧桑。</p>",
      "level": 0,
      "highlight": false,
      "children": []
    },
    {
      "id": "ba1a084618d26d91277b817bb0c26baa",
      "author": "莫桥兰",
      "time": "2022年03月24日 12:06",
      "content": "<p>感恩，感动，希望我能学好中医，我的偶像就是倪师和李医师。<br/>\n请问李医师，国内买中药，您推荐哪些制药厂呢？<br/>\n另外，国内如果学习倪师的经方之学，可以去哪里呢？比如您提到的杨贞医师，有联系方式吗？想去拜访学习，希望早早领悟中医精髓，像您一样帮助很多人。</p>",
      "level": 0,
      "highlight": false,
      "children": [
        {
          "id": "aebf22e65b6f11161907ceaf378e0d71",
          "author": "李宗恩",
          "time": "2022年04月11日 10:03",
          "content": "<p>我們不清楚大陸中藥廠商的情況。我不能告訴你楊醫生的私人聯絡方式。</p>",
          "level": 1,
          "highlight": true,
          "children": []
        }
      ]
    },
    {
      "id": "f6524d37e285f4c5ecf07ad71edea7bb",
      "author": "Yingnan",
      "time": "2022年03月25日 12:38",
      "content": "<p>李医师你好，最近大陆的防疫政策导致了一些急症患者无法就医导致死亡的情况，很难过。<br/>\n所以很想请教您分享一些急症的急救办法。<br/>\n比如什么针灸穴位和汤方。<br/>\n像心脏病，哮喘急性发作，胆结石肾结石疼痛，急性阑尾炎，等等。<br/>\n感谢！</p>",
      "level": 0,
      "highlight": false,
      "children": [
        {
          "id": "158fca696f0efb9c6cf3dbc8987aaf95",
          "author": "李宗恩",
          "time": "2022年04月11日 10:04",
          "content": "<p>急診不是一般人隨便下個針、喝個什麽湯方就可以搶救的，得找有經驗的專業中醫師。</p>",
          "level": 1,
          "highlight": true,
          "children": []
        }
      ]
    },
    {
      "id": "4c4119bfdfb498750d06e216a1a8dd0c",
      "author": "传承",
      "time": "2022年03月26日 05:21",
      "content": "<p>李博士，啥时候给我们讲解一下青年，青少年的白头发呀</p>",
      "level": 0,
      "highlight": false,
      "children": []
    },
    {
      "id": "13685e0ee1ce792faf1c4b4fd259aa1a",
      "author": "Andychan",
      "time": "2022年03月27日 02:37",
      "content": "<p>先要行醫,無奈非醫類科班出身,<br/>\n你行醫的最大夢想是什麼?<br/>\n“想考一個醫師執照!”</p>",
      "level": 0,
      "highlight": false,
      "children": []
    },
    {
      "id": "d74ccff693d18c9a86c3a5c6b451dd4e",
      "author": "亓官乘艺",
      "time": "2022年04月03日 20:44",
      "content": "<p>之前想入加拿大国籍的理由是想周游世界，现在想入加拿大国籍的原因是想拿到美国工签，成为诊所一员^ ^</p>",
      "level": 0,
      "highlight": false,
      "children": []
    },
    {
      "id": "5acf524a3afd69b4c11e564d74d4447e",
      "author": "李梁",
      "time": "2024年11月01日 09:00",
      "content": "<p>宗恩老师，曾经跟您一起直播出镜的叶医师至今还在您诊所看诊吗？个人感觉叶医生的看诊风格和您比较相似，哈哈</p>",
      "level": 0,
      "highlight": false,
      "children": [
        {
          "id": "0d5f7200a91c9e1bb8aef39d049896a3",
          "author": "李宗恩",
          "time": "2024年11月01日 10:59",
          "content": "<p>葉醫師多年前就自己開業了，也在舊金山灣區。</p>",
          "level": 1,
          "highlight": true,
          "children": []
        }
      ]
    }
  ],
  "page": 10,
  "order": 8,
  "filename": "data\\page10\\page10_order7_4c4119bfdfb498750d06e216a1a8dd0c.json"
}