{
  "article_url": "https://andylee.pro/wp/?p=3906",
  "title": "FM 96.1 : New Medicine －西方醫學最熱的話題",
  "content": "<!--[if lt IE 9]><script>document.createElement('audio');</script><![endif]-->\n<audio class=\"wp-audio-shortcode\" controls=\"controls\" id=\"audio-3906-1\" preload=\"none\" style=\"width: 100%;\"><source src=\"https://andylee.pro/wp/wp-content/uploads/2016/10/Drcase_20161018_510-548pm_30m34s-1.mp3?_=1\" type=\"audio/mpeg\"/><a href=\"https://andylee.pro/wp/wp-content/uploads/2016/10/Drcase_20161018_510-548pm_30m34s-1.mp3\">https://andylee.pro/wp/wp-content/uploads/2016/10/Drcase_20161018_510-548pm_30m34s-1.mp3</a></audio>\n<p>近幾年來西方醫學最熱的趨勢，從硅谷投資的技術上可見一斑： Artificial Intelligence (AI), Big Data, Virtual Reality (VR)，可是這些技術最終在醫療(Healthcare)上的成功應用卻寥寥無幾。 這一年來，西方醫學界一個新的領域正在不斷引起關注，那就是New Medicine（新醫學）的發展。新醫學主張增強病人的免疫系統，以達到自癒疾病的目的，而不是以侵略性的對抗方式，如吃西藥 ，開刀，殺死病毒、癌細胞等手段。西醫的這種在思維方式上對疾病認識以及治療方式的調整，將使中、西醫越走越近。</p>\n<p>我們來看一下用New Medicine治癒的兩個比較出名的案例。</p>\n<p>（一）卡特總統的皮膚癌， 此類癌症易傳入腦，而卡特總統確診時癌症已經擴散到了腦部，按照西醫的說法已屬於癌症晚期，但經過治療後，確診腦瘤已消失，連癌細胞也檢測不到了。雖然傳統的開刀化療都做了，但是九十幾歲的癌末病人按照傳統的治療方法治癒的可能性幾乎為零。此案特殊的地方在於病人使用了正處於實驗階段的新藥，該化學藥劑旨在加強病人的免疫系統，使身体失去平衡的地方重新恢复平衡，而並非針對癌細胞。</p>\n<p>（二）另一位病情危重的血癌患者是一個小女孩，西醫採取死馬當作活馬醫的治療方案，給她吃治療艾滋病的藥物（增強自身機體免疫力），患者昏睡了幾個月，昏睡期間全身長瘡長膿，排出了很多穢物，最後小女孩地血癌奇蹟般地治癒了。</p>\n<p>以上兩例危證的成功治療並不能簡單複製到其他的腦瘤患者和血癌患者上，主要原因在於西醫對免疫系統的定義較狹隘，主要指淋巴系統，而中醫所謂的平衡涵蓋面較廣，除了淋巴循環的水道平衡，還包括寒熱平衡，陰陽平衡等，只有針對個案進行辨證論治後，才有可能提高治愈率。</p>\n<p>下面我們來討論一下新近由於天氣劇烈變化導致的肺炎案例。</p>\n<p>肺炎是感冒以後寒入肺，肺寒時間久了影響津液的運作，繼而開始入裡化熱，出現炎症現象，例如白痰變為很濃稠的黃綠色痰、舌苔白厚變為干黃、原來是濕咳變成又干又痛的咳嗽。中醫祛了寒或熱後，咳就停止了，肺炎病毒也消失了，為甚麼呢？中醫所說的寒熱可以直接改變人的免疫系統嗎？當然可以。現在我觀察到的入裡化熱變化得很快，說明病毒變異得越來越凶悍。在病人馬上要或者剛剛入裡化熱的階段，我們通常是開去肺熱或肺寒兩種藥方，根據每天病人的舌頭和病情發展，我們要求病人服用不同比例的A、B方。熱去除後，只剩下寒症，患者感覺可能咳嗽情況更嚴重，實際上是病情好轉了。根據每天病人對病情的更新來調整肺的寒熱可以很快可以治癒肺炎，不需要殺病毒，只需恢復肺原來的平衡環境，然後讓免疫系統自己來殺該殺的病毒。</p>\n<p><span style=\"text-decoration: underline;\"><strong>熱線電話</strong></span></p>\n<p><strong>案例一：</strong>劉女士，最近回國得了肺炎，打吊針，吃了很多抗菌素，回美複查，燒退了，咳嗽也止了，但X-ray檢查肺部還有一小點，又服用一段時間的抗生素，胸透那一點還在。西醫建議作CT。剛才我看了自己的舌苔，真的很厚。</p>\n<p>說明肺部還沒有恢復平衡狀態，有可能肺寒或者肺熱沒有除盡，還有一些痰飲沒有去除，那一小點可以勉強理解為中醫的痰飲。服用抗生素殺病毒的時候，死掉的東西(痰飲)還殘存在肺裡。臨床上常看到得過肺炎的病人，一旦感冒很快就發展成肺炎，原因就在於上一次的肺炎並沒有完全治好。</p>\n<p><strong>案例二：</strong>張女士，四十好幾，更年期，右卵巢二十幾年已切除，過去兩個多月每一周多會來例假，三四天，雖然量不多，但是很疲倦，西醫說這和卵巢切除和更年期有關。</p>\n<p>根據西醫理論，兩邊卵巢原本交替工作，這個月一邊卵巢排卵，下個月換一邊排卵，所以切除一邊卵巢會影響月經。中醫認為子宮囊腫或肌瘤絕大多數都是因為心陽不夠強，熱無法下達，導致局部寒症，寒積久就造成陰實。卵巢囊腫實際上並不是很嚴重的問題，絕大部分為水囊，即使又固態的東西，也很容易去掉。 通常囊腫大於5公分西醫會要求切除，但切除卵巢並不能代表寒已去除，也不能解決心陽不強，小腸、子宮不夠熱的問題，而這些問題會導致其它一系列問題。張女士的問題就好比水庫的儲水功能不好了，有一點水就瀉掉了，所以就一直出血。我們擔心此類型病人在更年期後通常患乳癌的可能性比較大，我們建議張女士中醫治療，以免養虎為患。 因為缺失一邊卵巢，中藥調理後的經期雖然不會是28天，但是可以是有規律的來例假，不會因為長期失血造成血虛。</p>\n<p><strong>案例三：</strong>張女士，第一個問題是13歲兒子，中醫有沒有辦法讓其長高？第二個問題是本人每逢秋冬心跳減慢，中醫有沒有辦法治療？</p>\n<p>很多中醫會開增高丸補血補骨，其實未必有效。如果把小孩的脾胃治好，吸收就好了，身高長高也許能達到。小孩長不高的原因各有所異，需要看醫生。</p>\n<p>心臟問題治療會比較慢。心臟剛開始虛弱的時候，它的第一個反應是加快速度，因為提供的能量不足以供給各內臟，所以心臟剛開始會加壓加速，若還不能協調，心跳就會亂，這時如果病人還沒採取措施救心臟的話，心跳就會變慢。秋冬較冷，心臟病更容易發作，所以提醒大家要及早治療心臟方面的疾病。</p>\n<p><strong>（語音檔案由FM96.1電台提供，文章摘錄自語音檔案內容，部分文字略有異同，敬請見諒。）</strong></p>",
  "article_time": "2016年10月18日 17:38",
  "comments": [],
  "page": 42,
  "order": 2,
  "filename": "data\\page42\\page42_order1_b6e8edbbb24712a90234ae94cf52d75b.json"
}