{
  "article_url": "https://andylee.pro/wp/?p=6302",
  "title": "FM96.1：細思：癌症能“治好”麼? 您選擇治療方法所要的效果達到了麼？",
  "content": "<figure class=\"wp-block-audio\"><audio controls=\"\" src=\"https://andylee.pro/wp/wp-content/uploads/2019/10/S-20191001-细思：癌症能“治好”么？您选择治疗方法所要的效果达到了么？.mp3\"></audio></figure>\n<p><strong>（語音檔案由FM96.1電台提供，文章摘錄撰寫中，請稍加等待謝謝。）</strong></p>",
  "article_time": "2019年10月01日 19:50",
  "comments": [
    {
      "id": "45ddee774bc081f9a5551a42c70a688e",
      "author": "柴胡",
      "time": "2021年03月07日 23:12",
      "content": "<p>李医师你好，泻南补北法是什么意思？<br/>\n和虚则补其母，实则泻其子好像冲突？<br/>\n还有倪老师在针灸讲的正治法，肝有病，去实脾，然后补肾，让木生火达到正常。<br/>\n还有录音讲的肝癌，去实脾防住下一个城池，还有治金，让金去平木<br/>\n运用的差别是什么？<br/>\n根据疏通三焦和强心阳，是否可以在一年中的夏天喝点四逆汤和五苓散来预防癌症？<br/>\n谢谢</p>",
      "level": 0,
      "highlight": false,
      "children": [
        {
          "id": "904ae6b3923de91e023771ec22d511ee",
          "author": "李宗恩",
          "time": "2021年03月08日 13:31",
          "content": "<p>以前討論過，你可以搜尋一下。</p>",
          "level": 1,
          "highlight": true,
          "children": [
            {
              "id": "ba718afe12307a51c8eb83051512a2fe",
              "author": "柴胡",
              "time": "2021年03月09日 16:37",
              "content": "<p>好的，謝謝李醫師</p>",
              "level": 2,
              "highlight": false,
              "children": []
            }
          ]
        }
      ]
    },
    {
      "id": "9b2152958a6e03016efec023717906c8",
      "author": "Vincent.Do",
      "time": "2021年03月09日 04:03",
      "content": "<p>宗恩老师讲得非常好,不浮夸，实实在在临床。能够回归中医理论到临床，延长患者生命、改善患者生活品质，学会与疾病共存，是真正的中医精神！</p>",
      "level": 0,
      "highlight": false,
      "children": []
    }
  ],
  "page": 27,
  "order": 5,
  "filename": "data\\page27\\page27_order4_432cf5f487fd90fadaee31a39ed3ec31.json"
}