{
  "article_url": "https://andylee.pro/wp/?p=6241",
  "title": "乙型肝炎(Hepatitis B) 病毒數兩百多萬(HBV 2,000,000+ IU/mL)",
  "content": "<p>乙型肝炎(Hepatitis B) 一直是全世界都無法忽視的健康問題，世界衛生組織估計全世界至少有三億五千萬人感染乙型肝炎病毒(HBV) ，而華人可能是得到乙型肝炎比例最高的族群。</p>\n<p>一般而言，乙型肝炎病毒數超過兩千(2,000 IU/mL)，就應該立即治療，不然會導致肝功能受損，以及逐漸發展成更嚴重的病症如肝癌等。然而，經過數十年的醫學研究，即使在藥物治療丙型肝炎(Hepatitis C) 上已經有所突破，西醫藥一直仍無法有效治療乙型肝炎。和西醫相比之下，中醫治療乙型肝炎，卻一直都有很不錯的效果。</p>\n<p>前一陣子有一位年輕的女病人，特意從芝加哥飛來看診，她表示已經患有乙型肝炎很多年，家人中亦有乙型肝炎病患，而剛剛驗血發現病毒數超過五十萬，急著想辦法治療。</p>\n<p>中醫看診檢查下，病人確實肝挺不好的，我按照中醫看診的判斷，幫她開了藥方，讓她帶中藥回芝加哥天天服用。然而，病人覺得不可能常常請假飛來加州看診，又擔心遠距看診無法掌握病情，於是改去看芝加哥當地名氣很大的一位韓國來的女中醫。那位中醫不解釋治療方法，也不讓病人知道藥方細節，規定病人只能買他們自己製做的湯藥濃縮包，每天服用三包，還得每週回診下針，當然，費用也就相當可觀。病人跟我解釋後，我也不以為意，只要病情有改善，無論是誰看診的，都是件好事。</p>\n<p>沒想到，幾個月後，病人又從芝加哥飛來看診。病人表示，服用了那位韓國來的「名中醫」的湯藥濃縮包幾個月，不但沒有改善，乙型肝炎病毒數竟然飆高到兩百多萬(HBV 2,000,000+ IU/mL)！病人問我為什麼，這要我如何解釋？是不是要我開口罵人？算了，這樣的事情到處都有，中國大陸有很多在社群上宣傳很大的「名醫」，光掛號費就一千多人民幣，不包括看診費及藥錢，一天看幾十位到上百位病人，卻沒真的看好幾個重症、急症，公布出來的病例都是病人「感覺良好」，卻拿不出治療前後西醫檢測差異的證明。中國大陸及其它地方，還有很多所謂的「大師」，臨床沒看好過幾個複雜的病例，卻到處開課教中醫，學生被唬得一愣一愣的，以為學到了什麼秘訣，回去依樣畫葫蘆，結果看診亂七八糟，讓病人失去了健康和金錢，更奪走了病人寶貴的治病時機！</p>\n<p>當然，這不是病人的錯，大多數的病人並不了解中醫，在病急求醫下，很容易被花俏的宣傳、誇大的病例給矇騙。所以，我也沒怪這位芝加哥來的病人，重新幫她看診了一次，決定還是維持幾個月前的藥方，一味沒改，以柴胡、鬱金、黃芩、龍膽草、茜草、炙鱉甲為主，根據病人其它方面的症狀再配合其它中藥。</p>\n<p>病人服用中藥後，乙型肝炎病毒數很快的從兩百多萬下降到十萬多，危急程度大幅減少，而病毒數下降的速度比服用西藥快許多，卻沒有西藥的副作用。目前病毒數持續穩定下降，肝指數一切正常，中醫望聞問切的症狀也持續改善。</p>\n<p>最近世界知名的經濟學人雜誌(Economist)刊登了一篇文章，把中醫謾罵到不行，大力呼籲中國政府不要把虛假騙人的東西推向世界。我從在UC Berkeley念MBA開始，就很喜歡閱讀經濟學人雜誌，認為他們的分析比許多美國主流報章雜誌來的公正及深入，沒想到我尊重了十幾年的國際雜誌竟然把中醫踐踏在腳下蹂躪！然而，我們平心靜氣來想，這樣的詆毀是誰的問題？到處都是中醫的「偽大師」，從看診、產品、到教學等等，都是自我吹噓，拿些小伎倆來煽動大家，一般大眾們也沒有判斷力，只會跟著起哄、追捧，那麼我們如何能贏得世界主流媒體的尊重及信任呢？人重必從自重開始，讀者們務必看清，並提醒親朋好友不要被人牽著鼻子走，失去了健康和錢財，還向人磕頭叫「大師」、「老師」的。</p>",
  "article_time": "2019年10月04日 13:34",
  "comments": [
    {
      "id": "453a2dfa9095513359659d15dad8ee80",
      "author": "李晨",
      "time": "2019年10月04日 16:14",
      "content": "<p>中国就是你说的这种情况。我一开始得病的时候在网上就被骗过2100块。 庆辛的是身体没有出事，。有人出事了，报警也不管。  还有中医骗钱的，你想跟我学中医，就得交2万块，拜师费，然后一点点让学生交钱。其实学生什么也学不到。 比如，看病的医生没治好我，是不是代表我们之间没有缘分呢？这是一种治病看缘分。，倪师的著作在中国影响巨大，但也有人利用倪师骗钱，也有喷的，有些医生，治病看你不舒服就不理你了。病人又没有恶意。 得病的人本来面相身材就比较不好。医生看过经方医生也是一样。同样一个想法。反正别死在我手上。最近话多，讲的有点激动，由于在下身体一直不适，无法找到比较好的医生诊治，能和倪老师的指定亲传弟子聊天，接触不同的东西也是非常开心的，李博士带给我们的不仅是中医，其实更深的去思考，是一种新型的大脑运转，和启蒙的方式。</p>",
      "level": 0,
      "highlight": false,
      "children": []
    },
    {
      "id": "2f686290e13ab16a8806147007fd97f3",
      "author": "瑞芳",
      "time": "2019年10月06日 01:37",
      "content": "<p>一颗老鼠屎真的能坏掉一锅粥</p>",
      "level": 0,
      "highlight": false,
      "children": [
        {
          "id": "a98ab6abebffc69136be159691eb6095",
          "author": "andy",
          "time": "2019年10月08日 18:33",
          "content": "<p>問題還不只是一顆老鼠屎，而是一堆老鼠屎，或許比真的米粒還多。</p>",
          "level": 1,
          "highlight": true,
          "children": []
        }
      ]
    },
    {
      "id": "f3353155ec911cea570c3b6e66eef277",
      "author": "Jonson Ku",
      "time": "2019年10月09日 03:51",
      "content": "<p>李醫師，這個現象不僅在中醫界，而是遍布行業的角落，追求短。平。快。實現利益最大化為，目標。做大做強是大陸任何一個行業的CEO夢想實現的目標，但做久的目標，從沒想過。</p>",
      "level": 0,
      "highlight": false,
      "children": [
        {
          "id": "6486dd1f699046d667fee60c560acb95",
          "author": "andy",
          "time": "2019年10月22日 21:36",
          "content": "<p>這也不只是中國大陸了，連世界高科技重鎮Silicon Valley也變為如此，Stanford的學妹Elizabeth Holmes主導了世紀大騙局，一滴血檢驗出幾百種病症的Theranos公司，一個年輕人騙人就算了，為什麼那麼多知名人士及商業報導也被騙？這個大騙局為何可以延續了十多年？因為很多人都貪求近利，那些指出騙局的人反而被打壓！</p>",
          "level": 1,
          "highlight": true,
          "children": []
        }
      ]
    },
    {
      "id": "c7e77cac173de46dceb7165feb973163",
      "author": "李晨",
      "time": "2019年10月13日 05:49",
      "content": "<p>发了几天时间，每天看李博士的文章到晚上10点多，11点睡觉。大部分都看完了，少数没有，看久了眼睛痛。文章太多。<br/>\n问一下，有关病人服药问题，病在下焦空腹，上焦饭后，李医生也是这样的吗？倪师在人记里提出，水药如果有硫和金属污染，煮过后不会被病人喝进去。<br/>\n可大陆这边的中药，被硫熏过来的一抓一大把。<br/>\n我最近买了一个测硫的工具，每包中药都测。<br/>\n我倒担心吃中药，吃出肝肾衰竭了，</p>",
      "level": 0,
      "highlight": false,
      "children": []
    },
    {
      "id": "46f25c020f868633e2511d7b4b8e0880",
      "author": "出師未捷身先死",
      "time": "2019年12月03日 12:06",
      "content": "<p>很可惜的是中國大陸很多人捨近求遠，近在眼前便宜的中藥不用，偏要千里迢迢跑到印度購買丙肝藥，振興了印度的製藥產業。</p>",
      "level": 0,
      "highlight": false,
      "children": []
    },
    {
      "id": "493687824ade788a43bdbca74a75e989",
      "author": "周江浩",
      "time": "2022年03月27日 16:55",
      "content": "<p>李医师  您好<br/>\n我在中药群常常看到一名叫刘英宏的民间中医，在重庆大足行医，在群里的师承：研习倪师人纪多年，给群友发的某些病的理论也是倪师所讲的。我想说的关键问题是：这个医生动不动就发自己正在给某位癌症病患治病，尤其以肝癌居多，有时发了个治疗方，却是50多位中药，什么生附，炮附，石硫磺，柴4药，茜草，炙鳖甲，小柴胡汤，桂枝汤。   后续却没有，西医检查单也没有，就是自己说好了很多。他治癌的思路是倪师的精子月经逆流论，也提倡强心阳。但我看了老师您的文章后，发现治癌并不是那么轻松，而他却动不动提他给某人治癌，治好了。<br/>\n结论：这个医生是否有真材实料呢？</p>",
      "level": 0,
      "highlight": false,
      "children": [
        {
          "id": "68ffced428698f9d94fa3b5aed22de58",
          "author": "传承",
          "time": "2022年03月30日 03:05",
          "content": "<p>明显假的，一副药50多味中药</p>",
          "level": 1,
          "highlight": false,
          "children": []
        },
        {
          "id": "23d4705403d4db2e509963577f479381",
          "author": "李宗恩",
          "time": "2022年04月11日 10:07",
          "content": "<p>這樣的人士並非倪老師學生，只是在網上看盜版影片自己學習，往往只學到行而學不到神。藥方50多味藥，什麽都有，如果是倪老師學生，早就趕出師門了。</p>",
          "level": 1,
          "highlight": true,
          "children": []
        }
      ]
    },
    {
      "id": "42eb2ab2684310148ddd01cb96a393d9",
      "author": "周江浩",
      "time": "2022年03月27日 17:01",
      "content": "<p>而且也没看他发过急诊病例</p>",
      "level": 0,
      "highlight": false,
      "children": []
    },
    {
      "id": "70378f875974872f0db4f4205cfd0492",
      "author": "暗香疏影",
      "time": "2024年03月25日 02:30",
      "content": "<p>李博士这个病例只开了清肝的药，是不是因为还没发展到胆的问题，相关胆的症状还未出现？</p>",
      "level": 0,
      "highlight": false,
      "children": []
    },
    {
      "id": "35c4bab4bf6928e451ad504986c58b06",
      "author": "開心",
      "time": "2024年10月06日 16:21",
      "content": "<p>李醫師妳好，請教一個問題，非常感謝。B肝，DNA病毒指數高，但肝功能一直正常，從沒吃過西藥，因爲相信中醫，長期也在看中醫調理，睡眠各方麵都好轉。現懷孕，因爲事前有中醫調理，懷孕沒有明顯不適，肝功能也正常。西醫建議孕6個月開始吃西藥減少病毒指數，降低寶寶感染的幾率。擔心西藥會影響寶寶健康，又怕病毒指數高影響寶寶，很爲難。請問西藥是否吃呢？有什麼注意事項呢。本想預約您這邊的網診詳細諮詢，但估計等排到的時候寶寶已經出生，所以只好冒昧在這裡留言。非常感謝。</p>",
      "level": 0,
      "highlight": false,
      "children": [
        {
          "id": "d89d9f7140f4521c90ccf7a9d6c77b37",
          "author": "李宗恩",
          "time": "2024年10月07日 10:55",
          "content": "<p>本來應該在懷孕前好好清肝，把B肝病毒數量壓到最低或消失，現在已經懷孕了，不一定適合服用清肝的方劑，得要中醫師看你的情況來決定。</p>",
          "level": 1,
          "highlight": true,
          "children": []
        }
      ]
    }
  ],
  "page": 27,
  "order": 3,
  "filename": "data\\page27\\page27_order2_a98ab6abebffc69136be159691eb6095.json"
}