{
  "article_url": "https://andylee.pro/wp/?p=4433",
  "title": "FM 96.1：治療精神科疾病西醫有出路麼？我們還能做什麼？",
  "content": "<!--[if lt IE 9]><script>document.createElement('audio');</script><![endif]-->\n<audio class=\"wp-audio-shortcode\" controls=\"controls\" id=\"audio-4433-1\" preload=\"none\" style=\"width: 100%;\"><source src=\"https://andylee.pro/wp/wp-content/uploads/2017/08/drtalk-20170718-507-531pm-21m13s_converted.mp3?_=1\" type=\"audio/mpeg\"/><a href=\"https://andylee.pro/wp/wp-content/uploads/2017/08/drtalk-20170718-507-531pm-21m13s_converted.mp3\">https://andylee.pro/wp/wp-content/uploads/2017/08/drtalk-20170718-507-531pm-21m13s_converted.mp3</a></audio>\n<p>李醫師應邀於七月二十三日遠赴台灣參加一個公益演講，屆時將和與會者共同探討中醫在精神疾病方面的治療。這十年來，公眾越來越認識到精神科藥物對人體的副作用，但鑒於病人病情一旦發作，又沒有更為有效的治療方法，精神科醫生只能求助於現行的西藥，以暫時壓制病人的抑鬱甚至自殺傾向。一人患上精神類疾病，拖累的是一家人，不幸陷入泥沼不能自拔的患者，其痛苦他人並不能感同身受，因此外人也常常無法有效地给予他们帮助。據中醫古籍記載，中醫治療精神疾病效果顯著。這次主辦方舉辦此次公益講座的宗旨之一也是希望把中醫推廣給精神科的患者以及醫生，讓更多的人收益並摆脱痛苦。</p>\n<p>今天，我們有幸請到李醫師和我們稍稍分享一下他的演講內容，讓希望之聲的聽眾先聽為快。李醫師將結合自己的臨床案例和新近的幾則新聞，將中醫連結西醫主流，探討中醫在治療精神科疾病的方法。</p>\n<p>這幾年來越來越多的西醫研究證明：老年癡呆症、躁鬱症、帕金森症等精神類疾病實際是患者的腦部被破壞，找到的致病病毒並不是大腦原生的，而是來源於大腸。導致帕金森的病毒先是在患者的大腸裡潛伏十年左右，然後慢慢的影響到大腦。中醫認為：當大腸不能好好排便的時候，沼氣、毒素會累積在大腸裡，而大腸的靜脈血管連到肝臟，毒素會到肝臟讓其解毒，給肝臟增添負擔。現代人因為睡得晚，或者食用很多帶有化學添加劑的食品等諸多因素，影響了肝臟的健康，其解毒功能減弱，沼氣就容易進入血脈神經，到達腦部。上了年紀的人由於器官老化，肝臟解毒功能本就衰退，更容易患上腦部疾病。</p>\n<p>病例分享：一印度老太太，八十歲，常常失去控制打罵家人，不發病時可藹可親。丈夫生前會打她、打孩子，這兩年來老太太一便秘就發病，將兒子當作丈夫打罵，發洩怨氣，奇怪的是只要她一通便，馬上恢復正常，而且完全不記得自己發病的情形。由於生活拮据，老太太要跟著常常出差的兒子生活，一住在有霉菌的房子裡，立刻發病。因為肺和大腸互為表裡，肺的毒素排不了，大腸的毒素也發不了，大腸的沼氣入肝。病人曾因為右眼眼壓高，服用了西醫開的很重的降眼壓藥，損害了肝臟，被迫停藥，病人的肝臟解毒功能差，沼氣上達腦部，就發生精神病症狀。治療方向：清大腸，去沼氣，這位老太太對藥物的反應非常的快。</p>\n<p>第二則新聞是關於Thomas Insel，美國前任NIMH <strong>(the</strong> <strong>National Institute of Mental Health) </strong>負責人，在他領導NIHM十三年後（2002～2015）離開NIMH，加入Google Life Sciences 團隊，希望通過Google生命科學的前沿項目發現攻克精神疾病的一些線索。Thomas曾經表示他在NIMH任職的十三年中，花了政府100億，做了各種研究，試圖發現導致人類精神疾病的biomarker (可測量的生物標記), 優秀的研究報告發表了不少，但卻沒有找到能用的biomarker。在Google沒能得償所願後，他離開了Google ，於2017年5月加入一家創業公司Mindstrong Health (A輪融資一千四百萬美元)，該公司想通過用戶和手機的文字交互找到線索治療憂鬱症。相比西醫研究和走在科技最前沿的創業公司，中醫在精神疾病的理論上顯然嚴謹許多。早在兩、三千年前我們的老祖宗就提出人的精神疾病與人的生理和心理有關， 人的五臟對應人的五志、（如下圖示），為精神疾病的治療提供了方向和方法。</p>\n<table>\n<tbody>\n<tr>\n<td width=\"44\"><strong>五臟</strong></td>\n<td width=\"49\">肝</td>\n<td width=\"49\">心</td>\n<td width=\"49\">脾</td>\n<td width=\"49\">肺</td>\n<td width=\"49\">腎</td>\n</tr>\n<tr>\n<td width=\"44\"><strong>五志</strong></td>\n<td width=\"49\">怒</td>\n<td width=\"49\">喜</td>\n<td width=\"49\">思</td>\n<td width=\"49\">悲</td>\n<td width=\"49\">恐</td>\n</tr>\n<tr>\n<td width=\"44\"><strong>五神</strong></td>\n<td width=\"49\">魂</td>\n<td width=\"49\">神</td>\n<td width=\"49\">意</td>\n<td width=\"49\">魄</td>\n<td width=\"49\">志</td>\n</tr>\n</tbody>\n</table>\n<p>舉例來說，常常發怒的人，肝臟不好，而肝臟不好又會加劇焦躁、易怒的情緒，時間久了，會傷及腎臟（子病及母），而腎主恐，病人會感到害怕，任由病情發展下去，病人就會有自殺的傾向。</p>\n<p>結語：面對當下有嚴重副作用的主流精神疾病藥物，建議醫生和患者不妨試試更為嚴謹有效的中醫療法，當然找到好的中醫師是前提。</p>\n<p><strong>（語音檔案由FM96.1電台提供，文章摘錄自語音檔案內容，部分文字略有異同，敬請見諒。）</strong></p>",
  "article_time": "2017年07月18日 18:16",
  "comments": [
    {
      "id": "9dfd7b4bd14059a250de237756b7aa62",
      "author": "正悟",
      "time": "2019年12月09日 20:49",
      "content": "<p>表格里，应该 肝主魂，肺主魄吧，笔误了。</p>",
      "level": 0,
      "highlight": false,
      "children": [
        {
          "id": "6337800e2d60cc6e0462348faab50b5a",
          "author": "andy",
          "time": "2019年12月09日 22:04",
          "content": "<p>是的，診所同仁工作繁忙，整理廣播內容時，偶爾會筆誤，謝謝指正！</p>",
          "level": 1,
          "highlight": true,
          "children": []
        }
      ]
    }
  ],
  "page": 38,
  "order": 5,
  "filename": "data\\page38\\page38_order4_b8d68001dfbbf46aa31b6b2de3be725b.json"
}