{
  "article_url": "https://andylee.pro/wp/?p=4877",
  "title": "又一個西醫健檢正常卻突然心肌梗塞死亡的病例",
  "content": "<p>昨天來了一位許久沒來看診的病人。她告訴我說，之前她月經不調的問題，看診了兩次後沒事了，一直到最近幾週，月經又有問題了，同時也失眠及恐慌。她說她知道問題的原因，一位和她很親近的友人，突然心肌梗塞過世了，讓她非常難過，導致她原本正常的身體又開始有問題了。</p>\n<p>這位女病人解釋到，她這位友人，半年多前心臟有些緊痛，胸口悶悶的。她要他來找我看診，然而，這位友人不相信中醫，即使知道我這位女病人被治療的不錯，也不願意看中醫。兩個多月前，這位友人去西醫那做全身健康檢查，被認為一切正常，心臟也沒有問題。結果，幾週前這位友人去外地出差，大概過度勞累，回到舊金山灣區的第二天，突然心肌梗塞，來不及急救就過世了。</p>\n<p>很多人過度依賴西醫的數據，卻忽略自己身體發出來的警訊。那些警訊在中醫而言，已經是很明顯的症狀，也已經可以依據那些警訊來知道身體內部的問題所在，及早治療，以免問題繼續加深。</p>\n<p>另一方面，也有許多人明明看到中醫明確的療效，卻依然認為中醫是不科學的、不可靠的。我有一位病人，手指關節炎挺嚴重的，好幾個關節都腫大、疼痛、關節變形、活動不便，西醫認為即使動手術也不會改進。服用中藥三個月左右，手指關節幾乎完全不痛了，關節消腫，手指也可以正常活動了，甚至幾個變形的關節也開始逆轉，好幾個像小石頭的凸點消了，其它凸點也開始變軟、變圓滑。這位病人很高興的給別人看他的手指，解釋他的中醫治療經驗給他們聽，然而，就是有朋友堅持西醫認為手指關節炎是無法逆轉的、沒有解決的辦法，即使活生生的證明擺在眼前，也不願意去看清楚、去了解。</p>\n<p>科學的精神，在於面對自己不了解、不能解釋的事情時，願意深入去探討、去研究，而不是當事情與原有的認知有所衝突時，就轉過身來，高傲的說「那是不可能的」…..</p>",
  "article_time": "2018年06月23日 22:16",
  "comments": [
    {
      "id": "d3c65ee18e00511d1b86b660479a8660",
      "author": "Ferry瑞芳",
      "time": "2018年06月24日 01:56",
      "content": "<p>I think if  someone  know  little about chinese  classic wisdom( traditonal culture＆history),it  will be  very  hard  to  let/force  him/her  to  learn/study  know-how  about chinese  medicine,although  the research cost  will be the  lowest.</p>",
      "level": 0,
      "highlight": false,
      "children": []
    },
    {
      "id": "eab3ebc5bd877a5127ccdedd6eb6ca17",
      "author": "魯豆腐",
      "time": "2018年06月25日 18:58",
      "content": "<p>許多的人喜歡聽到西醫用機器判讀出來的數據說沒怎樣就認為真的沒事，然後就天真的以為自己還不錯，完全不會想找高明些的中醫做 double check。中國老祖先的智慧財產已快被糟蹋到歷史的垃圾堆去了，絕少有智慧的現代人真的相信中醫和中藥才是能根治疾病的，令人痛心至極。</p>\n<p>至少倪先師有大智慧願出來留傳古經方中醫的火種，先祖的遺產得以保留延續至今。西醫有計劃的消滅中醫，讓世人看不見中醫之美之好，也罷！該按照命走的也留不住，畢意有智慧的人真的不多！</p>",
      "level": 0,
      "highlight": false,
      "children": [
        {
          "id": "27a9868f8d53031f71d1ff66ec8dcc09",
          "author": "大頭",
          "time": "2018年06月27日 12:43",
          "content": "<p>知識果然是障礙.太過執著者與迷信無異</p>",
          "level": 1,
          "highlight": false,
          "children": []
        }
      ]
    },
    {
      "id": "536840c22bd6272e0b1c3a08a8fa9249",
      "author": "Jonson Gu",
      "time": "2018年07月05日 12:01",
      "content": "<p>李医师，您好。说个很好玩的医案。是发生在我自己身上，夏天睡觉，吹空调。半夜3点大便，4点再次大便（稀），伴有腹痛，早上起来感觉身热。用桂枝汤加倍白芍 再加葛芩连（剂量很小）。等药下锅后，想起，葛芩连用在热痢，腹部受寒大便没味是寒痢。等2碗药喝完了，中午时分下痢停止，只是还有身热的症。等全部喝完后，所有的症状基本消失。与朋友聊天，说起这个医案，他问寒痢用葛芩连？我忽然想到，肠胃是寒的，葛芩连是寒的，负负得正，寒过头热自然会回头，所谓的阴阳是圆的，阴的尽头是阳。再配上桂枝把心火导入小腹，阳一起来，就治愈哦。</p>",
      "level": 0,
      "highlight": false,
      "children": [
        {
          "id": "cda3cee4dbb136f74ca3737fbd7f5d50",
          "author": "andy",
          "time": "2018年07月05日 09:46",
          "content": "<p>這並不是負負得正。寒痢通常反應少腹寒涼，消化不完全的食物會腐壞，許多情況下是會加入大黃、黃芩、黃連、黃柏等，臨床上常如此使用，重點在於劑量的選擇。你這次使用桂枝加芍藥湯，是太陽太陰並病常用的方劑，加入少量的葛芩連湯，正好加強方劑的解毒功能，雖然你以為把寒痢熱痢搞混了，其實正好對證。</p>",
          "level": 1,
          "highlight": true,
          "children": []
        }
      ]
    },
    {
      "id": "ddb94b063641c4891f7bb243ef6a769f",
      "author": "出师未捷身先死",
      "time": "2019年11月26日 19:21",
      "content": "<p>李博士很想請教一下你給你的病人使用的治療關節炎的中藥是烏頭桂枝湯麼？還是烏頭湯？一直被手指關節炎這個問題困擾</p>",
      "level": 0,
      "highlight": false,
      "children": [
        {
          "id": "6346368a7a13d17510c586475ca7b562",
          "author": "andy",
          "time": "2019年11月26日 20:44",
          "content": "<p>烏頭桂枝湯是一個重要的方向，然而，臨床看診並非只拿某個方劑來對應某個病名，方劑就像空手道的招式，是用來學習用的，如果只是套用招式，那麼真的打架時大概馬上就被打倒在地上，反過來說，是應該充分了解每個招式背後的道理，平時多練習熟悉，融會貫通，真的打架時，並非想著各個招式，而是知道該如何結合及改變許多招式來直接面對敵手。</p>",
          "level": 1,
          "highlight": true,
          "children": []
        }
      ]
    }
  ],
  "page": 34,
  "order": 5,
  "filename": "data\\page34\\page34_order4_cda3cee4dbb136f74ca3737fbd7f5d50.json"
}