{
  "article_url": "https://andylee.pro/wp/?p=4750",
  "title": "中醫治療動物",
  "content": "<p>三不五時，網頁、臉書、診所、私人電郵就會收到中藥及針灸治療狗貓的諮詢或求助，雖然我幫助過不少狗狗，自己家裡也一直有養大型犬，對狗的各種問題並不陌生，然而，我畢竟不是動物專家，無法真的提供什麼意見，最多只能把治療人的方法延伸到動物上，試一試運氣罷了。</p>\n<p>因為如此，我特意請教這方面的專家們，最主要的請教對象是林祥坦獸醫師 （台北皮皮動物醫院院長、中華傳統獸醫學會常務理事 ），我常常在臉書上看到林醫師精彩的狗貓病例，很佩服他及他的同事們，竟然可以讓狗貓乖乖的下針，讓他們的症狀很快緩解！</p>\n<p>林醫師告訴我，在很多地方都有以中醫方式來幫助動物的獸醫院，大家也成立了許多學會，譬如中華傳統獸醫學會 、亞洲傳統獸醫學會等等，在美國也有專門教導動物針灸的學校，譬如Chi Institute of Traditional Chinese Veterinary Medicine (www.tcvm.com），根據他們的網頁，韓國、澳洲、南非、印尼、西班牙、哥斯大黎加等地方，也都有動物針灸的臨床治療。而美國歷史悠久的獸醫大學也開始關注如何把針灸融入他們的課程內。</p>\n<p>而在使用中藥來治療動物的方面，普及情況可能比動物針灸少很多，目前多半還是以華人地區為主，還沒有國際化。不過，數據顯示，許多國家的家庭在寵物上的平均花費，每年都在成長，大家越來越願意花大筆經費來照顧自己的寵物，這也給了中藥一個很好的機會，更可以很便宜的幫助到更多的動物。</p>\n<p>有需要的讀者們，可以從上面的資訊開始搜尋，應該可以就近找到專家來幫助家裡的寵物們。</p>\n<p> </p>",
  "article_time": "2018年02月21日 17:36",
  "comments": [
    {
      "id": "156df46fa67096024639f892b4e910f6",
      "author": "jonsongu",
      "time": "2018年03月17日 22:22",
      "content": "<p>李医师，李敖先生仙逝，https://udn.com/news/story/7314/3037623  乃本人所敬佩之华夏儿女，从医者角度而言，此症是否用中医治疗，比西药会更好呢，谢谢。</p>",
      "level": 0,
      "highlight": false,
      "children": [
        {
          "id": "2a91e5d43f29f80c6efda056e4f9b496",
          "author": "andy",
          "time": "2018年03月19日 11:54",
          "content": "<p>末期腫瘤都不好治療，雖然我幫助過腦瘤的病人，也有不少不錯的病例，我們無法保證李敖先生用中醫治療是否可以繼續存活下去，但是，我個人覺得如果一開始就以中醫主治，或許是比較好的決定。</p>",
          "level": 1,
          "highlight": true,
          "children": []
        }
      ]
    },
    {
      "id": "5bec85532c1379298ca41578de09c7ad",
      "author": "王彦强",
      "time": "2018年03月18日 22:53",
      "content": "<p>听说曾仕强先生也患癌症了，接受了化疗，最近又在接受中医调理，不知道是不是经方大家帮他治疗？</p>",
      "level": 0,
      "highlight": false,
      "children": [
        {
          "id": "9d47c38aba8b1b05f0138a4b5d66ff71",
          "author": "andy",
          "time": "2018年03月19日 11:56",
          "content": "<p>我不清楚曾仕强先生的情況。</p>",
          "level": 1,
          "highlight": true,
          "children": []
        }
      ]
    },
    {
      "id": "127d0eb469fb66e8840f676ce1db06f6",
      "author": "Sophia Li",
      "time": "2018年10月21日 16:41",
      "content": "<p>请问，林医师的脸书地址可以公布一下吗？家猫肾病，很想了解这方面的知识。先谢过</p>",
      "level": 0,
      "highlight": false,
      "children": [
        {
          "id": "5ac89ad3524424b66912f1be930d8186",
          "author": "andy",
          "time": "2018年10月26日 13:20",
          "content": "<p>我不知道他的臉書，你可以上網查詢他的診所資料。</p>",
          "level": 1,
          "highlight": true,
          "children": [
            {
              "id": "e9ccb35edf379b0fa8f545a8c95a7979",
              "author": "Sophia li",
              "time": "2018年10月28日 12:33",
              "content": "<p>Thanks</p>",
              "level": 2,
              "highlight": false,
              "children": []
            }
          ]
        }
      ]
    },
    {
      "id": "7bb2427f22a6a321ea2cec8ec2c96d20",
      "author": "Yingnan",
      "time": "2022年12月29日 23:41",
      "content": "<p>李博士你好！<br/>\n我的小猫得了猫瘟，在宠物医院住院2天，打针输液后，各项指标反而下降，身体状态也大不如前，所以立刻决定出院。猫瘟是叫FPV（Feline panleukopenia virus），会攻击猫咪的肠胃系统的表皮细胞和骨髓干细胞，导致白细胞急剧减少。</p>\n<p>猫咪现在出院以后，因为我也自学倪海厦老师的教材，仔细观察了下猫咪的症状，他5天没有大便，不吃，不喝，舌苔很黄，嘴里流涎水，鼻子也流出来，导致他无法睡眠一放松就会被反逆上来的水呛到。因为5天没大便，而且看症状是热症，所以决定使用开塞露强行排便。使用20ml以后出现排便，有很硬的小颗粒，还有粘稠的脓血痰液的物质。排出后想喝水，但是因为消化道可能被攻击溃疡，无法自然喝水所以一直站在水碗旁边很可怜，我给他强伺了5%葡萄糖液。</p>\n<p>我目前判断他是肠痈了，大便堵到，反逆到嘴的感觉，想对他使用大黄牡丹皮汤，但是又在犹豫大承气汤。<br/>\n所以我的问题是:<br/>\n1 他不配合服药，可不可以直接从直肠给药？<br/>\n2 眼睛相对于昨天开始发黄，出现黄疸现象，如果想处理需要主方加减什么药材呢？</p>\n<p>万分感谢！<br/>\nYingnan</p>",
      "level": 0,
      "highlight": false,
      "children": [
        {
          "id": "cc50dc3e419950f27bf81a99c008f524",
          "author": "李宗恩",
          "time": "2022年12月30日 10:11",
          "content": "<p>我不是獸醫，也不在網上真的個案一一討論回答。</p>",
          "level": 1,
          "highlight": true,
          "children": []
        }
      ]
    }
  ],
  "page": 35,
  "order": 8,
  "filename": "data\\page35\\page35_order7_7bb2427f22a6a321ea2cec8ec2c96d20.json"
}