{
  "article_url": "https://andylee.pro/wp/?p=7823",
  "title": "FM96.1：傳統經方治癒新冠肺炎患者已出院",
  "content": "<figure class=\"wp-block-audio\"><audio controls=\"\" src=\"https://andylee.pro/wp/wp-content/uploads/2020/04/S-02122020傳統經方治癒武漢“肺炎”患者已出院.mp3\"></audio></figure>\n<p>（ 語音檔案由FM96.1電台提供，文章摘錄撰寫中，請稍加等待。謝謝。）</p>",
  "article_time": "2020年02月02日 17:39",
  "comments": [
    {
      "id": "7894032348e5d626afef008cba5b6c97",
      "author": "出師未捷身先死",
      "time": "2025年04月15日 20:16",
      "content": "<p>前車之覆，後車之鑒。2003年已經爆發過一次SARS大流行，那時候已經造成了風聲鶴唳草木皆兵的效應，稍微有一點風吹草動西醫就如臨大敵。當時中國大陸的學校要求每天測量體溫，體溫不正常就需要上報。2003年西醫沒有吸取教訓，對於中醫經方半信半疑嗤之以鼻，這爲2019年末爆發新冠大流行埋下了伏筆。</p>",
      "level": 0,
      "highlight": false,
      "children": []
    },
    {
      "id": "9c5fd575ed87c64d5bd157ebd92d8bc5",
      "author": "出師未捷身先死",
      "time": "2025年04月15日 21:03",
      "content": "<p>倪海廈倪師一直在强調一個人要有常識Common Sense，新冠大流行期間美國民主黨左瘋政府采取封城措施强制美國民衆居家隔離佩戴口罩接種所謂安全有效的mRNA疫苗，左瘋民主黨邪教狂熱信徒竟然對這種違背常識的荒謬舉措拍手叫好。防民之口，甚於防川。爲了對抗美國民衆傳播抵制疫苗的虛假信息，美國左瘋民主黨政府大興文字獄，對於美國民衆的網絡言論大肆進行審查。這種一刀切one-size-fits-all的政策讓很多美國民衆感到憤怒，很多人不惜辭職也不接種西藥厰推銷的mRNA疫苗。如今民主黨邪教左瘋信徒在民主黨輸掉大選之後仍然沒有幡然醒悟，其中毒之深，可見一斑。</p>",
      "level": 0,
      "highlight": false,
      "children": []
    }
  ],
  "page": 24,
  "order": 1,
  "filename": "data\\page23\\page23_order10_d31b36f321f4df46d66861e434377c00.json",
  "timestamp": 1745467391.0368266
}