{
  "article_url": "https://andylee.pro/wp/?p=7210",
  "title": "通許人民醫院治好兩個新冠肺炎確診病例 受到政府高度關注",
  "content": "<p>我剛剛接到通許人民醫院發來的消息，經過政府疾病控制中心確認，兩個病例確診為新冠肺炎，在經方中醫的治療下，兩位新冠肺炎病人已經康復，目前受到河南省衛生當局高度關注，並通報中央。</p>\n<p>通許人民醫院感染科所有醫護人員，在湯英主任的帶領下，已經近十天24小時在隔離病區工作，楊貞醫師、娄副院長、奈院長全力付出，成功的救治許多疑似新冠肺炎的病人，其中兩位病人已經確定為新冠肺炎，其他病例仍在確診中。</p>\n<p>雖然中醫講求辨證論治，每個病人都不一樣，猛烈的疫病卻表現出某種程度的一致性，畢竟，不管病人身體某項功能是強還是弱，猛烈的疫病一樣直搗黃龍，難以抵擋的摧毀它想要摧毀的功能。如我之前的文章「<a href=\"https://andylee.pro/wp/?p=7169\">從非典到新冠肺炎</a>」所言，在萬變之中，有些脈絡可循。這次通許人民醫院治好的兩位確診病例，主要藥方為大青龍湯、澤漆湯、茯苓四逆湯組合加減。而楊貞醫師也整理了目前治療疑似新冠肺炎病例的脈絡，輕症病人大多是三陽並病，以葛根湯、小柴胡湯、白朮茯苓加減為主。一旦病開始入陰，出現高燒、咳嗽、或呼吸不順等等症狀時，改以大青龍湯、射干麻黃湯、白朮茯苓加減為主。目前接到的眾多病例都穩定好轉，院方每天將用藥及病人情況上報給河南省衛生主管單位，受到高度關注與肯定。</p>\n<p>誠心希望經方中醫能幫助中國大陸及全世界快速控制新冠肺炎疫情，更對通許人民醫院全體醫療人員的全力付出，表示最高的敬意，「倪海廈中醫教學培訓基地」已經在那裡開花結果了！</p>\n<p></p>",
  "article_time": "2020年01月27日 19:57",
  "comments": [
    {
      "id": "d867dd500308b806253e60fd383e3974",
      "author": "JonsonKu",
      "time": "2020年01月27日 20:30",
      "content": "<p>李醫師，點N個贊。如果沒有倪老師和他的弟子，古經方很難落葉歸根。倪老師的歌《我的夢》會在中國大陸實現。加油！李醫師與眾多的倪老師的弟子。</p>",
      "level": 0,
      "highlight": false,
      "children": [
        {
          "id": "ca32da86890dd622729148c59ba3af1c",
          "author": "andy",
          "time": "2020年01月28日 19:44",
          "content": "<p>感謝你的支持與鼓勵。</p>",
          "level": 1,
          "highlight": true,
          "children": []
        }
      ]
    },
    {
      "id": "9c2e8244d2484144502f95a7fb12f520",
      "author": "陸仁賈",
      "time": "2020年01月27日 20:48",
      "content": "<p>希望能透過這次展現出中醫真正的實力, 另外問下李醫師, 除了避免外出接觸病菌, 作息正常外, 中醫是否有什麼可以預防疫病的方式嗎?</p>",
      "level": 0,
      "highlight": false,
      "children": [
        {
          "id": "7242b3f8f25a3c00cf8a6b87fdbc76d1",
          "author": "andy",
          "time": "2020年01月28日 19:47",
          "content": "<p>如果肺家本來就有些問題，譬如長年抽煙，最好提前先治好。另外，五苓散利水，有助於身體抵抗外邪的能力。</p>",
          "level": 1,
          "highlight": true,
          "children": []
        }
      ]
    },
    {
      "id": "dfc932c5adb3371ce5865c0748a218bd",
      "author": "瑞芳",
      "time": "2020年01月28日 03:13",
      "content": "<p>好！好！好！</p>",
      "level": 0,
      "highlight": false,
      "children": []
    },
    {
      "id": "e4721b266ed7e0c8037a438b7284a2b5",
      "author": "罗瑞芳",
      "time": "2020年01月28日 03:15",
      "content": "<p>武汉加油！中医加油！中国加油！</p>",
      "level": 0,
      "highlight": false,
      "children": []
    },
    {
      "id": "e3fc604bb05cb29a0b284d3b4dd7d8b2",
      "author": "hide77625",
      "time": "2020年01月28日 21:01",
      "content": "<p>希望仝小林能看到。</p>",
      "level": 0,
      "highlight": false,
      "children": []
    },
    {
      "id": "99fed15dc7f15c78059f1f8130afea08",
      "author": "郑芸清",
      "time": "2020年01月29日 02:37",
      "content": "<p>请问在此次疫情中高血压老人会是易感人群吗？我妈妈高血压高血糖，现在不吃药头就会晕，明知道西药这样吃下去不但不会好还会引起别的问题，无奈找不到能治的中医，大多都是像倪师所说那样的中医生，请问李医师在那坐诊能帮老人家看看吗</p>",
      "level": 0,
      "highlight": false,
      "children": [
        {
          "id": "1e1f2c2c69ced607192d38f3ae5d58ee",
          "author": "andy",
          "time": "2020年01月30日 11:39",
          "content": "<p>目前沒有辦法評估高血壓病人是否更容易得到武漢肺炎。我的診所在美國加州。</p>",
          "level": 1,
          "highlight": true,
          "children": []
        }
      ]
    },
    {
      "id": "67e98f5ae6069179cb9653f12365e636",
      "author": "monkey50331",
      "time": "2020年01月29日 03:23",
      "content": "<p>入阴的意思是说“伤阴”吗？泽漆汤里面的紫蔘跟泽漆现在能用什么药代替呢？</p>",
      "level": 0,
      "highlight": false,
      "children": [
        {
          "id": "477e4f35d55e3c4e7dd314b0226ccebf",
          "author": "andy",
          "time": "2020年01月30日 09:48",
          "content": "<p>楊貞醫師的意思是，病進入到三陰了。紫蔘用紫菀代替，澤漆是大戟。</p>",
          "level": 1,
          "highlight": true,
          "children": []
        }
      ]
    },
    {
      "id": "f81ee239e1b91f500dcc6d30ea60b241",
      "author": "远志",
      "time": "2020年01月31日 04:00",
      "content": "<p>尽早应用，祖国会少走很多弯路</p>",
      "level": 0,
      "highlight": false,
      "children": []
    },
    {
      "id": "cc8913d1c7fa14f716ba9665c7f321a2",
      "author": "skywalker999",
      "time": "2020年02月01日 14:58",
      "content": "<p>您好！李医师，通许县所属的开封市卫健委官网上公布的数据，只提到通许县确诊的两例病例，但截止2月1号整个开封市的治愈人数为0. 开封市卫健委的链接为 <a href=\"http://www.kfwsjsw.gov.cn/news/wsxw/20200201/8330.html\" rel=\"nofollow ugc\">http://www.kfwsjsw.gov.cn/news/wsxw/20200201/8330.html</a> 。我想表达的是，我们应严谨一点而不要让有心之人认为我们在吹捧或是夸大。感谢您为传承中医所做的贡献！</p>",
      "level": 0,
      "highlight": false,
      "children": [
        {
          "id": "af607da3075cc87263868c9b7f379298",
          "author": "andy",
          "time": "2020年02月02日 20:55",
          "content": "<p>這其中有許多非醫學的因素，病人兩次基因核酸檢測陰性，達到國家嚴格的痊癒標準，然而，層層政府做事不一定從醫學的角度來優先考量，再等一陣子就會上官網，然後我們會找機會告訴大家背後的故事。</p>",
          "level": 1,
          "highlight": true,
          "children": [
            {
              "id": "3129816c0639288ee73828237d86904b",
              "author": "Michelle",
              "time": "2020年02月21日 01:28",
              "content": "<p>期待Andy分享背后的故事~</p>",
              "level": 2,
              "highlight": false,
              "children": []
            }
          ]
        }
      ]
    },
    {
      "id": "b51f40a0b2ebcf716f66d8c6ea15d14b",
      "author": "远志",
      "time": "2020年02月05日 06:09",
      "content": "<p>泽漆不是常山苗吗？</p>",
      "level": 0,
      "highlight": false,
      "children": [
        {
          "id": "7155009fb4276660de90284caea665b3",
          "author": "andy",
          "time": "2020年02月05日 13:47",
          "content": "<p>澤漆，大戟科大戟屬植物，為大戟植物地面上的部份，常山苗常常拿來代替大戟。</p>",
          "level": 1,
          "highlight": true,
          "children": []
        }
      ]
    }
  ],
  "page": 24,
  "order": 3,
  "filename": "data\\page24\\page24_order2_9c2e8244d2484144502f95a7fb12f520.json"
}