{
  "article_url": "https://andylee.pro/wp/?p=6535",
  "title": "學生跟診心得 – Sophia Y.",
  "content": "<p><strong>學生：</strong>Sophia Y. </p>\n<p>今次飞到加州，见到了李宗恩老师。非常感谢李老师，同意我与另一位学生跟诊半天，得以见识到大医诊治的风采。</p>\n<p>在明亮的大窗前，一株宽叶子橡皮树，给宽敞得有些空旷的诊所前厅，带来盎然的绿色生机，给心里也装点上了生机。一边是一排书柜，中间是L形白色的长沙发，另一边靠墙是会议桌与整齐的椅子。墙上挂着一幅工整的字画。</p>\n<p>跟诊心得：</p>\n<p>治病先治神。李老师对病人的态度，轻松幽默，不时地开玩笑，给病人的感觉是：没什么了不起的，有李老师在，天塌不下来，一切都会好起来的。</p>\n<p>望闻问切。</p>\n<p>问：无论是新病人还是老病人，李老师都会问诊，用一张表格，一项项地对照，吃饭睡觉大小便几次，女子月经周期，男子晨勃，等等，认真地问，认真地记录。让我知道有条理问诊的重要性。</p>\n<p>切：李老师给病人把脉时，是两手的脉同时把，比较左右。他能把出孕脉，甚至怀男怀女。</p>\n<p>舌诊：每位病人都要伸舌头看</p>\n<p>眼诊：每个病人，李老师最后都要用一个小手电筒，斜照病人的眼睛，眼诊，对照之前的望闻问切，心肝脾肺肾，各个反射区在眼部的反应。以此进一步确诊。李老师非常细心，为了我们能够理解，他特意在纸上画了黑眼珠各部位的反射区。</p>\n<p>我以前曾经看过不问诊，把脉后直接开方的中医，以为这位中医太神了，什么都不问他就知道一切。其实这是误导。有时脉与病并不相符。经过半天的跟诊，知道为什么只把脉是不够的，要配合望诊问诊和眼诊，才能够对病人的全面的情况有整体的把握。并且，和病人聊聊，也是一个树立病人治愈的信心的过程。</p>\n<p>而且，倪师有说过，有时病人一句话，就可以断病了：一个晚起夜8次，是小肠冷下焦寒。</p>\n<p>针：每一个病人，在李老师这里都是针药同治，作为医生是很累的，但对病人能达到最大的治疗效果。每位病人的配穴都不超过10个。为什么不超过10个，因为扎针是要调动人的气血来治疗，每个人的气血是有定量的。就好象你有100斤米，你分配给10个人，还是分配给30个人，每个人分到的多呢。</p>\n<p>并且，扎的穴位少，医生就更要精准地判断问题在哪里。好象家里的下水道堵了，庸医不知哪里堵了，只能把所有的管道都通一遍，扎上30-50根针，把病人扎得象刺猬，把病人的气血全部耗掉累个半死。而良医则精准判断出堵在哪里，集中火力只攻这几个部位，高效又省力。</p>\n<p>几年前我不懂中医的时候，也是希望医生给我多扎几针，似乎心里才踏实。现在才明白，少而精准，才是最好的。</p>\n<p>下午的病人不少。幸运的是，所有的病人都同意跟诊。我记下几个我印象深刻的病人与病例。</p>\n<p>1. 乳腺癌：</p>\n<p>这是一位知性的短发女子，面容干净姣好气色不错。她右乳明显比左边要大，是乳腺癌。诊后我与她聊天，她很平静。几年前，她右乳长了2个指甲盖大的肿物，当时没当回事，也没管。去年快绝经了，忽然就疯长，很快就变得很硬，突出一个尖头。她让我摸了一下，真的很硬，象螃蟹壳一样盖在乳房上。她说:”我给你看看我的照片，比较吓人哦。”我说，”不怕，我见过很多吓人的照片“。当我看到照片与视频时，心里仍然一惊：一个视频，是她的右乳上端，血象小男孩撒尿似的喷出来。她说每天这样喷，喷半个小时，停住后才能包扎起来，流这么多的血，来的时候人都快虚脱了。照片，是突出在乳房上端的带颜色的菜花样的肿瘤。她胆子很大，没有做任何的现代西医诊治。</p>\n<p>她一个人从地球的另一端飞来旧金山，租房子住一个月。已经在李老师这里吃了18付药了。血早已止住不再流，伤口在收拢，肿瘤没有再长大，现在在向上端集中。</p>\n<p>我以前以为，如果乳腺增生肿块不大说明问题不大。从这位病人的历史可知，不可疏忽，一定要早治。没有看到李老师开的药方。李老师给她针了：三皇穴（排水排垃圾）+血海。</p>\n<p>她的态度始终平和，不悔过去，不畏将来！她说，希望能康复，最少与瘤共存。</p>\n<p>真的坚强。没人能靠时只能靠自己！</p>\n<p>祝福她早日康复！</p>\n<p>2. 卵巢囊肿，及不孕：</p>\n<p>这位女子，40岁了。偏胖。2019.1月，她在西医院照片子，左侧卵巢囊肿15公分，右侧卵巢8公分的水样包囊肿。之前怀孕两次都胎停流产（真辛苦）。于2019年1月开始，在网上搜到李宗恩老师，来看诊的。到2月中旬，再去西医检查，说两个囊肿都没有了!!我问她，在这1 ~ 2个月的治疗期间吃李老师的药，有什么特别的反应吗，月经里面有没有大块的排泄物。她说，没有，只是尿多尿大，小腹小了腿也细了。</p>\n<p>然后一直跟着李老师吃药，今年8月怀孕了，到现在，虽然才3个月，孕肚明显，宝宝也很好。</p>\n<p>而且，怀孕6周时李老师把脉，说她怀的是个男孩。后来照片子，果然是个男宝宝。</p>\n<p>看诊时，李老师给她把脉，在纸上画了孕妇与宝宝的脉的波长如何叠加。我冒昧地请求也把一下脉，可惜不得要领。</p>\n<p>我跟她聊天时，她说了几次：李医生很厉害的！真的很厉害！</p>\n<p>恭喜恭喜！喜得贵子！</p>\n<p>今天开的药，我只记得有五苓散利水的, 四物汤，还有一个方子，3个合在一起用。</p>\n<p>我以前听有的医生说，同时吃几种中成药会耗了人的本精。只要配伍得当，看来这种担心是不必的。</p>\n<p>这位孕妇没有扎针。</p>\n<p>3. 急性关节炎的小姑娘：</p>\n<p>这位16岁的女孩子，非常可爱。李老师已经事先提醒另一位扎针的病人不要紧张，说这个小病人会因为怕针而大喊大叫。</p>\n<p>小姑娘舌头白，问她是不是喝了很多冰的，或者牛奶等。李老师之前药已经用上了麻黄，生硫磺，乌头等4个重药，而小姑娘却不大发汗，也不觉得苦，可能是吸收不好。</p>\n<p>给她扎针时，小姑娘乖乖地躺上电动的按摩床，拿条毛巾遮住眼睛，露出条缝偷偷看。还没开始扎，就已经中气十足地大声叫起来，却象歌剧咏叹调般，令人忍俊不禁。扎了膝关节五针，包括阳陵泉透阴陵泉，另有绝骨透三阴交，商丘透丘虚。透针时，李老师象瞄准射击似的将针管调了调方向， 长长软软的针稳稳地没进了肌肉里。</p>\n<p>小姑娘好勇敢，换了我恐怕也会很紧张吧。</p>\n<p>小姑娘是忽然得了关节炎，躺在床上，右膝放不平，经过几次治疗，现在快能放平了。</p>\n<p>为什么这样配穴，要琢磨一下。李老师给她用了4个重药，有机会要再请教。</p>\n<p>4. 台湾的一家人：</p>\n<p>这一家4人，夫妻与一个几岁的小女儿及侄女一起来的，阵容庞大。后来才知道，原来，就是她们的白血病女儿，被西医放弃了，转而找到李老师，延长了9个月的生命，最终仍然走了，令李老师难过自责不已。虽然大女儿走了，他们对李老师非常地信任与感激，这次就一家3口甚至带着侄女也来看诊，请李老师开方吃药。这份信任来自于李老师高超的医术，慈悲心肠，和极强的责任感。</p>\n<p>侄女常常凌晨2-3点才睡，手抖无力，连矿泉水瓶盖都拧不开。李老师判断她的肝有问题。眼诊时，李老师特意给我们画图，说她的肝区，有很多散乱的发散射线，进一步证明是肝的问题。</p>\n<p>爸爸手掌色暗，李老师说是肝有问题，正常的手掌应该是偏红的。给他扎针了（没记下是哪几个穴位）</p>\n<p>看到李老师对每个病人的问诊，断病，开方，配穴扎针，都似乎很轻松，他的举重若轻的风范，让我恍惚间觉得甚至诊治重症如癌症，也不是什么难事。我当然知道这只是一种错觉。这背后是十数年的学习及经验的积累和不断的思考改进。</p>\n<p>非常感谢李宗恩老师这样的大医给我们机会跟诊，从中领会到中医的精妙运用，更加树立了我对中医治病的信心与兴趣。非常希望今后还有机会，继续向李老师学习精进。</p>\n<p><strong>老師評論：</strong></p>\n<p>Sophia是加拿大最好的商學院Sauder School of Business, University of British Columbia的MBA高材生，在溫哥華創立了重型機械零件進出口公司，並從事房地產投資，事業非常成功。 她因為父親生病過世，深感西醫治療的無力，決定研讀中醫。 Sophia資質聰慧，心地善良，學習認真，假以時日，將會是位很好的中醫師。</p>",
  "article_time": "2019年11月09日 19:52",
  "comments": [
    {
      "id": "feb2fafac20f7e479fef8abd4b158e52",
      "author": "瑞芳",
      "time": "2019年11月09日 22:48",
      "content": "<p>支持Sophia Y.，加油！</p>",
      "level": 0,
      "highlight": false,
      "children": []
    },
    {
      "id": "de9f36e1022a5ecb2a28d84c143f98be",
      "author": "Sophia",
      "time": "2019年11月11日 10:27",
      "content": "<p>谢谢支持！</p>",
      "level": 0,
      "highlight": false,
      "children": []
    },
    {
      "id": "c6bd7bb88a7b64ac206c8079b9838d57",
      "author": "子超RayZ",
      "time": "2019年11月12日 07:58",
      "content": "<p>看完感觉李医师是再世华佗啊，很感谢Sophia的记录，期待后面更多的日志！</p>",
      "level": 0,
      "highlight": false,
      "children": []
    },
    {
      "id": "edb37299a651460f9c3e2477c248ba25",
      "author": "姑射山清风",
      "time": "2020年03月05日 02:49",
      "content": "<p>最近开始跟着倪师的人纪讲义学习中医，同时也经常通过互联网探究倪师的踪迹，不断被倪师的事迹和言行感动的流泪。看到学生跟诊对李医师的描述，仿佛是倪师讲课时的音容笑貌一般，虽然不得见李医师，深深为倪师有您这样的传承学生而感到高兴。<br/>\n祝您能把倪师的中医继续传承发扬光大，他日让我中华之瑰宝能够在华夏正本清源，佑我中华子民！</p>",
      "level": 0,
      "highlight": false,
      "children": [
        {
          "id": "791b9fd9fc0ea41b1b4f5b7df35d8fcd",
          "author": "andy",
          "time": "2020年03月05日 13:14",
          "content": "<p>謝謝你的支持與鼓勵！</p>",
          "level": 1,
          "highlight": true,
          "children": []
        }
      ]
    }
  ],
  "page": 26,
  "order": 4,
  "filename": "data\\page26\\page26_order3_edb37299a651460f9c3e2477c248ba25.json"
}