{
  "article_url": "https://andylee.pro/wp/?p=6392",
  "title": "問答 – 何謂倪海廈老師的學生",
  "content": "<p>上次我們公佈要成立一個正本清源、有公信力的正式管道，得到很多人的支持與鼓勵，非常感謝！在籌備的同時，我們想先回答一些大家常問的問題，對這些問題沒什麼興趣的讀者們，姑且當作故事聽聽，或者直接跳過這些問答的文章 。</p>\n<p>何謂「倪老師的學生」？其實，沒有一個嚴謹的定義。倪海廈老師非常樂意教導大家，只要你願意學習，誠心稱他老師，他就會傾囊相授，毫無藏私保留，所以，倪老師有非常多的學生，遍佈世界各地。不過，倪老師嫉惡如仇，如果學生有不法、不道德的行為，或者不尊師重道，被他知道後會立刻嚴厲的趕出師門，他特別痛惡剽竊智慧財產的人，以及假借老師名聲來斂財的人，他對那些人是零容忍、絕不寬恕的。</p>\n<p>那麼，我們應該如何回答「何謂倪老師的學生」？最好的方式是從歷史的角度來看事情的來龍去脈。倪老師年輕的時候，在台灣已經因「命相卜山醫」五術聲名大噪，很多病人及客戶尊稱他為老師，希望跟他學習。在許多慕名者的催促下，倪老師於80年代底、90年代初，在台北連續開了幾期的 「天文地理班」及「中醫基礎班」， 學生來自各行各業 ，幾乎都是高學歷及事業有成的人士，這群學生是倪老師最早正式收的學生，當時還在當檢察官的徐光佑律師即為其中一位，徐律師從那時開始就一直為老師的學生、朋友、及法律顧問。</p>\n<p>90年代初期，倪老師開始為移民美國做準備，他希望將自身學說留傳於世，再度開設天文地理班，並加入命理課程，稱為「天紀」教學，並將教學內容錄製下來，正式發行出版。</p>\n<p>90年代中期，倪老師移民美國，在佛州開設漢唐中醫診所，政府正式註冊名稱「Ni’s  Acupuncture Center」。除了一些台灣的學生陸陸續續來跟診外，倪老師也成立了小型的中醫教學工作，教導當地的學生，有些優秀學生被老師選為診所醫師，長期在老師身邊學習及看診。</p>\n<p>在美國行醫數年，因為臨床療效卓越，治癒很多西醫無法處理的重症急診，倪老師的名聲不斷高漲。到了00年代初期，很多人希望倪老師再次正式傳授中醫。在大家的期盼下，倪老師決定在台灣開設「人紀」教學班，  以醫術傳承為宗旨，公開徵選各類菁英三十多人，分為「針灸」、「黃帝內經」、「神農本草經」、「傷寒論」、「金匱」五個教程，倪老師每隔約半年回台灣教導一個教程。這群學生大概是倪老師最正式收的學生，被大家開玩笑稱為正統軍官學校的正規生！</p>\n<p>倪老師一面教導「人紀班」，一面寫書，並錄製上課內容，每教完一個教程，就連同書籍一起發行出版，這也就是「人紀系列」中醫教材的由來。自從「人紀系列」公開發行後，數千人購買，有的購買一兩個教程，有的購買全部五個教程，凡是購買「人紀系列」的人，倪老師都把他們當成學生，不厭其煩的回答大家的問題。</p>\n<p>經過兩三年的辛苦教學，到了00年代中期，倪老師完成了全部「人紀系列」的五個教程，把教學重心轉移到臨床跟診教學。除了原本「人紀班」的三十多位正式學生外，凡是購買全部五個教程的人，都可以申請到倪老師佛州診所來跟診，不過，因為名額有限，倪老師只選取他認為符合資格的人來跟診。</p>\n<p>在這幾年跟診教學期間裡，所謂「倪老師的學生」的人數大增，有的學生是真的想學好中醫，有的學生只是想鍍個金來提高自己診所生意，而每一個跟診學生的學習情況差異很大，學生中從可以和倪老師討論藥方的，到只是站在二三十位跟診學生後面抄抄藥方的都有，倪老師並沒有一個正式審核學生程度的機制。大多數的學生跟診一到兩週，少數學生和倪老師比較有緣分，被允許多次或較長時間的跟診，也有些學生和倪老師建立了較深厚的關係。</p>\n<p>到了00年代後期，倪老師總算決定執行他拖延數年的退休計劃，正式從佛州搬回台灣定居。然而，倪老師並沒有停止中醫教學傳承的工作，每週還是會到台北漢唐中醫診所，親自教導診所醫師，為那裡的幾位學生解答疑惑。</p>\n<p>由上面的歷史陳述知道，很多人都可以稱自己為「倪老師的學生」，這是無可厚非的，畢竟倪老師希望大家廣傳經典中醫學術及臨床治療病例。然而，不是每一位「倪老師的學生」都能代表倪老師的中醫傳承，也沒有什麼所謂「弟子」與「學生」的差別，很多學生喜歡把倪老師稱為「師父」，倪老師也不介意如此的稱呼。不過，這也正好回歸到大家常說的「師父引進門，修行在個人」，如倪老師的經典名言「看好病的醫生說話」，只要是臨床能治好許多重症急症的學生，倪老師都會很高興看到他們在世界各地為中醫傳承盡心盡力！</p>",
  "article_time": "2019年10月27日 21:06",
  "comments": [
    {
      "id": "3b3204d51676efdf647cef6684b5e163",
      "author": "李晨",
      "time": "2019年10月28日 06:57",
      "content": "<p>打着倪老师名气行医的，收费都很高。无从辨别正假。医群里，先是诞生火神派，附子先生，然后慢慢看到倪师著作，进入经方主流。 以前都是炮附子几百克的上，见过生附开20的。然后就没有然后了。看了倪师作品，在去被那些喜爱用附子的医生治疗，有点怕。，中医大学的学生，没有民间看倪师著作学习的强。<br/>\n 李博士，我的病能分析一下思路吗？感觉有点神经病了。有时都会说自己是神经病，压抑。 不会静脉反流问题命里注定要挨西医一刀吧。有一天晚上，做了一个梦，梦见倪师在讲课，我在前面坐着，心想，疑？我怎么会坐着？ 然后倪老师画出人体生理学，并解释，西医打吊水，静脉输液。大量的水进入身体，会影响心阳虚。 然后过了一会就醒了。<br/>\n自己准备用1年时间来调吧。就是没有好中医，不然有可能几个月吧。。感觉给西医开刀挺恐怖的，看了很多做手术的，全身发冷，术后尿不出来，复发的。宁愿拖着，也不愿意去医院接受西医的治疗。因为感觉一但接受治疗，生死一念之间。才是真正噩梦的开始。好像没有收到邮件。</p>",
      "level": 0,
      "highlight": false,
      "children": [
        {
          "id": "0b37ecd2246e1eb9b907e7085a16ee55",
          "author": "Jonson Ku",
          "time": "2019年10月28日 15:36",
          "content": "<p>建議你自己用10問來問自己，諸如睡眠，大小二便，胃口，身體寒熱等綜合地去看，然後推導辨證下那個臟腑出現了問題，那個才是對症治療。而不是盲目地問診。</p>",
          "level": 1,
          "highlight": false,
          "children": []
        }
      ]
    },
    {
      "id": "ba74f561a401cc88edfe745cb8059afb",
      "author": "瑞芳",
      "time": "2019年10月28日 17:36",
      "content": "<p>啊？原来这样啊，怎么这么乱啊？是该出来正本清源了，大陆这边一片混乱，倪伯时医师用自己的微直播聚拢了很多粉丝，这些人都是仰慕倪海厦医师的医德医术才成为他的粉丝的（实不相瞒，包括本人在内），大陆院校还有一些一边否定倪海厦医师的论述，一边偷偷打印网上泛滥的人纪盗版书籍，这是我有一次在中医院校打印复印店复印难经的时候亲眼所见，真是卑鄙呀，这就是盗！</p>",
      "level": 0,
      "highlight": false,
      "children": [
        {
          "id": "08b97b46a979d394d54d06acfa0d2d6f",
          "author": "李晨",
          "time": "2019年10月28日 21:22",
          "content": "<p>倪伯时来深圳的时候，带了很多套人纪和天记正版。 售价4万人民币。 有不少人买了。<br/>\n还有桂林汉唐开业那天。在酒席，倪伯时坐的那张桌子，找他敬酒的人，排长队。 这是正统医学？还是人为财死，鸟为食亡？</p>",
          "level": 1,
          "highlight": false,
          "children": [
            {
              "id": "222961d41fe3dfa6bbdf6976d3048ecb",
              "author": "andy",
              "time": "2019年10月31日 10:03",
              "content": "<p>倪伯時帶到深圳漢唐的天紀人紀是正版的，深圳漢唐一直有幫忙處理天紀人紀訂購事宜。</p>",
              "level": 2,
              "highlight": true,
              "children": [
                {
                  "id": "5bd86fee31df35250caff07be9245315",
                  "author": "hide77625",
                  "time": "2020年01月30日 19:31",
                  "content": "<p>我是2017年通过倪师网路上的邮箱购买的全套，也是刘尧钦告诉我的购买方式，联系人是位苗女士，发货是从深圳。</p>",
                  "level": 3,
                  "highlight": false,
                  "children": []
                }
              ]
            }
          ]
        }
      ]
    },
    {
      "id": "bfdcd6dada6ada2b182560e3149c840a",
      "author": "李晨",
      "time": "2019年10月28日 21:18",
      "content": "<p>你前面说的，吹嘘他哥带他学中医，手把手交，这确实他讲过，现在也搜的到。，一个学中医的和我说。倪伯时讲他哥，小时候做摩托车摔跤到医院输液，得的乙肝。后来死于肝癌。<br/>\n倪海夏老师的家事不好讨论太多。<br/>\n重要的是让民众知道，倪海夏医术传承人那个是真的？<br/>\n我就是发了钱，然后又没有治好，最后还被所谓的汉唐医生，说了一大堆废话。 搞不懂，一个处方让我吃了3个月，而且一直不好。 气人！</p>",
      "level": 0,
      "highlight": false,
      "children": [
        {
          "id": "8fd3b283e5f2f654ea539a7b73ba2009",
          "author": "瑞芳",
          "time": "2019年10月28日 22:05",
          "content": "<p>我也在深圳汉唐买了一套人纪针灸，因为本人不是科班出身，只是对经络穴位感兴趣而已，那一套就花了5700还是5800我忘记了，我还买了无数次代购HT科学中药，深圳汉唐说是从台湾代购的</p>",
          "level": 1,
          "highlight": false,
          "children": [
            {
              "id": "d1d4f90bae283c09f4c781d7137fcd80",
              "author": "andy",
              "time": "2019年10月28日 22:40",
              "content": "<p>深圳漢唐本來是倪老師合資開的，倪老師過世後發生很多變化。</p>",
              "level": 2,
              "highlight": true,
              "children": []
            }
          ]
        },
        {
          "id": "1629611c55bf831f093203a4147c52b9",
          "author": "瑞芳",
          "time": "2019年10月29日 06:22",
          "content": "<p>天哪！真的是“人心叵测真情少,世事难料人善变”！</p>",
          "level": 1,
          "highlight": false,
          "children": []
        },
        {
          "id": "43b2c464f7cc0083d7e362f03604ed00",
          "author": "重度中醫愛好者",
          "time": "2019年10月29日 09:24",
          "content": "<p>不好意思 常常潛水 我受不了了 一定要要出來發言 說倪師死於肝病的 絕對不可能<br/>\n我自己本身就有肝病 還在學針灸治肝三穴時 肝病就爆發了 完全無開藥基礎的我 </p>\n<p>只好用最快的速度 大量消化倪師講治療肝病的藥方以及案例 用很弱的辨證 </p>\n<p>花了很多時間像做研究一樣 確認倪師開的方子是我可以用的 我就去中藥行抓藥了 </p>\n<p>抓了三帖 分六次吃 吃的當下整個肝的鬱結感覺都被打開了 加上治肝三穴 </p>\n<p>以及把整個肝經敲通 用瀉法 還要一定要早睡早起 到現在活的很好 肝也不痛了 </p>\n<p>本來還冒出紅斑 也消了 最重要的是 我認識倪海廈這個人時 他已經死了 </p>\n<p>一個死掉的人開的方治好了我  讓本來對中醫就很喜愛的我  更確定一定要把倪師</p>\n<p>的教學好好學完 這輩子雖無法當中醫師 但是可以照顧我跟我家人的健康就足夠了 </p>\n<p>真的很感謝倪海廈老師 把中醫的瑰寶毫無保留的流傳給世人 造福世人</p>",
          "level": 1,
          "highlight": false,
          "children": [
            {
              "id": "f28bb504e617d45546cbce849f41d95a",
              "author": "andy",
              "time": "2019年10月29日 10:04",
              "content": "<p>感謝分享！倪老師不是死於肝癌或其它癌症，這是完全沒有爭議的事實，傳播這些謠言的人，根本是在詆毀倪老師來提高自己的地位。</p>",
              "level": 2,
              "highlight": true,
              "children": []
            },
            {
              "id": "b26544711cb36352066ae85b23edeecb",
              "author": "陳",
              "time": "2022年10月11日 19:28",
              "content": "<p>您好：<br/>\n我也是倪老師忠實信仰者之一，但沒聽沒看很多倪老師的著作和視屏，可否請您分享倪師開的治肝方子?<br/>\n治肝三穴<br/>\n敲肝經的瀉法<br/>\n我是台灣的朋友，可否請您發信到我的信箱，因為對這不熟悉，我的信箱是<br/>\n<a href=\"mailto:rose080100@yahoo.com.tw\">rose080100@yahoo.com.tw</a></p>\n<p>多謝您<br/>\n祝  平安</p>",
              "level": 2,
              "highlight": false,
              "children": []
            }
          ]
        }
      ]
    },
    {
      "id": "663ebd32fed5c9c9ccfc058b5c7858b6",
      "author": "ieitZYB",
      "time": "2019年10月28日 23:35",
      "content": "<p>看有的朋友不会找资料，容易被套（其实也是倪师说的学而不思的问题），继续做点义工工作吧：<br/>\n李医师在 优酷 的视频资料 <a href=\"https://i.youku.com/u/UNTEwMDAzMjgw\" rel=\"nofollow ugc\">https://i.youku.com/u/UNTEwMDAzMjgw</a> </p>\n<p>南加州张孟超 的<br/>\n美国网站 <a href=\"http://jangsacupuncture.com/\" rel=\"nofollow ugc\">http://jangsacupuncture.com/</a><br/>\n国内视频资料 <a href=\"https://v.youku.com/v_show/id_XMTU0MzQ1ODMzMg==.html\" rel=\"nofollow ugc\">https://v.youku.com/v_show/id_XMTU0MzQ1ODMzMg==.html</a></p>",
      "level": 0,
      "highlight": false,
      "children": [
        {
          "id": "1e0bf85f5ff41938967a0ee34ef73ca3",
          "author": "我是谁",
          "time": "2019年10月31日 08:08",
          "content": "<p>师兄做的真好，真相终会大白，有件事太有趣，我转发本文章在二千人Q群之后，不到一分钟立马被踢出，说明现在很多伯粉已经看过此文章却还坚信李医师在诋毁和污蔑倪伯时，可见中毒很深，几乎无药可救，大家自己仔细看看倪师生前对李医师的评价和文章的内容（点击上面这位师兄ieitZYB的文章链接及视频资料）其中称呼李医师为李博士，可见分量之重，而对自己的弟弟在所有文章资料中几乎只字不提，本是倪师家事，外人不该说什么，可是恶人之所以做恶就是被这样纵容出来的，所以我无法忍受，我不入地狱谁入地狱。</p>",
          "level": 1,
          "highlight": false,
          "children": []
        },
        {
          "id": "aff40856a8b1dd666270f15237032843",
          "author": "JOJO",
          "time": "2019年11月13日 05:35",
          "content": "<p>谢谢ieitZYB的分享！！！<br/>\n谈起桂林汉唐，其实我去过，见过里面里面的医生，虽然药费挺贵的，我还是坚持看了3次一共花了一个半月，医师的对我病情的大方向应该是对的，就是用药可能不是很正确，诊断是脾虚，药方也是主要是祛湿吧。但是我同时大肠蠕动慢，大便不好，同时肝火旺虚热，他只叫我控制情绪却没有加柴胡郁金黄芩这些药。吃了3次药，湿气有点改善，没钱就没继续找他们看了，因为大便没有改善。每天起床双手无力感明显。。后面干脆我自己用药柴胡郁金黄芩加一些祛湿健脾的药在加一些补肾阳的药，总算好了一些。非常奇怪的事，我一直左鼻孔晚上一躺下就塞，右边鼻孔正常通气，白天不塞，晚上塞，不动的时候比较塞，那么女子左血右气，左阴右阳，试过菖蒲苍术辛夷是无效的，应该是什么问题呢？，偶尔感觉腰有点酸，联想了一下，后面自己用了一些药，南星，半夏，菖蒲辛夷苍术厚朴，一点点炮附子，加巴戟天，加白术，茯苓党参等，吃了两三副药。可能误打误撞。加上平时锻炼身体，目前左边鼻孔白天是通气了，晚上躺下时也是通气的。可能有时比较虚弱可能会塞一点点。</p>",
          "level": 1,
          "highlight": false,
          "children": [
            {
              "id": "2197977d5c1a56731f3344f97811c32e",
              "author": "李晨",
              "time": "2019年11月13日 12:43",
              "content": "<p>桂林汉唐那里，根本就是一个骗人的地方。药费贵，他们的药和外面的差不了多少，也是厂家进的。 然后初诊要500。<br/>\n等你治的没有钱了，把你的钱砸干。就不管你了。用药非常差，只会用很多阳药来强行，通阳。根本不管人受不受的了。<br/>\n我一共发了接近一万，没有看好，这一万还是借的。<br/>\n最后医生说，你怎么样怎么样，有钱了继续来看。</p>",
              "level": 2,
              "highlight": false,
              "children": []
            }
          ]
        }
      ]
    },
    {
      "id": "b1bd6d9668c8d139e288778283898670",
      "author": "Sophie",
      "time": "2019年10月29日 12:28",
      "content": "<p>大陆这边的倪海厦的可靠的学生有几个开诊所，可以问诊的呢？尤其南京附近的。</p>",
      "level": 0,
      "highlight": false,
      "children": [
        {
          "id": "36af969b7c81d6cac99a17c1296ef9b0",
          "author": "andy",
          "time": "2019年10月29日 10:40",
          "content": "<p>倪老師在大陸沒有幾位學生，他們大多也不是執業的中醫師，有些台灣的學生到大陸當中醫師看診，不過，一直有變動，詳細看診地址等，我不是很清楚。目前楊貞醫師在河南通許人民醫院教導上百位西醫學習中醫，治療效果卓越，但是可能沒有對外直接看診，病人多為醫院內本來的病患。</p>",
          "level": 1,
          "highlight": true,
          "children": [
            {
              "id": "1b320485ba6edf44f0251a035ac39359",
              "author": "Sophie",
              "time": "2019年10月30日 12:13",
              "content": "<p>谢谢Andy。另外美国家慧jh816.com和大医小课讲师林大栋都说是倪海厦弟子，你了解他们吗？</p>",
              "level": 2,
              "highlight": false,
              "children": [
                {
                  "id": "a2dbe58d9feff6af66206cca8a4f2be8",
                  "author": "andy",
                  "time": "2019年10月30日 08:31",
                  "content": "<p>如我所言，所謂「倪老師的學生」非常多，很多人都以倪老師名義來宣傳，至於有沒有代表性，這得大家自己去判斷，怎麼判斷？一，倪老師名言「看好病的醫生說話」，臨床治好很多重症急症的醫生，代表性自然高很多，二：把內容和倪老師人紀教導的對比一下，很容易看出來哪些部份是倪老師教的，哪些部份是自己添加的。</p>",
                  "level": 3,
                  "highlight": true,
                  "children": [
                    {
                      "id": "76a18b93750187518c272a117cef0aeb",
                      "author": "butter_007",
                      "time": "2020年06月07日 08:26",
                      "content": "<p>你好咨询下，算半个经方家的黄煌不是在南京么，对他有了解或找他看过病情况呢。</p>",
                      "level": 4,
                      "highlight": false,
                      "children": []
                    },
                    {
                      "id": "286a79009f6dabc5ba8f1d88d04b7d3b",
                      "author": "李宗恩",
                      "time": "2020年06月07日 10:11",
                      "content": "<p>我對黄煌教授的認識，僅限於他的書籍及幾次中醫會議演講擦身而過，黄煌教授經方系列書籍，整理得很好，至於黄煌教授的臨床治療功力如何，我就不了解了，不適合評論。</p>",
                      "level": 4,
                      "highlight": true,
                      "children": []
                    }
                  ]
                }
              ]
            }
          ]
        }
      ]
    },
    {
      "id": "ae154abfb1e578a891df5e4e4cae0131",
      "author": "Jonson Ku",
      "time": "2019年10月29日 02:21",
      "content": "<p>何謂倪海廈老師的學生? 簡而言之，遵師道，行師道。</p>",
      "level": 0,
      "highlight": false,
      "children": []
    },
    {
      "id": "05ef829ccacfcaa34a1c0e3baad44861",
      "author": "瑞芳",
      "time": "2019年10月29日 17:10",
      "content": "<p>嗯，支持，终于要揭露真相了</p>",
      "level": 0,
      "highlight": false,
      "children": []
    },
    {
      "id": "8570ac91f75712db6be6e8952c28c36e",
      "author": "李晨",
      "time": "2019年10月29日 17:14",
      "content": "<p>像倪伯时这样的做法是不道德的。<br/>\n做他的学生只能为他卖命，桂林汉唐的两个医生联合倪伯时一起坑钱。 交的东西都是倪海夏讲过的。只不过是套他的口吻。 倪伯时讲座，说自己治愈肝癌晚期，肾衰。 和倪海夏老师的两个肝癌案例，肾衰案例。都一样的，当时我在怀疑，这不是倪海夏老师讲过的？怎么套过来了。<br/>\n我怀疑倪伯时讲从美国带到深圳多部天纪人记，和大陆的盗版是一样的。目地就是为了赚钱。 一套4万。<br/>\n医馆名称叫，桂林汉唐经方，先是这样吸引客户。 然后在改倪氏汉唐经方。所指的倪氏是指倪伯时，并非倪老师。 到时别人会问，你这不是倪海夏老师以前教导的汉唐经方吗？谁说的？这是倪氏汉唐经方。和倪海夏没有关系。 但客户会认为有关系。慢慢就上套了。<br/>\n初诊500，药费贵。</p>",
      "level": 0,
      "highlight": false,
      "children": [
        {
          "id": "615f4cad3f01d7eb76fdb323b07feab0",
          "author": "andy",
          "time": "2019年10月31日 15:05",
          "content": "<p>倪伯時帶到深圳漢唐的天紀人紀是正版的，深圳漢唐一直有幫忙處理天紀人紀訂購事宜。</p>",
          "level": 1,
          "highlight": true,
          "children": [
            {
              "id": "776ced7839691072ac1b3ed3f1ca68d0",
              "author": "瑞芳",
              "time": "2019年10月31日 20:31",
              "content": "<p>原来都是正版的，太好了，针灸教程几大千没白花，之前代购的台湾HT药品应该也是真的，也花了不少钱呢</p>",
              "level": 2,
              "highlight": false,
              "children": []
            }
          ]
        }
      ]
    },
    {
      "id": "5f4003605889c40bb3ba8748e769e88a",
      "author": "我是倪粉",
      "time": "2019年10月30日 01:12",
      "content": "<p>这个弟弟自诩别人称他伯师，水平真滴不怎样，我们同学后来才察觉，他还扬言大陆每个省都开一个汉唐医馆，不过现在他现在很少出来讲话了，估计有所警觉，只是如果倪师还在，知道自己根本不认可的弟弟借他的名气到处招摇撞骗，收取不义之财，又会做何反应呢？骗子到处说别人是骗子，以至于人们不会怀疑骗子是骗子。他真的很能装饰自己，那些交几万学人纪的，估计得哭死！李医师您的正本清源会解救很多蒙在鼓里的人！人活着有没有良心很重要。古人早就有告诫，如《内经》曰：“无道行私，必得妖殃”，也就是说靠忽悠甚至欺骗别人，牟取私利，必然会有报应得遭殃，出入被门挤，下雨被雷霹。</p>",
      "level": 0,
      "highlight": false,
      "children": [
        {
          "id": "2f4c108d178e35cca72d3243e9e44072",
          "author": "andy",
          "time": "2019年10月30日 08:33",
          "content": "<p>人在做，天在看，天佑好人，天懲壞人，以不義方式得來一時的名與財，換不了一生的幸福。</p>",
          "level": 1,
          "highlight": true,
          "children": []
        }
      ]
    },
    {
      "id": "3310370e46dfcf9af12c275ed8935aa9",
      "author": "纯净水",
      "time": "2019年10月30日 02:16",
      "content": "<p>为了自己的私欲，捏造事实，玷污别人的人天会收。<br/>\n一个外人，会比亲人更知道？<br/>\n有本事治好病人，不需要耍嘴皮子。</p>",
      "level": 0,
      "highlight": false,
      "children": [
        {
          "id": "6a00a8387b8a8dfd668f149f2124a82f",
          "author": "andy",
          "time": "2019年10月30日 08:35",
          "content": "<p>倪老師長年和這位弟弟不合，很多人都知道，你不妨多去了解，很容易知道真相的。倪老師名言「治好病的醫生說話」，你也不妨去多了解我臨床治療的效果。</p>",
          "level": 1,
          "highlight": true,
          "children": []
        },
        {
          "id": "582c0ce9aecbb987c6b19171f66093de",
          "author": "李晨",
          "time": "2019年10月31日 02:36",
          "content": "<p>你也被所谓的伯师洗脑了吧！请问倪伯时水平如何？学生水平怎样。所谓他们的学生水平都比较差。<br/>\n请问是不是倪老师过世后才蹦出来个倪伯时。那没有过世的时候，网站和视频里都没有提起过他。<br/>\n第二，李博士是倪师的弟子，从我跟他交流这么久，发现人还很好，只是我年龄小，没有话题。<br/>\n第三，李博士的案例都在网站，从2004年坚持更新到现在。<br/>\n第四，李博士不是为了私欲和钱。人家做博士的，在美国，不缺钱的，别想的那么坏。</p>",
          "level": 1,
          "highlight": false,
          "children": [
            {
              "id": "cca499f58c9de994d950f23d113310b8",
              "author": "卢晨",
              "time": "2020年04月16日 06:04",
              "content": "",
              "level": 2,
              "highlight": false,
              "children": []
            }
          ]
        }
      ]
    },
    {
      "id": "520675e563cb6d5de74261c424f0f384",
      "author": "纯净水",
      "time": "2019年10月30日 02:24",
      "content": "<p>请问你所说的话敢对天发誓对你的恩师倪海厦发誓绝对真实吗？..乱说可要天打雷辟的！<br/>\n免得我又信错了人，</p>",
      "level": 0,
      "highlight": false,
      "children": [
        {
          "id": "437125906ef01398442aa93e33166579",
          "author": "andy",
          "time": "2019年10月30日 08:38",
          "content": "<p>人在做，天在看，天佑好人，天懲壞人。你的邏輯有問題，一個騙子會擔心對天發誓、對地跪拜嗎？判斷一個人的行為真假，必須從他的背景及做事等等來觀察，長期有信譽的人，才值得大家相信。</p>",
          "level": 1,
          "highlight": true,
          "children": []
        },
        {
          "id": "c4bee658c8280ef3db64da5d39785858",
          "author": "ieitZYB",
          "time": "2019年10月30日 16:58",
          "content": "<p>就是，要把hantang.com全看一遍，了解汉唐以及李医师涂律师，到底信谁呢？（比如我还了解过2007年《赢在中国》第二季的一个片段，相信李医师会笑一笑 ^__^）</p>",
          "level": 1,
          "highlight": false,
          "children": [
            {
              "id": "6eb8332fcf1915246e253125af5b36a7",
              "author": "卢晨",
              "time": "2020年04月16日 06:07",
              "content": "<p>对</p>",
              "level": 2,
              "highlight": false,
              "children": []
            }
          ]
        }
      ]
    },
    {
      "id": "328507bbf6d115f30865dc746c94ad35",
      "author": "李晨",
      "time": "2019年10月30日 05:42",
      "content": "<p>原来是转让给好友了。桂林的医生写文章，说倪师的诊所被人架空了。心真的是坏，乱说，误导大家。文章阅读率几万。为了钱什么都能干，还做医生。天天宣传经方救人，激活生命。可背地里干的什么事！ 钱对于那些医生有那么重要吗？ 本人对倪海夏老师很敬佩，因为他讲的东西在本人身边发生过，有的化解了。<br/>\n不过知道倪老师过世后，发生的真相。真的是心里受不了。</p>",
      "level": 0,
      "highlight": false,
      "children": [
        {
          "id": "91b60c95746d7afbd01f240fc05f049d",
          "author": "andy",
          "time": "2019年10月30日 09:23",
          "content": "<p>倪老師搬回台灣退休時，把診所賣給了數十年的好友、診所總管李大叔Jack，並把診所房地產租給他，讓他繼續經營漢唐中醫診所（政府正式註冊名稱「Ni’s Acupuncture Center」）。老師過世後，師母幫老師照顧兄弟姊妹，把部份遺產轉讓給老師兄弟姊妹，倪伯時得到了診所的房地產後，取消Jack的租約，把自己原來的中醫診所搬入原本老師診所位置，可惜，經營沒多久，生意太差，撐不下去，把原來倪老師診所房地產賣了，現在那個地方變成了一家動物醫院！<br/>\n<a href=\"http://www.animalwellnessworld.com/\" rel=\"nofollow\">http://www.animalwellnessworld.com/</a></p>\n<p><a href=\"https://www.yelp.com/biz/animal-wellness-world-merritt-island\" rel=\"nofollow\">https://www.yelp.com/biz/animal-wellness-world-merritt-island</a></p>",
          "level": 1,
          "highlight": true,
          "children": []
        }
      ]
    },
    {
      "id": "6ab4f7c04fd58eecd8ca804bcdec6e7a",
      "author": "李晨",
      "time": "2019年10月30日 05:51",
      "content": "<p>哦，还有一张照片，是1996年，倪伯时和倪海夏老师，在美国汉唐经方学院，外面穿短袖拍的照片。两个人看上去很亲密。然后照片被放在深圳汉唐的公众号，吸引客户。假装和他哥关系好。桂林汉唐经方，2楼入口，放着倪海夏老师的遗照。很大寸，和结婚照那种。然后医生每天拜，过节也拜。</p>",
      "level": 0,
      "highlight": false,
      "children": [
        {
          "id": "a038e68f1deef6af759bd3c0381ca4a7",
          "author": "andy",
          "time": "2019年10月30日 09:40",
          "content": "<p>倪老師2012年初過世，為何拿出一張1996年合照？後來16年內發生了什麼事情？倪老師在網頁及公開場合提過很多人，如果倪老師一直手把手教導這位弟弟、兩人感情良好，為什麼從來沒提到這位弟弟？反而在跟診學生面前罵自己弟弟？背後的許多事情，很多學生及老師診所同仁都知道。如果倪伯時看診療效良好，是不是跟倪老師學的，那也不重要，如果臨床療效有限，卻假借倪老師的名聲來招攬病人及學生，那就是問題所在。</p>",
          "level": 1,
          "highlight": true,
          "children": [
            {
              "id": "72d49713f23568f23d7c3ef80bb0f71f",
              "author": "李晨",
              "time": "2019年10月30日 16:01",
              "content": "<p>看诊效果不好，知道真相后，从旁观者的角度看，做他的病人会很恐怖。反倒是他收的徒弟，天天称他伯师，宣称可以到美国桃花岛跟诊训练。如果不是想起倪老师以前讲过一个学电机工程的李博士跟诊过。然后才来网站找链接。不然我也被洗脑了。原因，本人无从分辨真假，以为是倪海夏老师的发扬经方的梦想来到大陆开馆了。刚好自己不辛生病了。又有辛遇见好的医生。结果一切都是假的。病人是可怜的。<br/>\n希望李博士成立一个真正的平台，真本清源，帮助更多人！<br/>\n在下会尽自己的能力支持的！</p>",
              "level": 2,
              "highlight": false,
              "children": []
            },
            {
              "id": "dcc20cf231c6f328af71049ecec01abf",
              "author": "我是倪粉",
              "time": "2019年10月30日 21:37",
              "content": "<p>李医师，我把您的这个文章的网站转给了各位同学，有些人还不相信，为了稳妥起见我是匿名在做这件事，不用几天大家都会警惕起来的，我倒要看看这个人的羊皮还可以披多久，也是为“正本清源”做一点微薄之力！希望我爱的人和爱我的人，正直善良，做一个好人！</p>",
              "level": 2,
              "highlight": false,
              "children": []
            },
            {
              "id": "a36605f8df470e2e347a64f41a22c727",
              "author": "ieitZYB",
              "time": "2019年10月30日 23:53",
              "content": "<p>转告那些桂林汉唐的不明白的粉丝，【要认真看看倪师原网页】，不然做个脑残粉，也学不明白中医，小心误已误人。<br/>\n倪师在大陸地區之著作權律師團隊：<br/>\n<a href=\"http://hantang.com/chinese/ch_Articles/copyright4.htm\" rel=\"nofollow ugc\">http://hantang.com/chinese/ch_Articles/copyright4.htm</a><br/>\n倪师的文章：<br/>\n<a href=\"http://hantang.com/chinese/ch_Articles/Ch_index.html\" rel=\"nofollow ugc\">http://hantang.com/chinese/ch_Articles/Ch_index.html</a><br/>\n2012/0106.美國漢唐經方中醫診所分院~深圳診所（当然已经工商资料查不到，机构已经注销）<br/>\n<a href=\"http://hantang.com/20120106.htm\" rel=\"nofollow ugc\">http://hantang.com/20120106.htm</a></p>\n<p>另外，话说回来，又怎么了解倪师跟李医师的关系？现在信息这么多，我们相信谁呢？看这里：<br/>\n<a href=\"http://hantang.com/chinese/ch_Articles/supportcm.htm\" rel=\"nofollow ugc\">http://hantang.com/chinese/ch_Articles/supportcm.htm</a></p>\n<p>还得自己判断。</p>",
              "level": 2,
              "highlight": false,
              "children": []
            },
            {
              "id": "c62d4bdf97128071d44a568f49791447",
              "author": "hide77625",
              "time": "2020年01月30日 19:48",
              "content": "<p>我觉得你能抛开世俗的人情世故，敢于说出事实与真相，实属仁义之举。我QQ和微信都曾跟倪伯时联系过，几年前就删除了，现在我仅在他的一个人纪教学QQ群里，目的是看看每周二都教些什么。</p>",
              "level": 2,
              "highlight": false,
              "children": [
                {
                  "id": "1b579a265668cba44c61dfc02b3aac10",
                  "author": "lmc",
                  "time": "2020年06月06日 17:43",
                  "content": "<p>我也看过倪伯时的汉唐网站，里面有一个医案，说用了当归四逆汤证，没有加减，我当时就奇怪了，一般很少用单一方剂治疗的，当然我是有一些中医功底的，能够识别部分虚假案例的，所以当时也有所怀疑的。</p>",
                  "level": 3,
                  "highlight": false,
                  "children": []
                }
              ]
            }
          ]
        },
        {
          "id": "1911bed29f0add5e87baca45bd707178",
          "author": "lmc",
          "time": "2020年06月06日 17:35",
          "content": "<p>真正好的中医师，不用倪师做广告，疗效就是最好的广告，前期就拿倪师作了广告，后期没有疗效也是不行的，注定不能走多远。</p>",
          "level": 1,
          "highlight": false,
          "children": []
        }
      ]
    },
    {
      "id": "75e022ff9a49353ebd130dd7a1c5d2d8",
      "author": "andy",
      "time": "2019年10月30日 08:41",
      "content": "<p>倪老師過世後，深圳漢唐有很大的改變，一些合資人及中醫師退出了，後來出現一些問題，具體情況我不了解，但是，深圳漢唐被迫關門，許多人已經被深圳法院判刑多年，我想那些診所同仁是無辜的，是背後運作的人沒有處理好事情。</p>",
      "level": 0,
      "highlight": true,
      "children": []
    },
    {
      "id": "86db60317d70ea835053f8c673e01a98",
      "author": "林隐",
      "time": "2019年10月30日 21:54",
      "content": "<p>李医师，是时候该出来正本清源了。感谢你。我们不求名利，只希望倪师的功业不要毁在我们手里。</p>",
      "level": 0,
      "highlight": false,
      "children": []
    },
    {
      "id": "fcd795ff2a916fa5ffd9f17ed5c984c7",
      "author": "fhnvhuu",
      "time": "2019年10月31日 08:16",
      "content": "<p>师兄做的真好，真相终会大白，很多伯粉认为很多话在诋毁和污蔑倪伯时，可见中毒很深，几乎无药可救，大家自己仔细看看倪师生前对李医师的评价和文章的内容（点击上面这位师兄ieitZYB的文章链接及视频资料）其中称呼李医师为李博士，可见分量之重，而对自己的弟弟在所有文章资料中几乎只字不提，本是倪师家事，外人不该说什么，可是恶人之所以做恶就是被这样纵容出来的，所以我无法忍受。</p>",
      "level": 0,
      "highlight": false,
      "children": []
    },
    {
      "id": "41ddb68024275d142b2c264bdf3c3d69",
      "author": "Shengyi Qi",
      "time": "2020年06月06日 01:00",
      "content": "<p>这篇文章解答了我所有的疑问！今年我母亲身体不适的时候，想到倪师曾经在视频中讲过，你那边还讲电话我这边药方已经开好了……所以当时第一时间联系了倪伯时先生（因为qq群里有能联系到），那时候回我的是一个叫朱雀的倪先生的助理，然而回复我的是：把脉很重要，懂么，人一定要见到面才行。。。就更不提之后打电话到桂林的汉唐，等等事情了，总之感觉就是，难道真的要西医手术了吗？不过我也相信我们的诚意感动上帝，上帝保佑，突然一个机会联系到了您，我母亲的原话是：知道联系到您了，就不焦虑了，心里就有底了。而我现在也很放心母亲的健康了。若说医术是船，那医德就是舵了，除了感谢您，我希望能够在倪师传承的道路上尽自己的绵薄之力来致敬中医了。</p>",
      "level": 0,
      "highlight": false,
      "children": [
        {
          "id": "cb0989725d4a083cd91fe7f491adcc1d",
          "author": "李晨",
          "time": "2020年06月06日 15:08",
          "content": "<p>桂林汉唐看病是要见面，还得签字。如果你在哪里看，太远不方便过去，每一次拿药，就在微信，像我们在网站这样问李医生，一次200块。也不能视频。倪伯时的那个助理是叫朱雀，如果你一定得找倪伯时看，朱雀会把倪包装的很高级，比如请教主管上级等，让别人感觉他们公司多大。<br/>\n还有啊，如果你没有看好，就是没有效果，他们才不管你呢，就说你情绪低落，不注重保养。去年他们还开课，在续人纪，每个学员收5000，无非也就是把倪老师的东西复制过来再讲一次。</p>",
          "level": 1,
          "highlight": false,
          "children": [
            {
              "id": "e471f2b2c9ff6da34f36fa1cdf586a81",
              "author": "学里",
              "time": "2020年09月20日 04:07",
              "content": "<p>哈喽!在哪找李医生看病?</p>",
              "level": 2,
              "highlight": false,
              "children": []
            }
          ]
        },
        {
          "id": "302387af629e1488917d6a7ed43a4e1b",
          "author": "李宗恩",
          "time": "2020年06月07日 10:07",
          "content": "<p>謝謝你的信任及鼓勵！</p>",
          "level": 1,
          "highlight": true,
          "children": [
            {
              "id": "aae0b0457fd7810585fd084187295f44",
              "author": "三三三",
              "time": "2020年06月08日 03:22",
              "content": "<p>你说的不错，我在2011年购买了人纪正版是4.6万元，但是一直没有时间去深圳跟诊倪师，后来倪师过世，成了我一辈子的遗憾。<br/>\n之后汉唐搞义诊，我去跟诊伯师数次，真心觉得教的差倪师太远，遣方用药都模棱两可。但是待人接物，为人处世真的让人如沐春风……<br/>\n也一直在人纪的群里，毕竟还是人纪的学员，倪师特别注重医德教育，这一点我还是很支持的，抛开医术不说，教育大家成为一个有良心的医师，他还是很努力的………..</p>",
              "level": 2,
              "highlight": false,
              "children": [
                {
                  "id": "b884f205edf9b2bcad6b73e832802883",
                  "author": "李晨",
                  "time": "2020年06月09日 15:32",
                  "content": "<p>就这伯师，药方都搞得不是清楚，还收费5000一个人纪学员。<br/>\n最主要的事还有那么多人跟某伯师，宣传要为往圣继绝学。可东西全是倪海夏老师的，天天说更新更新，说讲的和倪海夏老师有区别，不一样。不就是吸引人交学费吗？宣称去美团桃花岛跟诊学习交5万。他们也知道，大家都没有钱，也出不起那个路费去美国，才打这个主意的。我最恨那些没有医德的医生，雕虫小技，哄农村老百姓。</p>",
                  "level": 3,
                  "highlight": false,
                  "children": []
                }
              ]
            }
          ]
        }
      ]
    },
    {
      "id": "7db9d10ef8603756d9cb81a6eb9afc7d",
      "author": "学里",
      "time": "2020年09月20日 04:14",
      "content": "<p>李医生您好，在大陆哪里能找到您看病呢？</p>",
      "level": 0,
      "highlight": false,
      "children": []
    },
    {
      "id": "c1d9d750b2b42d5ca661bdbf96b77081",
      "author": "三三三",
      "time": "2021年03月26日 06:04",
      "content": "<p>啥？5000一个人纪学员？问题是跟着也没学到什么新东西啊，教的全是倪师视频里的，还不如自己多看几遍视频。</p>",
      "level": 0,
      "highlight": false,
      "children": []
    },
    {
      "id": "01a3a47834c986e93f6665ca53b40108",
      "author": "Yingnan",
      "time": "2021年12月02日 05:29",
      "content": "<p>支持正本清源！<br/>\n大陆确实鱼龙混杂，我尝试联系过官网上展示的学员弟子，结果诊所说他已经移民美国了，可惜。<br/>\n另。我是在大陆的视频网站看到倪老师的视频，学习的人真的很多，倪老师每个视频基本任何时候都有几个人在观看。<br/>\n网站叫bilibili，上面全是年轻人，个人认为是大陆可以对标youtube的平台。<br/>\n而且上面也有很多外籍人士入驻上传视频，如果有意向可以在上面发布视频。</p>",
      "level": 0,
      "highlight": false,
      "children": []
    },
    {
      "id": "29bc191c608297a69bc2fc306828a5f4",
      "author": "seraph",
      "time": "2022年02月07日 11:44",
      "content": "<p>刚刚开始学中医，机缘巧合之下在YouTube看到了倪海厦的录像，讲得真好，我一个理科出身的工程师也听得欲罢不能有些上瘾。</p>\n<p>我孤陋寡闻，一直不知道他不在的事情，听了他的课一段时间后好奇查他的资料，才知道他59大限的事情。开始觉得天妒英才，可是看过他教过的内容就感觉有点理解了：他讲出了太多大自然的秘密，这是很危险的。大概老天不敢让他讲下去了，天机泄漏太多了- 天机就是天地运行的最基本的原理和推论吧？- 他讲命卦，应该知道算命算的太准的都会有一些伤病残，他对世人的贡献可比泄漏了一两句天机的神算子们来的大多了，天机也泄漏得更多了；另一个就是他讲的都是华人老祖宗的智慧，竟然没有门派区别地教给老外，也不知道张仲景和黄帝等人同不同意，说不定给黄帝拉去去撰写《外经》了-再过两百年，挖古墓时挖到《外经》，可能就是倪师在天上花了几个月写出来的…… 希望倪师在天上一切都好。</p>\n<p>所以我们事情不能做的太圆满，要给自己留一点余地。老祖宗的东西要保存好。</p>\n<p>偷偷以为，如果倪师自己没有把前面几项课程教的太快太完美，留一些空间和余地，可能他还能教我们久一些，多一些。像孙思邈，写书就慢慢地写书呗，写得庞杂一些，有些小缺陷，给老天留点面子，给自己留条后路。 </p>\n<p>倪师生前的决定师母改变主张，这应该也有情可原：倪师人在家人就自然会衣食无忧，可是如果倪师不在了，可能他也希望家人能生活安逸吧？我们不必对师母太过苛求，可是如果有人打着倪师的幌子误人病情就和谋财害命没两样了，那就绝对不能理解了。</p>",
      "level": 0,
      "highlight": false,
      "children": []
    },
    {
      "id": "945594753074967a8ac0366e062ee02b",
      "author": "shi",
      "time": "2022年02月07日 19:24",
      "content": "<p>Dr.li 倪诊所地址在哪里？怎么联系你，麻烦你email我，感恩</p>",
      "level": 0,
      "highlight": false,
      "children": [
        {
          "id": "247e09ab453efc352843db32437c535d",
          "author": "李宗恩",
          "time": "2022年02月08日 09:25",
          "content": "<p>不確定你什麽，如果你是問倪海廈老師診所，他已經過世十年了，如果你是問我診所，這網頁上都有資訊。</p>",
          "level": 1,
          "highlight": true,
          "children": []
        }
      ]
    },
    {
      "id": "68955ee698f67485cc85e499dc5b6997",
      "author": "Serena",
      "time": "2025年05月24日 19:00",
      "content": "<p>請問一下哪裡可以買到倪醫師的經典藥方書籍。謝謝</p>",
      "level": 0,
      "highlight": false,
      "children": [
        {
          "id": "28d0b22b7e4fc4ff369dc12fb056ed47",
          "author": "李宗恩",
          "time": "2025年05月30日 15:53",
          "content": "<p>如果你指的是人紀系列，早就已經絕版了。</p>",
          "level": 1,
          "highlight": true,
          "children": []
        }
      ]
    }
  ],
  "page": 26,
  "order": 9,
  "filename": "data\\page26\\page26_order8_84bbc37eb389a5d1ecfcaf4863441c09.json",
  "timestamp": 1749355484.1172748
}