{
  "article_url": "https://andylee.pro/wp/?p=6548",
  "title": "保持適度的自我懷疑",
  "content": "<p>最近有位四十歲左右的女病人，月經一直沒有來，體重增加了五六公斤，小腹也凸起來了。很多人可能會猜，這位女病人大概懷孕了。我檢查了她的脈象及其它各種表徵，我告訴她不是懷孕了，而是中下焦寒濕突然激增。她聽了以後，也告訴我，她已經驗孕過了，並沒有懷孕。</p>\n<p>經過了幾週的治療，這位女病人有了像是月經的出血，不過，血量少，顏色偏褐，和她以往的月經不同，而她的小腹仍沒有消減的跡象。為了小心謹慎，我再次和她確認之前的驗孕結果。這位女病人對我的確認非常驚訝，她高聲的說：「李醫師，怎麼我比你自己還相信你的判斷？」</p>\n<p>是嗎？一位好的醫生可以全然相信自己的判斷嗎？其實，我一直認為，無論是醫生、企業家、風險投資家、或者是其它任何行業的人士，都應該隨時隨地保持適度的自我懷疑，即使一件事情已經重複成功完成過上百次，保持適度的自我懷疑，是風險管理上不能缺少的關鍵環節。唯有如此，才能不斷的精進，也把犯錯的風險減到最小。</p>\n<p>這樣的想法，或許和我個人的經驗有關。當我還在史丹佛大學念博士時，我喜歡上了潛水，從Open Water Diver、Advanced Open Water Diver、Rescue Diver、Night Diver、Deep Diver、Mixed Gas Diver，一直訓練到Divemaster，成為了一名專業潛水員。一般觀光客的潛水活動是安全的，然而，潛水有很多的變因，天氣不佳、能見度不足、風浪過強、儀器故障、身體狀況不佳、人為疏失等等，任何一個小細節都可能演變成致命的危險。每一次下水前，專業潛水員都會很誠實的檢視各種細節，對自我狀況的審核更是嚴格，包括24小時內是否喝過咖啡或酒精飲料、睡眠是否充足、有沒有任何感冒症狀等等。身為一位專業潛水員，我有資格、也有能力一個人單獨在黑夜的大浪裡潛到140英尺的海底，然而，即使是大白天、風平浪靜、簡單的潛水活動，我也被訓練到隨時隨地保持警戒，不斷地問自己，如果有突發狀況，是否有足夠能力及儀器來救自己及其他人？</p>\n<p>這麼多年過去了，因為事業及家庭生活忙碌，已經很少潛水了，卻熱衷上了攀岩。無論室內或室外，攀岩都是一項自我挑戰，除了體力及技術的訓練以外，嚴謹的態度，以及隨時保持警覺，又再度成為必要的心理條件。</p>\n<p>適度的自我懷疑，並不會減少一位醫生的自信心，也不會損害他的面子，反而提升了醫生的專業度，也為病人多增加了一層保障。</p>\n<p>P.S. 潛水照片取自PADI網頁，攀岩照片是我在蒙大拿州岩壁上攀岩。</p>\n<p>P.P.S. 剛剛病人來複診，上週開始明顯改善，因為我上次決定加重熱度，加了生硫磺，總算打開了中下焦的寒積。病人跟我坦誠，前一陣子以特殊飲食來減肥，兩個月BMI從29掉到21，後來就出問題了。下次我來寫個醫案，挺有意思的。</p>\n<figure class=\"wp-block-image\"><img alt=\"\" class=\"wp-image-6550\" decoding=\"async\" fetchpriority=\"high\" height=\"355\" sizes=\"(max-width: 566px) 100vw, 566px\" src=\"https://andylee.pro/wp/wp-content/uploads/2019/11/Screen-Shot-2019-11-10-at-5.32.47-PM.png\" srcset=\"https://andylee.pro/wp/wp-content/uploads/2019/11/Screen-Shot-2019-11-10-at-5.32.47-PM.png 566w, https://andylee.pro/wp/wp-content/uploads/2019/11/Screen-Shot-2019-11-10-at-5.32.47-PM-300x188.png 300w\" width=\"566\"/></figure>\n<figure class=\"wp-block-image is-resized\"><img alt=\"\" class=\"wp-image-6563\" decoding=\"async\" sizes=\"(max-width: 768px) 100vw, 768px\" src=\"https://andylee.pro/wp/wp-content/uploads/2019/11/IMG_20180615_100127-768x1024.jpg\" srcset=\"https://andylee.pro/wp/wp-content/uploads/2019/11/IMG_20180615_100127-768x1024.jpg 768w, https://andylee.pro/wp/wp-content/uploads/2019/11/IMG_20180615_100127-225x300.jpg 225w\" width=\"566\"/></figure>",
  "article_time": "2019年11月10日 22:02",
  "comments": [
    {
      "id": "01033311228711f5c1f510058724e34c",
      "author": "淳賓",
      "time": "2019年11月10日 22:24",
      "content": "<p>超厲害的<br/>\n所以雖然我們素未謀面你卻一直是我的偶像</p>",
      "level": 0,
      "highlight": false,
      "children": [
        {
          "id": "f6566cfd9f7133418652334469be17cf",
          "author": "andy",
          "time": "2019年11月11日 14:03",
          "content": "<p>謝謝你的支持與鼓勵！</p>",
          "level": 1,
          "highlight": true,
          "children": []
        }
      ]
    },
    {
      "id": "83a2eea7ff396b5fe097173d8e010ae6",
      "author": "魯豆腐",
      "time": "2019年11月10日 23:06",
      "content": "<p>有句話說：「小心不蝕本」，也就是說對於自己再是常態的行事做風，都要保持高度小心，謹慎為要的態度。每件事的判斷和著手切入時機充滿了變數，如同在股市投資一樣，永遠有著深不可測的變數在後面埋伏著，每一手決定攸關著重要勝敗，有時乃至於身家財產的存續問題，實在是不得不小心為上。</p>\n<p>好的醫家絕對把患者的健康擺在第一位，也不容許自己有任何的閃失，輕則令患者受盡無端的痛苦，重者就是一條人命的損失。也因此說如履深淵如履薄冰也不誇張。倪醫師曾每次在為患者開藥時那種專注而小心的神情永遠留在我們跟診學員的腦海之中，令身為倪門子弟無不也學得更加得思之再三。</p>\n<p>Dr.李的這張攀岩照，也同時在提醒我們每一步都得小心奕奕，否則一失足就成了千古遺恨。再有把握的事，都希望能多加小心謹才能平安順遂。</p>",
      "level": 0,
      "highlight": false,
      "children": [
        {
          "id": "641820a6ae17dda6942a5b59ccc8bf7e",
          "author": "andy",
          "time": "2019年11月11日 14:05",
          "content": "<p>是的，倪老師用藥很小心，並不是許多人仿效的那樣，把炮附子、生附子、烏頭的劑量拼命加大。</p>",
          "level": 1,
          "highlight": true,
          "children": [
            {
              "id": "ee6ec46673c0e83789ce829a025b5c27",
              "author": "魯豆腐",
              "time": "2019年11月11日 16:23",
              "content": "<p>是的，Dr.李，説得很好，即使藥方開對了，但是劑量沒抓準，也是沒走對最後一步，謹記住了您的提示，謝謝</p>",
              "level": 2,
              "highlight": false,
              "children": []
            },
            {
              "id": "f0749963e20be9b92abfdb4847920dc6",
              "author": "李晨",
              "time": "2019年11月12日 04:21",
              "content": "<p>是的，见倪老师用这些阳药，在重病患者身上，也就是10到20克。 中国的医生，远远超过这个量，炮附子200克，生附子100多克的也有，还是号称经方家的人。这样不会把人烧干吗？<br/>\n李博士，好久不见，最近我的睾丸服药后基本不痛了吧。，也没有坠的厉害了。 好了百分之90的样子。<br/>\n缺点就是肝血虚，睡觉不好。<br/>\n梦多。<br/>\n其实人应该多开心，往开心的地方走，多体验人生的乐趣，细思品味。 调整好了，就不需要服中药了。<br/>\n人生病和五脏对应的喜怒忧思恐，相连接的。</p>",
              "level": 2,
              "highlight": false,
              "children": []
            }
          ]
        }
      ]
    },
    {
      "id": "d9e6d7a6396dddf4ff5be4e66b928fbe",
      "author": "瑞芳",
      "time": "2019年11月11日 03:37",
      "content": "<p>主题秒变“潜水”，哈哈哈…</p>",
      "level": 0,
      "highlight": false,
      "children": []
    },
    {
      "id": "c8125136ee7870197f9105f3af9bd5f9",
      "author": "內經初學者",
      "time": "2019年11月11日 12:16",
      "content": "<p>我理解的“自我懷疑” 是 “謹慎“、”警覺” 之類的。<br/>\n為醫者的謹慎、警覺是很必要的， 也是病人的依託所在。真是替病人慶幸！<br/>\n李醫生，你用的是什麼經方來治療該女士的症狀的？我正在讀金匱婦人篇，非常好奇。謝謝！</p>",
      "level": 0,
      "highlight": false,
      "children": [
        {
          "id": "cf308590e36c98a137c5ca8ecfadf7ce",
          "author": "andy",
          "time": "2019年11月11日 14:12",
          "content": "<p>這個病人的問題並不在婦科，月經是因為中下焦太寒濕而無法下行，麻黃附子細辛湯，加強心陽、利水、及少許活血化瘀的藥，畫龍點睛的為生硫磺。</p>",
          "level": 1,
          "highlight": true,
          "children": []
        }
      ]
    },
    {
      "id": "8a1ac30f161ccb8e0fb9f763d2f2691d",
      "author": "子超RayZ",
      "time": "2019年11月12日 08:08",
      "content": "<p>合理的自我怀疑其实也是谦虚的表现吧，永远不会自满，时刻保持精进，易经里面64个卦中唯一只有谦卦是六爻皆吉的卦，也说明了谦虚的重要性，感叹李医师这样的实力之下还有这样的谨慎谦虚心态，向您学习！！</p>",
      "level": 0,
      "highlight": false,
      "children": [
        {
          "id": "ee901aff7a6eaf922b5b130e2c5985f1",
          "author": "andy",
          "time": "2019年11月19日 11:33",
          "content": "<p>謝謝！</p>",
          "level": 1,
          "highlight": true,
          "children": []
        }
      ]
    },
    {
      "id": "05ebac36458da16f5abda8ee7a2ab4cb",
      "author": "lmc",
      "time": "2019年11月12日 19:11",
      "content": "<p>每一次看您的部落格，都会吸收不一样的知识，看了倪师的天纪，人纪后在对自己的八字后，对宫是文昌，文曲星，真的是天意，我的天眼就好比打开了一样，看事物也明白了。启蒙后的自己完全不一样，学什么东西都很快，也很容易理解，感恩倪师，感恩李医生。 我是 太阳，天梁星做命宫，还有禄存，这也说明我也是比较合适做医生的，  知道李医生不会在这里说关于天纪的事情，只是随中一说，李医生无需在意。    还有一个问题一直想问您，白癜风的病因是什么情况。</p>",
      "level": 0,
      "highlight": false,
      "children": [
        {
          "id": "7adfaac52255d4517450a3f324c3c96f",
          "author": "lmc",
          "time": "2019年11月12日 19:15",
          "content": "<p>命宫还有化权</p>",
          "level": 1,
          "highlight": false,
          "children": []
        },
        {
          "id": "aff78b31f56e6c2c2fab322635bf8108",
          "author": "andy",
          "time": "2019年11月19日 11:34",
          "content": "<p>謝謝你的分享，我們這裡不討論命理。白癜風在西醫是免疫系統問題，中醫得辨證論治，但大多和肝脾有關。</p>",
          "level": 1,
          "highlight": true,
          "children": [
            {
              "id": "9540e8bf853fc946283f53dd9a32d58b",
              "author": "lmc",
              "time": "2019年11月20日 02:37",
              "content": "<p>谢谢  李医生  以巨人为师，可知天下真伪</p>",
              "level": 2,
              "highlight": false,
              "children": []
            }
          ]
        }
      ]
    },
    {
      "id": "a352dd9d2d7352ee486a4ff3595a99ca",
      "author": "hide77625",
      "time": "2020年01月30日 19:18",
      "content": "<p>牛牛牛，潜水员是很牛的。</p>",
      "level": 0,
      "highlight": false,
      "children": []
    },
    {
      "id": "3fdb43c41924ea174f5656e0208fd100",
      "author": "微雨落花",
      "time": "2020年03月07日 03:12",
      "content": "<p>最近宅在家里出不去，幸好有李博的文章可以看，把更新的文章和之前没看过或看过没太看懂的翻出来再看看，日子似乎没那么难捱了。</p>",
      "level": 0,
      "highlight": false,
      "children": []
    }
  ],
  "page": 26,
  "order": 3,
  "filename": "data\\page26\\page26_order2_83a2eea7ff396b5fe097173d8e010ae6.json"
}