{
  "article_url": "https://andylee.pro/wp/?p=6956",
  "title": "對父親的思念",
  "content": "<p>寫完「讓自己幸福快樂、人生精彩，是對過世的親人好友最大的懷念」那段文字後，我冒著細雨帶我的狗去居家附近散步。斷斷續續的陣雨，窸窸窣窣的冷風，飄飄散散的落葉，柏拉阿圖（Palo Alto）小鎮街道上，呈現出秋天淒涼的肅殺。十一月底了，又是一年即將過去，走在鋪滿黃色銀杏及紅色楓葉的人行道上，我突然想起父親的生日在十一月，很久沒有的感傷與思念，又在心中浮起…..</p>\n<p>其實，父親不知道自己的生日是哪月哪日，身分證上的日子是他編出來的。父親生長在一個特殊的年代，歷經了戰爭的動盪不安，也歷經了經濟的快速發展，他的故事，得從我的祖父母說起。</p>\n<p>祖父生於江西贛南的望族，祖母是新時代的女性，是位西醫，在上海行醫。他們本來可以躲在上海法租界內，安安穩穩過自己的日子、養育下一代。然而，那個時候國家受到外強的侵略，人們生活困苦，祖父秉持著讀書人對國家社會應該負擔的責任，投筆從戎，從書生變成了黃埔二期軍官。戰功彪炳，年紀輕輕就官拜少將副司令。很可惜，在對抗日本侵略、保護國人時，因為武器及後勤補給巨大的差距，為了國家、為了百姓捐軀了。祖父過世後，父親和其他兩百多位為國捐軀將領的孤兒們，在名義上被蔣宋美齡女士收養，成為「國民革命軍遺族學校」的一員，父親是當中年紀最小的一位。抗日剛剛勝利，國共交戰激烈展開，國民黨敗退台灣，「國民革命軍遺族學校」所有的小孩子也被帶到了台灣，祖母並沒有一起被撤離到台灣，父親正式成為了一位孤兒，被安排在師範學院的體系下唸書，那時他還不到十歲。</p>\n<p>父親倒是很樂觀，並沒有因為祖父為國捐軀而覺得國家欠他什麼，他覺得在那個窮困潦倒的年代，他有學校宿舍住、有學校餐廳吃飯、有學校教室上課，已經算是幸運的了。他最常回憶的故事是中學時代晚上和一群同學從宿舍翻牆偷溜出去看籃球比賽，看完比賽後又在大街上閒逛，直到被警察以管束不良少年的理由抓到警察局。警察們對他們這群小鬼頭們大罵，說他們家教不良，要他們叫父母來接他們回家，倒要看看他們的父母是什麼德性，會養出這樣的不良少年。這個時候，父親就會大剌剌的拿出身分證，上面父母欄位寫著蔣中正、蔣宋美齡，在那個白色恐怖的時代，這可把警察們嚇得臉色發青，不知所措，直到當地的軍區司令派人把這群「沒人敢管教」的小鬼頭們帶回學校宿舍！</p>\n<p>隨著年紀的成長，父親並沒有繼續他中學時代的年少猖狂，反而是考上了大學，當起了老師，不過還是做了一件「前衛」的事，我母親本來是他的學生，父親成為最早「瓊瑤小說師生戀」的成員之一。從那個時候開始，台灣進入了快速成長的年代，父親從老師變成了學校主任，再變成了高中校長，同時也有了我們三位小孩，雖然不是什麼富有人家，有車有房，生活還算是挺不錯的。</p>\n<p>父親有一點和那個年代的許多人很不一樣。那個快速成長的年代，也是社會上套用關係及收受賄賂最猖狂的年代。校長職位是大家公認的肥缺之一，因為學校大大小小的工程、每一位老師職員的任用，都有公開的「紅包價格」，似乎沒有人覺得有什麼不對，就好像那時候醫生不收病人紅包，病人反而會不安心、會怕出問題。然而，父親堅決不收任何紅包，該做的事、該聘任的老師，就直接去做、去聘任，人家私底下想盡辦法塞給他紅包，他一律把紅包砸在人家臉上，毫不留情的退還給人家。</p>\n<p>父親這樣的守法守責，本來是件正確的事，是讀書人對社會應該負擔的責任。很可惜，在那個年代，你不收紅包，還強硬的把紅包退回去，不但得罪了人，對方不再尋求你的合作，更擋了許多人的財路，畢竟校長都不收紅包了，那主管工程發包的主任如何能收紅包？而父親自己不收紅包，當然也就不會對教育體系下的「長官們」阿諛奉承、送紅包。因此，像父親這樣公正不阿的校長，從上到下都給他很大的壓力，即使他辦學有成，多次受到政府公開表揚，三不五時就會有人希望他下台，換一位比較「符合潮流」的人來任職。父親堅守正義的信念近二十年，最後還是抵擋不過邪惡的明槍暗箭，鬱鬱寡歡的離開了校長的職位。雖然父親轉任私立大學教授、教務長，金錢及職務上並沒有比以前差，然而，近二十年的善惡對抗，竟然是正義的一方被擊敗，長年的壓力及後來的抑鬱，很可能是他得到肝癌的主要原因。</p>\n<p>父親的故事，對我有很大的影響。自從很多年前開始在高科技及金融管理上闖蕩以來，每隔一陣子就會有人問我，我頂著史丹佛及柏克萊兩所頂尖大學的光環，加上和許多世界知名教授的關係，為什麼不「編個什麼故事」來「爭取」中美國家的大型專案補助，或者「搞個什麼公司計劃」來「換取」投資人的大量資金？轉入醫學界後，每隔一陣子還是會有人問我，我現在又增加了倪海廈老師中醫的加持，「編個什麼故事」、「賣個什麼產品」不是輕而易舉嗎？反正連高科技業都盛行「Fake it till you make it」的造假心態，我為什麼那麼「死腦筋」，非得堅持用對的方法，做對的事情？</p>\n<p>如果我為了金錢利益去做些「斂財」的事，那麼，父親當年為什麼還需要堅持不收紅包、不阿諛奉承？如果父親當年不那麼「死腦筋」，不但名利雙收，以他會開玩笑的個性，保證人緣特別好，加上「國民革命軍遺族學校」的光環，說不定哪天就當上了教育部長，還會是個「有錢」的教育部長！父親一生公正不阿，不僅僅是傳承了祖父秉持讀書人對社會的責任，更是為他的子女們做出好的榜樣。如果我不能堅持做對的事情，那父親一生為了正義而承受的壓力與抑鬱不就是枉然？我不但對不起父親，更無法為我的兒子樹立好的榜樣，祖上積德就斷送在我手裡，不要說是失去了讀書人的擔當，就連自己家門都無法面對！</p>\n<p>做該做的事，是我對父親最大的懷念！明天是美國的感恩節，讓我們一起感謝家人及朋友們對我們的付出與寬容，更讓我們一起感謝世界上一大群為了公理正義而奮鬥不休的陌生人，因為他們的堅持，這個世界才會更美好！ </p>",
  "article_time": "2019年11月27日 20:00",
  "comments": [
    {
      "id": "a58f6ec59a50233f18c2f61b16c32cbd",
      "author": "林強尼",
      "time": "2019年11月27日 21:35",
      "content": "<p>李醫師：<br/>\n謝謝您的這句「做該做的事，是我對父親最大的懷念！」，加油!!!</p>",
      "level": 0,
      "highlight": false,
      "children": [
        {
          "id": "f63de1e37c75dce8cff02314ee4192b9",
          "author": "andy",
          "time": "2019年12月02日 10:17",
          "content": "<p>謝謝你的支持與鼓勵！</p>",
          "level": 1,
          "highlight": true,
          "children": []
        }
      ]
    },
    {
      "id": "90cf67eee42f24e66f4b09aa1f50d971",
      "author": "魯豆腐",
      "time": "2019年11月28日 05:13",
      "content": "<p>長期以來我們就是因為你這樣有所堅持的人格特質來信賴您，同時也因為您願意無私的在倪醫師的門下努力教導大家，使我們都能得到救贖，古傳正統中醫也因為您的付出得以延續而茁壯，謝謝你Dr. 李</p>",
      "level": 0,
      "highlight": false,
      "children": [
        {
          "id": "1edae98282e24660230d9e9bae0ea29e",
          "author": "andy",
          "time": "2019年12月02日 10:18",
          "content": "<p>感謝感謝！</p>",
          "level": 1,
          "highlight": true,
          "children": []
        }
      ]
    },
    {
      "id": "af7f267060a9b6a02a283a5b427705cd",
      "author": "出師未捷身先死",
      "time": "2019年11月28日 22:29",
      "content": "<p>最近看了倪师在09年扶阳论坛上的演讲，倪师在演讲最后一句打遍西医无敌手，赢得了听众的一阵鼓掌，这种邪不压正的气势，在中医界是绝无仅有的现象。现在中医在西医的围堵之下节节败退，溃不成军，中医人才青黄不接，后继无人，中医界真亟需一位像倪师一样的领军人物来扭转中医的颓势。</p>",
      "level": 0,
      "highlight": false,
      "children": []
    },
    {
      "id": "bec08c1609c5f77022e0a8baa364f1ea",
      "author": "瑞芳",
      "time": "2019年11月30日 05:56",
      "content": "<p>做人难，做好人更难！</p>",
      "level": 0,
      "highlight": false,
      "children": []
    },
    {
      "id": "2235dce77730e3cf5af319809644d84d",
      "author": "明遠",
      "time": "2019年12月01日 04:14",
      "content": "<p>李醫師 您好:</p>\n<p>您的兩位先人為國家社會所作的犧牲奉獻，必將得到諸佛菩薩的加持和護念。</p>",
      "level": 0,
      "highlight": false,
      "children": [
        {
          "id": "e2d85fdb885a7b3b2c7691c9287bc047",
          "author": "andy",
          "time": "2019年12月02日 10:19",
          "content": "<p>感謝！</p>",
          "level": 1,
          "highlight": true,
          "children": []
        }
      ]
    },
    {
      "id": "7a69006e5d615907fcb4ab7c8d486b84",
      "author": "李晨",
      "time": "2019年12月02日 04:58",
      "content": "<p>个人看一些不正的东西喜欢去揭发，比如我的货车教练员，第一次交我故意不交真实，最后去请教他在交点位，连骂带说的交。这不是主观表现让我表示送礼吗？<br/>\n结果我揭发他了。然后被家里人说了，又来学车。<br/>\n之后请这位教练员吃饭也不去，装清高。<br/>\n今天在训车行驶中有故障有不懂，问他，当着众人的面，假笑那种小人面相，说，我怎么知道。<br/>\n 回家越想越气，之前的事我已经道歉了。<br/>\n算了吧，让天来分辨是非，他这样对我一个年轻人，会遭报应的。没见过驾校教练这种社会底层的职业，整的自己很高大上。非要学员送烟请客，才交。 就看不惯那种小人面相在我面前飘来飘去。算了吧，。越想越气愤！伤到肝肺。我想以后会不会得肝癌，肺癌呢？得提前预防。远离这种小人。<br/>\n你说对吗？李医生</p>",
      "level": 0,
      "highlight": false,
      "children": []
    },
    {
      "id": "9e79cf4d780d9e62f4325a9cb69a98ee",
      "author": "子超RayZ",
      "time": "2019年12月19日 15:33",
      "content": "<p>有其父必有其子，李医生父亲的人格让人赞叹！看得我好感动！也难怪有李医师这样的医术医德兼具的中医！感谢李医师你们俩位在不同领域做出的奉献</p>",
      "level": 0,
      "highlight": false,
      "children": [
        {
          "id": "94a4fb65c9930407125c75cba46d5f88",
          "author": "andy",
          "time": "2019年12月31日 09:30",
          "content": "<p>感謝你的支持及鼓勵！</p>",
          "level": 1,
          "highlight": true,
          "children": []
        }
      ]
    },
    {
      "id": "10285d1b8cf80e4d05a4b566672e1918",
      "author": "Dennis Wu",
      "time": "2020年01月03日 06:25",
      "content": "<p>李医生一家三代高风亮节，令人敬佩！希望有朝一日可以当面向李医生学习。</p>",
      "level": 0,
      "highlight": false,
      "children": [
        {
          "id": "d5a01d0e245c46e369f65cfd6dc312e4",
          "author": "李宗恩",
          "time": "2020年10月09日 19:22",
          "content": "<p>感謝你的支持及鼓勵！</p>",
          "level": 1,
          "highlight": true,
          "children": []
        }
      ]
    },
    {
      "id": "c7c08d52e16f588faf6b162131e8678f",
      "author": "Leo Yao",
      "time": "2020年01月09日 11:10",
      "content": "<p>感动，感恩你的医术对我家的帮助。</p>",
      "level": 0,
      "highlight": false,
      "children": [
        {
          "id": "33355d05b351f1f83cd5b4313a46fe0d",
          "author": "andy",
          "time": "2020年01月10日 10:17",
          "content": "<p>感謝！</p>",
          "level": 1,
          "highlight": true,
          "children": []
        }
      ]
    },
    {
      "id": "02305032e504a086459d075f63ce1791",
      "author": "shengyi qi",
      "time": "2020年07月17日 04:29",
      "content": "<p>我的外祖父，貌似是因为体格的原因，可能太瘦小，在参加抗美援朝的队伍中被筛除，随后便在那个吃不饱的年代担任蔬菜水果采购主管，同样是将送礼的人，连人带物赶了出去他被频频下放，但是外祖父没那么幸运，常年郁结，66岁一气之下心脏衰竭撒手人寰。我母亲最优秀的继承了外祖父的讲实话、办实事，宁可站着死也不能跪着生。所以一辈子医院的职业生涯，除了技术经验有扎实的提升以外，职位一直趋向与领导无交集的位置。至于我，虽然时常被看作是另类，在事业单位站队的分叉口，也是当时职业生涯的巅峰期选择转行，亲朋好友即使不理解，但我却以自己能继承这份信念而骄傲。感恩传承。感恩您的坚持对我以及家人朋友的帮助</p>",
      "level": 0,
      "highlight": false,
      "children": [
        {
          "id": "a67dd90d9e997a097e6dbeb8bc886be2",
          "author": "李宗恩",
          "time": "2020年07月19日 08:15",
          "content": "<p>謝謝妳的分享！有信念及原則，人生才有意義！</p>",
          "level": 1,
          "highlight": true,
          "children": []
        }
      ]
    },
    {
      "id": "e35c8ecda173bae760993dc1de4b4bf0",
      "author": "晨翔",
      "time": "2020年07月17日 21:01",
      "content": "<p>这份正义会永远受人尊敬，祖宗之荣耀，儿孙之后福…</p>",
      "level": 0,
      "highlight": false,
      "children": [
        {
          "id": "bc3f1c3ead8a991536bcf60d9d5b54c1",
          "author": "李宗恩",
          "time": "2020年07月19日 08:16",
          "content": "<p>謝謝你的支持與鼓勵。</p>",
          "level": 1,
          "highlight": true,
          "children": []
        }
      ]
    },
    {
      "id": "66ed32ab90c02d7b759c57d8ceceef2f",
      "author": "ieitZYB",
      "time": "2020年09月27日 17:20",
      "content": "<p>近二十年的善惡對抗，竟然是正義的一方被擊敗，長年的壓力及後來的抑鬱，很可能是他得到肝癌的主要原因</p>",
      "level": 0,
      "highlight": false,
      "children": []
    },
    {
      "id": "bca5ed62538677dc765865aa9aa9a5ac",
      "author": "甘",
      "time": "2021年04月10日 08:18",
      "content": "<p>最近在陪儿子一起读海瑞的故事，看您文章也有了感悟。人能在年轻时就把自己活明白，并能坚持下来，有多不易啊…</p>",
      "level": 0,
      "highlight": false,
      "children": [
        {
          "id": "788b291b4c8cadb95bd5665ba82b44e4",
          "author": "李宗恩",
          "time": "2021年04月11日 18:00",
          "content": "<p>「堅持」不是一件容易的事情，但「堅持」才能帶給人生真正的意義。</p>",
          "level": 1,
          "highlight": true,
          "children": [
            {
              "id": "25c983641b29e73cf30c6c9065c8186a",
              "author": "甘",
              "time": "2021年06月18日 23:38",
              "content": "<p>是的，李医师，坚持的人生好像才能找到意义，可是我没能坚持好，造成今天遗憾终身的局面<br/>\n本来我不敢再找您，可是这些特殊的情况只有您了解，无奈下还是得找您。</p>",
              "level": 2,
              "highlight": false,
              "children": []
            }
          ]
        }
      ]
    },
    {
      "id": "0b674b6e9e454d80a93e498779e9f06a",
      "author": "甘",
      "time": "2021年06月19日 01:12",
      "content": "<p>在这里，我想先继续给您留言，如果可以的话，我希望这些信息可以不被别人看得到;如果不可以，也没关系……<br/>\n  从女儿走后，我的心理身理都出现了比较大的问题，感觉身体到了一种提前衰老的状态，再加上不停地熬夜工作以渡过时间，导致身体出现各种不适及病痛，原本就不乐观的心理更加糟糕，任何事情都会不由自主地往坏处想，我想我是不是到了一定的抑郁症。女儿的事情事情我无法释原谅自己，但我还有活着的责任，于是我去了寺庙(早之前女儿还在时，我爱人已经在佛门做了皈依法事)。从寺庙回来后的一段时间里，我曾两次梦见您，梦里模糊记忆您似乎都在对我说“放下吧”，我想您可能也是师父们所说的活菩萨吧……<br/>\n身体各种不适，到了无法继续安心工作的地步，但我不想通过西医检查，于是去看了附近的中医，吃了一段时间药，中医只是缓解我的胃痛问题，其他仍然存在，我不敢跟他明说家里发生的事情，所以医生可能也无从了解到。所以我只能再次找到您这儿。我已经写了邮件联系诊所，等诊所同事们回复。但是之前邮件联系时说是要等到三个月后才能安排远程诊断了，所以在这里我想先把儿子的情况跟您说说看。<br/>\n  是关于我十岁半儿子的，问题也不算大却比较有影响，他扁桃体肿大，可能还有西医所说的腺样体肥大，因为他趴睡，张嘴睡觉，出现了一点腺样体面容特点，就是下巴偏短，虽然目前还不是特别明显，但我担心他会越来越严重。另外，他很容易上火，吃东西不对，就来的很快，扁桃体发炎，肿大，化脓，发烧，咳嗽，口腔溃疡这些就都跟着来了，所以我平时都不敢让他乱吃东西，可是忌口太厉害，导致母子关系比较紧张，我若是不强势就管不住，若是强势地管住了，又会导致孩子胆子越来越小，做什么事情都要来问问我。加上孩子本来就胆小，听说腺样体肥大也会导致孩子胆小，所以这让我比较难受。他五岁六岁时经历过一次极端天气，所以现在很怕刮风，外面一刮大风，他就要把全家所有的窗户都关上。<br/>\n  另外他很瘦小，尤其下肢，十岁多的孩子才26kg左右，135cm,他食欲还是不错的，平时精神状态也很好，学习成绩也好，就是吃了不长，不吸收，所以我觉得他中焦是偏弱的，大便两三天才一次，大便性状还可以，有时会有点粘马桶。另外睡眠问题，绝大部分时候趴着睡，睡觉时爱翻腾，说梦话，流口水，而且口水有异味，不过入睡倒是比较快。再有就是怕热，脾气大， 我想他脾气大一方面跟大人脾气有关，另一方面也跟他的身体内部不通畅有关吧。<br/>\n  天气渐渐进入夏天，这夏天要是让他忌口不吃西瓜，不吃雪糕，怕是很难的，所以我找了相关信息，可是这里有一位说能治好腺样体肥大的医生说，需要吃半年的中药，另外要绝对忌口生冷寒凉，我想这恐怕即使做到，这么大的孩子，对他的情志怕是也不好，所以我还是选择请教您这儿吧。<br/>\n 他从幼儿园到小学一年级这段，闹过好几次扁桃体发炎化脓发烧，二三年级没怎么闹，最近四年级下学期了又连着闹了两次。以前我不懂中医，就靠吃药输液，我想那时就对他的脾胃造成了伤害了。如果您觉得我提供的信息不够，那就进一步远程问诊吧，就是时间问题。<br/>\n  我留言在这里，也不知道您什么时候能看到，我看到您的文章已经有一段时间没有更新了，知道您一定是很忙很忙的。先谢谢您！</p>",
      "level": 0,
      "highlight": false,
      "children": [
        {
          "id": "d552d867fa1fa0c6d66b19be67320744",
          "author": "李宗恩",
          "time": "2021年06月20日 17:16",
          "content": "<p>謝謝你的信任。我不在網上針對個案一一討論，遠程看診時再討論。</p>",
          "level": 1,
          "highlight": true,
          "children": []
        }
      ]
    },
    {
      "id": "17cefdf2356dd4a9a0f6edd2daabd33e",
      "author": "Murphy",
      "time": "2021年06月20日 18:51",
      "content": "<p>10多年前在看倪醫師的時事評論時，他多次提到對於癌症腫瘤勸人不要開刀，腫瘤的出現是因為身體會產生包覆膜把髒東西包起來，我們看起來就像是腫瘤，倪醫師認為應用中藥治療讓癌細胞難以吸收到營養，腫瘤自然會消退，若不完全消失，也可以和它和平共處。</p>\n<p>若是要開刀把它切除掉，癌細胞跟冠狀病毒一樣都有求生本能，會擴散開來，病毒則是變異，跑給你追，你不去動它，它就安靜的待在那裡，一動它就是打開潘朵拉的盒子，我有看李醫師的書中序文，對於令尊因為身體檢查發現肝腫瘤，然後連開兩次刀之後的煎熬，這是很多家庭經歷過的夢魘，希望能夠有更多人研究中醫養生理論，過道法自然的生活，減少醫療的負擔，也希望有更多人立志學好中醫能治好病，減少更多的家庭不幸。</p>",
      "level": 0,
      "highlight": false,
      "children": []
    },
    {
      "id": "28797c71f4ac95f4368ad10f1a9399f2",
      "author": "邓文正",
      "time": "2023年07月09日 12:48",
      "content": "<p>难怪李医生天赋超群，确实是祖上积了德，李医生也完美的继承了父亲和祖父的做人做事原则。李医生是我的偶像，我要向李医生学习，前几天重新看了开心鬼，发现，李医生长的很像黄百鸣，黄百鸣也是我很喜欢的编剧，演员。现实中有没有其他人说过李医生很像黄百鸣的</p>",
      "level": 0,
      "highlight": false,
      "children": [
        {
          "id": "ded343288428ae7b4b8ce0fffc845577",
          "author": "李宗恩",
          "time": "2023年07月09日 22:00",
          "content": "<p>謝謝你的支持與鼓勵。</p>",
          "level": 1,
          "highlight": true,
          "children": []
        }
      ]
    }
  ],
  "page": 25,
  "order": 6,
  "filename": "data\\page25\\page25_order5_bec08c1609c5f77022e0a8baa364f1ea.json"
}