{
  "article_url": "https://andylee.pro/wp/?p=3509",
  "title": "中國醫藥大學 4月演講行程",
  "content": "<p>4月底訪問<a href=\"http://www.cmu.edu.tw\">中國醫藥大學</a>的行程確定了， 三場演講都以臨床病例為主，非常感謝中醫學系辦公室同仁的協助，電郵往返很多次，幫忙安排好各個細節：</p>\n<p>4月24日(星期日)，上午9:00-9:30<br/>\n於立夫教學大樓地下一樓國際會議廳<br/>\n演講對象：第八十六屆國醫節暨中國醫藥大學中醫學系創系五十週年  －神經精神醫學臨床學術研討會<br/>\n演講主題：中醫對重症的治療</p>\n<p>4月28日(星期四)，下午1:00-2:00<br/>\n於立夫教學大樓11樓討論室三<br/>\n演講對象：中醫系碩博士班學生<br/>\n演講主題：重症病例討論（一）</p>\n<p>4月28日(星期四)，晚上6:00-8:00<br/>\n於立夫教學大樓2樓202教室<br/>\n演講對象：中醫學院大學部學生<br/>\n演講主題：重症病例討論（二）</p>\n<p> </p>",
  "article_time": "2016年04月01日 22:24",
  "comments": [
    {
      "id": "fcf9ed407dc506bf240cfe5cd5b2a29e",
      "author": "魯豆腐",
      "time": "2016年04月02日 05:05",
      "content": "<p>期望您把他們改變成為經方學子</p>",
      "level": 0,
      "highlight": false,
      "children": []
    },
    {
      "id": "d214af7b133c0f85b01c3f2681a75376",
      "author": "CAT",
      "time": "2016年04月20日 15:36",
      "content": "<p>會有演講錄音可以分享嗎？</p>",
      "level": 0,
      "highlight": false,
      "children": [
        {
          "id": "55830621e320be8f0caa9639e7e8b8bf",
          "author": "andy",
          "time": "2016年04月20日 19:38",
          "content": "<p>還不知道。</p>",
          "level": 1,
          "highlight": true,
          "children": []
        }
      ]
    },
    {
      "id": "b03bd659d2e6c5a80820e63b57c04210",
      "author": "KCL",
      "time": "2016年04月28日 12:27",
      "content": "<p>Thank you for the nice talk today! I hope we will have a chance to see you in my school NCKU<br/>\nin the future. We are particularly interested in your work on TCM expert system…:-)</p>\n<p>Due to the time limitation, I had some high-level questions but did not get a chance to ask you<br/>\nduring your talk today. I am wondering what will be your suggestions regarding</p>\n<p>1. What is the best way to learn about TCM<br/>\n– given that a good teacher is hard to find<br/>\n– some contents in traditional TCM literature might not be easy to grasp until one gets enough clinical experience<br/>\n– there could be noise in the traditional TCM literature ( e.g. Different people might have different explanations for the same word like<br/>\nthe 罷極 example you used during your talk)<br/>\nHow one can reduce the noise-to-signal ratio in leaning TCM?</p>\n<p>2. I totally agreed with you about the current direction of many TCM research work might not be on the right track.<br/>\nWhat would be a better research direction for a PH.D. student  in TCM, in your opinion?</p>\n<p>Thanks</p>\n<p>Best<br/>\nKuhn-chan Lan</p>",
      "level": 0,
      "highlight": false,
      "children": [
        {
          "id": "85b640303c61a226046585192517345d",
          "author": "andy",
          "time": "2016年05月02日 10:38",
          "content": "<p>謝謝你來聽工研院那場演講。關於自己學習中醫，我建議你用我老師倪海廈中醫師的教材，網路上可以找到資訊，當你看過倪老師的教學後，你會有較深入的感覺，到時候我們再討論如何再往下學習。關於博士研究，那就比較複雜，得為學生興趣、能力、未來出路等等著想，如果你覺得有幫助的話，可以讓你的學生先看一下我的文章、演講等，然後我可以和你的研究群來個videoconference，或許可以讓他們有些新的靈感。</p>",
          "level": 1,
          "highlight": true,
          "children": []
        }
      ]
    },
    {
      "id": "224d468bbeaec4fe215e37954d2720f0",
      "author": "KCL",
      "time": "2016年04月28日 12:39",
      "content": "<p>Another question regarding bundling a TCM expert system</p>\n<p>1. Can you share how you built the database? We found it difficult to do this in an automated way…XD<br/>\n2. In you opinion, what is the best way to validate such a system?</p>\n<p>BTW, would it be possible for you to make your talk slides today available ?</p>\n<p>Thanks</p>\n<p>Best<br/>\nKCL</p>",
      "level": 0,
      "highlight": false,
      "children": [
        {
          "id": "cc1287d9ff025f3e64c8f306faa4159d",
          "author": "andy",
          "time": "2016年05月02日 10:46",
          "content": "<p>Database確實不容易建立，而原始資料的選擇很重要，不然只是一堆沒用什麼內容的雜訊罷了。以目前情況看來，中醫與科技的結合，最重要的是臨床療效，沒有臨床的功力，處理資訊就好像海裡撈針，很難有所突破。而驗證的最好方式，就是和臨床功力高的中醫師做比對分析，不然就像坊間很多中醫師一樣，開一堆中藥材，吃了不好不壞，在一些氣虛、血虛的字眼上打轉，無法對人工智慧的發展有什麼幫助。</p>",
          "level": 1,
          "highlight": true,
          "children": []
        }
      ]
    },
    {
      "id": "6ea9b6b86227ee2cfcd6d0ea7bd0a37d",
      "author": "Nina Chen 陳惠湄",
      "time": "2016年04月28日 06:04",
      "content": "<p>李博士您好!<br/>\n我是中國醫藥大學中醫所博士班醫經醫史組的同學.今天聽了博士的演講收穫很多.因為朋友小孩被診斷為ADHD,<br/>\n所以對您講到ADHD的醫案時個人很感興趣,也很認同.演講後,個人私下提問了許多問題,都得到了您很有耐心的回覆,十分感激.尤其長久以來一直在找尋能夠以五行和傳統中醫思路來治病的醫家,今天終於找到了學習的模範。也從您的回答中找到了自己的學習方向,。十分感激!<br/>\n另外,今天也很榮幸能與博士一起在中國醫藥大學合照,因為個人沒有帶自己的手機的關係,所以要麻請博士方便時將照片傳送給我以資留念.<br/>\n真的十分感恩<br/>\n敬祝平安愉快</p>",
      "level": 0,
      "highlight": false,
      "children": [
        {
          "id": "c0621d6abe7eac4b3ff3200369048e7a",
          "author": "andy",
          "time": "2016年05月02日 10:28",
          "content": "<p>謝謝妳來聽演講，照片剛剛寄給妳了。</p>",
          "level": 1,
          "highlight": true,
          "children": []
        }
      ]
    },
    {
      "id": "a84ba49404c4d0ee380d0fa3c3e3e2b2",
      "author": "jerry",
      "time": "2016年05月03日 23:39",
      "content": "<p>李医师，您好<br/>\n以前去您的诊所网站上做过关于阳气指数的自测，觉得很好。您和叶医师的高科技背景是很多医师没有的，不能比拟的。<br/>\n如果您网站的这种测试能开发成app或者做成可以分享的网页形式，这样会方便很多很多人对自身的身体情况的自检。我想一定会给很多人带去健康，不知道您和您的团队有没有考虑过。</p>",
      "level": 0,
      "highlight": false,
      "children": [
        {
          "id": "386eac020dc69898e00717c97d860296",
          "author": "andy",
          "time": "2016年05月06日 10:11",
          "content": "<p>我有想過，不過沒有什麼時間及人力來進行，本來打算和台灣幾家科技大廠合作，目前仍在評估。</p>",
          "level": 1,
          "highlight": true,
          "children": [
            {
              "id": "71d3d3ad80b7f8c8eccade267ad3eaa0",
              "author": "jerry",
              "time": "2016年05月06日 18:34",
              "content": "<p>恩，是啊，可能会花费很大的精力，不过国内的网络传播力有着巨大的潜力，中医的复兴在网络的推广下一定会出现革命。国内却很少有医疗机构能做到您们这种健康技术。</p>",
              "level": 2,
              "highlight": false,
              "children": []
            }
          ]
        }
      ]
    },
    {
      "id": "8976751eeb2c7a312fe482be43ac8541",
      "author": "CAT",
      "time": "2016年05月06日 15:51",
      "content": "<p>感謝您分享錄影！這個厥陰風木的「風木」您不講自己讀還真的摸不著邊際。</p>",
      "level": 0,
      "highlight": false,
      "children": []
    }
  ],
  "page": 46,
  "order": 5,
  "filename": "data\\page46\\page46_order4_85b640303c61a226046585192517345d.json"
}