{
  "article_url": "https://andylee.pro/wp/?p=5999",
  "title": "皮疹 – 養兒育女必須知道的21件中醫知識（13）",
  "content": "<p>皮膚起頑固的疹子，久久不消，是養兒育女時很常遇到的問題，從幾週大的小寶寶到念高中、大學的大孩子，都或多或少有過皮疹，有的卻非常嚴重，癢到無法睡覺，把皮膚都抓破、抓爛了。一開始發病時，最常看到的部位在手肘和膝蓋的內側，逐漸擴散到手腳、脖子、胸背等。雖然發病的原因有很多，最常看到的原因在肝臟與脾臟，一方面肝血虛，造成肝的解毒功能下降，也無法充分滋潤皮膚，另一方面脾虛造成濕在皮表下累積，或者可以說是組織液代謝不良。當這兩個因素碰在一起，在成年人身上會有多種不同的反應，而在小孩子身上，最常看到的反應即為皮膚起疹子。</p>\n<p>小孩子的肝脾為什麼會出問題？脾胃的問題，少數是天生比較虛弱，大多數都是飲食習慣造成的。現在的加工食品及零食，做得非常好吃，很多廠商也想辦法研發可以讓人上癮的化學口味，造成小孩子常常不肯吃正常的食物，鬧著要吃各種速食、甜點、餅乾。或者，小孩子偏食，不肯吃某些食物，爸爸媽媽怕麻煩，只要小孩子有吃飽、吃得「還算可以」，也就順著小孩子的喜好，甚至爸爸媽媽自己也吃的亂七八糟。我有一個小病人，個性很強，說不吃就不吃，爸爸媽媽管不住，結果三年來每一餐都是以餅乾為主食！另外，也有許多小孩子吃飯時，都得有杯冷水或飲料，平時也愛吃冰冷的東西，外加很多乳製品，牛奶、起司等等，造成脾寒濕重。</p>\n<p>中醫認為脾主消化吸收、營養的管理等，當脾臟功能下降時，良好食物的營養也就無法正常吸收、為人體所用，營養下降造成血虛，而中醫認為血虛以肝血虛優先，肝的功能也就慢慢變差。同時，現在許多小孩子整天玩手機，肝開竅在眼，整天玩手機迫使大量肝血來支持視力，加上晚上又很晚睡覺，本來就很傷肝，又沒有足夠食物的營養來滋補，雪上加霜，肝就受不了了。而這樣的小孩子通常會有其它的表現，譬如比較過動、專注力較差、容易不耐煩、晚上睡覺翻來覆去等等，都是小孩子肝血不足時常看到的症狀。</p>\n<p>怎麼治療？通常有兩個大方向，一個以養血為主，另一個以發表為主。養血的方向是希望藉由提升肝血來改善皮疹，方劑上「當歸飲子」為代表，以養血的四物湯為基礎：當歸、川芎、白芍、地黃，再加上一些祛風、補益的中藥材：白蒺藜、防風、荊芥、何首烏、黃耆、甘草、生薑，這樣的方式比較平順，對比較輕微的皮疹效果不錯，但是對比較嚴重的皮疹，有時緩不濟急，皮疹發出來的還是比消掉的多。</p>\n<p>發表的方向是希望能先把皮下的濕、不好的物質去掉，方劑上「麻杏薏甘湯」為代表：麻黃、杏仁、薏仁、炙甘草，常常加上解毒的黃連、黃芩、黃柏，及利水的白朮、茯苓等等。這樣的方式比較強勁，能應付嚴重的皮疹。然而，在剛剛開始發表的一兩週，皮疹常常會變得更癢、看起來更嚴重，之後才會快速減退。所以，臨床治療時，得看病人需不需要、適不適合這樣的方法，如果病人年幼，或者皮疹不嚴重，也就不一定選擇這樣的方式來治療。</p>\n<p>當然，皮疹消下去了，只是症狀沒了，並不代表小孩子的肝和脾都及格了、健康了，還需要再花點時間，來提升肝脾的功能。更重要的是改善生活習慣，如果小孩子還是亂吃東西、整天玩手機、晚上不睡覺，那麼，皮疹還是會再度出現的，甚至會有更嚴重的健康問題。</p>",
  "article_time": "2019年06月14日 14:14",
  "comments": [
    {
      "id": "5643a0618d08b3a2746fae6133dba40e",
      "author": "Ferry瑞芳",
      "time": "2019年06月14日 16:33",
      "content": "<p>我有个同事，长期晚上睡眠不好，皮肤有严重的问题，双手及胳膊上长了大片大片的白斑，没有血色，很吓人</p>",
      "level": 0,
      "highlight": false,
      "children": []
    },
    {
      "id": "8bfd0413a3963045f1bcce80d15714a1",
      "author": "內經初學者",
      "time": "2019年06月16日 20:20",
      "content": "<p>聽過最極端的事：三個孩子的父母，一忙起來就不好好地給孩子們做飯吃。怎麼著? 敷衍了事, 煮一鍋白米飯讓孩子們吃。菜呢？還提什麼菜呀？說出來嚇死人啦！白糖！白糖拌飯！</p>\n<p>這種餵養孩子的惡劣方式天下無敵。</p>",
      "level": 0,
      "highlight": false,
      "children": [
        {
          "id": "6c2a4b8976fac6b926fdaf8e90658679",
          "author": "ieitZYB",
          "time": "2019年06月18日 07:22",
          "content": "<p>也不奇怪，方式更谈不上惡劣。<br/>\n我四川人，70后，试过酱油拌饭、长年泡菜下饭了解一下 ^_^</p>",
          "level": 1,
          "highlight": false,
          "children": []
        }
      ]
    },
    {
      "id": "7d9fe39334d6212b9ad0a0187337303d",
      "author": "ieitZYB",
      "time": "2019年06月18日 07:21",
      "content": "<p>也不奇怪，我四川人，70后，试过酱油拌饭、长年泡菜下饭了解一下 ^_^</p>",
      "level": 0,
      "highlight": false,
      "children": []
    },
    {
      "id": "ec6edc8fca252a361a3f80ad32d5c332",
      "author": "內經初學者",
      "time": "2019年06月18日 21:39",
      "content": "<p>70後ieitZYB：我們是在探討“養兒育女”知識， 不是比過去誰家的日子更糟糕。我是喝稀粥長大的，對“醬油拌飯、長年泡菜下飯”是很羨慕的。</p>\n<p>之前提起的”白糖拌飯”是在美國，發生在90－00後身上，父母都有錢，都受過高等教育，但是缺乏應有的健康飲食的知識和做父母的責任。</p>\n<p>捫心自問一下, 在既沒有天災，又沒有人禍環境下，你能忍心讓你的孩子”白糖拌飯”嗎？這是愛他們，還是溺愛（=害）他們呢？</p>",
      "level": 0,
      "highlight": false,
      "children": []
    },
    {
      "id": "052e823ca21f7c030d81a8d0fe7bca67",
      "author": "Gordon",
      "time": "2020年02月06日 07:51",
      "content": "<p>李醫師，大人或小孩的口味突然改變，變得喜歡吃辣（喜歡吃生薑——炒菜要求多加生薑，或者喜歡吃辣椒），請問是身體什麼地方出問題了？<br/>\n以前好像聽您說過，有可能是脾（脾管味覺）和肺（辛辣）都出問題了。請問有什麼治療方向，謝謝！</p>",
      "level": 0,
      "highlight": false,
      "children": [
        {
          "id": "f67c9795454de2cfce10f9107d59630d",
          "author": "andy",
          "time": "2020年02月06日 14:01",
          "content": "<p>通常是脾臟及相對味道的內臟受到影響，但不一定是病原，所以還是得仔細辨證論治。</p>",
          "level": 1,
          "highlight": true,
          "children": []
        }
      ]
    },
    {
      "id": "8722daf1404d92cae7fc74ccf3b26f68",
      "author": "YcLin",
      "time": "2020年05月27日 06:32",
      "content": "<p>李醫師您好，看了文章有點疑問想請教您。<br/>\n1、您前面說大多是肝和脾的問題，醫書上說「肺主皮毛」，這句話是否說皮膚的問題主要是肺的問題呢？<br/>\n看到您後面用「麻杏薏甘湯」來發表，感覺就是屬於從肺來入手的，我就在想，是不是用發表的方法時就是從肺論治，用養血的方法時才是從肝脾論治呢？<br/>\n2、採用發表方法時可否用「麻黃連翹赤豆湯」來加減呢？這個方子好像很多人也用來治皮膚病。</p>",
      "level": 0,
      "highlight": false,
      "children": [
        {
          "id": "dff2f0b000c39a83a1d35638439fd8df",
          "author": "李宗恩",
          "time": "2020年05月27日 10:13",
          "content": "<p>疾病的成因和治療的切入點並不一定相同，好比父母的溺愛導致了搶劫殺人的孩子，原因來自父母的問題，可是還是得先逮捕審判做了壞事的孩子。至於用什麼方劑來治療，得看個案情況，另外，重點在於方劑的用意，方向對了，並不侷限在一定使用哪幾味中藥材，大可就地取材、靈活應用。</p>",
          "level": 1,
          "highlight": true,
          "children": []
        }
      ]
    },
    {
      "id": "c1ba10628ecceff1baa5c9a097256aca",
      "author": "shawn",
      "time": "2020年06月14日 23:22",
      "content": "<p>李医师你好，請問一般用何首烏是否需要制過？ 還是說看下焦寒熱情況決定用生何首烏抑或制何首烏？（我的理解是生何首烏比較有通利大便效果不知是否正確）</p>",
      "level": 0,
      "highlight": false,
      "children": [
        {
          "id": "247dd60fe81e6c5fa96635059b1aa256",
          "author": "李宗恩",
          "time": "2020年06月15日 21:24",
          "content": "<p>這得看你為什麼選用何首烏，制首烏補益，生首烏解毒潤腸。</p>",
          "level": 1,
          "highlight": true,
          "children": []
        }
      ]
    },
    {
      "id": "c5956b527a3d9199e8c35b3ba0f333e8",
      "author": "zeushd",
      "time": "2020年06月16日 20:11",
      "content": "<p>李医师您好，请问治疗西医里的“脂溢性皮炎”也是用您说的这个原理吗？我由于工作原因长期熬夜，抽烟，而且年轻时冻啤酒每周喝。结果头上有大片红点儿，后结成大块头屑，且痒。医院说是脂溢性皮炎，不好治。我刚刚开始学中医，感觉不只是用麻杏薏甘汤这么简单。您能给些建议吗？不胜感激</p>",
      "level": 0,
      "highlight": false,
      "children": [
        {
          "id": "a96bdfdb618616d6e0c0b5a70895926c",
          "author": "李宗恩",
          "time": "2020年06月17日 11:45",
          "content": "<p>中醫不以西醫病名來看診，得以望聞問切來蒐集綜合症狀訊息。</p>",
          "level": 1,
          "highlight": true,
          "children": [
            {
              "id": "7bc75bd9d2e418932a822c4075d37785",
              "author": "zeushd",
              "time": "2020年06月17日 16:24",
              "content": "<p>谢谢</p>",
              "level": 2,
              "highlight": false,
              "children": [
                {
                  "id": "c3b3a03d51e2a015bfd437fbcbe5d2a6",
                  "author": "倪师的小粉丝",
                  "time": "2020年08月24日 08:25",
                  "content": "<p>朋友 你现在怎么样了……我和你一样的病，我昨天去广州中医药大学附属第一医院找老中医看，说是阴虚血热，上热下寒，阴阳不交！</p>",
                  "level": 3,
                  "highlight": false,
                  "children": []
                }
              ]
            }
          ]
        }
      ]
    },
    {
      "id": "8704102d040d4db91742f3d4ad73f382",
      "author": "Aery",
      "time": "2020年08月26日 11:41",
      "content": "<p>李醫師您好！我先生從小對花生過敏，一吃花生便反胃，全身起疹發熱發紅發癢，雙眼泛紅，舌頭、嘴唇與下巴皆腫大，沿青靈極泉疼痛，公孫的部位亦有帶血色小水痘遍布，不抓則以，一抓奇癢無比，請教有沒有根治的方法？感激不盡！</p>",
      "level": 0,
      "highlight": false,
      "children": [
        {
          "id": "32e171ac1c63e4f919f7e47c58cbd4c6",
          "author": "李宗恩",
          "time": "2020年08月30日 12:18",
          "content": "<p>你的陳述過於簡單，中醫不是憑著一兩個症狀來診斷，我也無法在網上針對個案一一回答。</p>",
          "level": 1,
          "highlight": true,
          "children": []
        }
      ]
    },
    {
      "id": "b09c7793de4a86d668e4615d7d0db095",
      "author": "Aery",
      "time": "2020年09月04日 22:55",
      "content": "<p>感恩！</p>",
      "level": 0,
      "highlight": false,
      "children": []
    },
    {
      "id": "90848468d26141891f0ed7211eb7ca7d",
      "author": "gordon",
      "time": "2020年09月25日 09:13",
      "content": "<p>李醫師，有個問題想咨詢一下：小孩好動，運動容易受傷（皮外傷），但傷口癒合後，血痂掉了以後，皮肉都凸起來一塊，長了個肉疙瘩，有點像分紅色的。（即使受傷時只是查破表皮，結痂好了也會凸出來。） 西醫診斷說是疤痕體質，傷口都會長出來。 中醫是如何看待的？ 李醫師有什麼建議，以後出現傷口如何處理？謝謝！</p>",
      "level": 0,
      "highlight": false,
      "children": []
    },
    {
      "id": "43ee24c96163b48a2776a544ccdc271b",
      "author": "Frio",
      "time": "2023年05月31日 21:37",
      "content": "<p>麻杏薏甘湯 這裡有一點不明白，不知李老師是否可以答疑解惑呢。</p>\n<p>既然是皮膚問題，而且有營血不合的現象，為什麼不以桂枝湯作為基礎方呢。我理解桂枝加桂可以引藥力到達四肢體表，有助於麻黃的發散作用，同時也能透出皮下的水濕，調和營衛關係。皮癢本身和濕氣也有很大的關係，我理解屬於運化疏通能力不夠導致，那桂枝湯應做基礎方是不是能起到加成作用？</p>\n<p>謝謝李老師！</p>",
      "level": 0,
      "highlight": false,
      "children": [
        {
          "id": "5921645d34817c101e32495da03f97ab",
          "author": "李宗恩",
          "time": "2023年06月05日 15:36",
          "content": "<p>有些皮膚問題，確實會使用桂枝湯加減，重點是醫生臨床治療時得知道問題所在，而不是看到什麽症狀，就以爲該如此處理。不過，看了你問的幾個問題，我覺得你的聯想力不錯，但可能還沒有學習到某個程度就開始天馬行空地想像，我建議你把你的許多想法先寫下來，不急著解決，等好好學習一陣子後，再回頭自己問自己，許多疑問會變得很容易解釋。</p>",
          "level": 1,
          "highlight": true,
          "children": [
            {
              "id": "ba4a6d718a7d8f44ee20f250daef5ed1",
              "author": "Frio",
              "time": "2023年06月05日 19:01",
              "content": "<p>好的，謝謝李老師的解答！</p>",
              "level": 2,
              "highlight": false,
              "children": []
            }
          ]
        }
      ]
    },
    {
      "id": "c84a91e14ce4ce8c3cbb5f4daeb028e9",
      "author": "Frio",
      "time": "2023年05月31日 21:47",
      "content": "<p>李老師，你好！</p>\n<p>關於風的理解，我也一直有一些不清楚的地方。倪海廈老師有介紹過風症狀的概念，偏重於性質特征，即是從象的角度理解，比如風的動，遊走性，發病時間的不確定性等等。黃帝內經裡面也把風歸結為六淫之首，自然界裡面的風很容易理解，即是陰陽流動導致的氣體對流。身體裡面的風我則一直不能理解，我目前能想到的映射關係是這樣的：風為肝的象，肝有解毒功能，風如果映射到物質上，是否可以理解為血液中的毒素，如果肝部位的功能出問題，導致血液入肝時功能不得正常，從而血液出口後仍有毒素，到皮膚上就會導致皮癢，那麼祛風就是祛毒？</p>\n<p>不知這樣理解是否片面，請李老師指正，謝謝！</p>",
      "level": 0,
      "highlight": false,
      "children": [
        {
          "id": "36129b71b0f7b1899a7a53de5ed749f7",
          "author": "李宗恩",
          "time": "2023年06月05日 16:27",
          "content": "<p>如同我回答你之前的提問，我覺得你的聯想力不錯，但可能還沒有學習到某個程度就開始天馬行空地想像，我建議你把你的許多想法先寫下來，不急著解決，等好好學習一陣子後，再回頭自己問自己，許多疑問會變得很容易解釋。</p>",
          "level": 1,
          "highlight": true,
          "children": []
        }
      ]
    },
    {
      "id": "f47c2cd2722bd8f4ba5a0a1c71166c99",
      "author": "Michelle C.",
      "time": "2023年07月13日 21:06",
      "content": "<p>請問李醫師， 這類孩子(異位性皮膚炎)的飲食方面有什麼要注意的呢？ 去看了不同的中醫， 有些說避免吃太涼性的 (例如 生冷 寒涼蔬菜 所有水果 瓜類)， 有些又說多吃涼性 (涼性蔬菜 水果 蘿蔔 絲瓜 瓜類水果) 避免熱性 (毛豆 菇類 香菜 羊肉 桂圓)。 另外， gluten and dairy 能吃嗎？ 謝謝! – 深怕搞錯方向讓孩子更嚴重的焦慮媽媽留</p>",
      "level": 0,
      "highlight": false,
      "children": [
        {
          "id": "aafee082dfe16fd8f5ea9d7d80d690f7",
          "author": "李宗恩",
          "time": "2023年07月14日 11:28",
          "content": "<p>應該避免會造成體内積濕增加的食物，一般而言，乳製品及寒涼的食物會導致積濕增加。而有些中醫師說避免熱性食物，原因是部分熱力可能被濕阻隔而反逆向外，導致皮膚更癢等等，但是，那不是問題的根源，根源還是在積濕。</p>",
          "level": 1,
          "highlight": true,
          "children": [
            {
              "id": "3b03d84e2c4881f0d8dd9f25897e0307",
              "author": "Michelle C.",
              "time": "2023年07月14日 21:03",
              "content": "<p>非常感謝李醫師的回覆!</p>",
              "level": 2,
              "highlight": false,
              "children": []
            }
          ]
        }
      ]
    },
    {
      "id": "800499eed5b087e293de9632e986293a",
      "author": "细辛",
      "time": "2024年04月22日 19:17",
      "content": "<p>请教李老师，伤痕是否也可以用治皮肤病的方法去治，发与补，倪师曾说用僵蚕与秦艽打粉外敷，有一点点效果</p>",
      "level": 0,
      "highlight": false,
      "children": [
        {
          "id": "2fc3ad1d4b4105777914191bc8883d19",
          "author": "李宗恩",
          "time": "2024年04月23日 16:17",
          "content": "<p>傷痕和一般皮膚病變不一樣。</p>",
          "level": 1,
          "highlight": true,
          "children": []
        }
      ]
    }
  ],
  "page": 28,
  "order": 5,
  "filename": "data\\page28\\page28_order4_ec6edc8fca252a361a3f80ad32d5c332.json"
}