{
  "article_url": "https://andylee.pro/wp/?p=5992",
  "title": "寰宇新聞：世衛首將中醫列ICD 專家:保險公司受益最多",
  "content": "<p>【寰宇新聞網／綜合報導】</p>\n<p>中醫在上週被世界衛生組織(WHO)正式納入第十一版的ICD，也就是「國際疾病編碼」，而中醫在美國是許多亞裔人口生病時的選擇，世衛將中醫列入ICD，會促使中醫更蓬勃發展嗎？美國知名中醫李宗恩表示，世衛認可中醫並非認可療效，最大的意義其實是在保險給付的處理。</p>\n<p>李宗恩說，有編碼的話保險公司才能做統計，因此中醫列入ICD後，就能結合到保險系統裡面，對於保險公司而言，可以事先計算是不是一個值得做的保險，因此保險公司受益最多。不過WHO首次將中醫列入ICD，也就表示某種程度上承認中醫的存在，在未來AI和大數據的趨勢下，所有的統計和數據結果將能幫助中醫越來越科學化，有助於未來與主流結合。</p>\n<p><a href=\"http://globalnewstv.com.tw/201906/71189/?fbclid=IwAR0RaSEQcrLoDGI7msEN8A0dJirfp5Te52fkVaZXVqynC7Jk5qVCE7jFuXA\" rel=\"noreferrer noopener\" target=\"_blank\">http://globalnewstv.com.tw/201906/71189/</a><br/></p>\n<p><a href=\"https://www.youtube.com/watch?v=jcNubVb8ojU&amp;t=1s\">https://www.youtube.com/watch?v=jcNubVb8ojU&amp;t=1s</a></p>\n<figure class=\"wp-block-embed-youtube wp-block-embed is-type-video is-provider-youtube wp-embed-aspect-16-9 wp-has-aspect-ratio\"><div class=\"wp-block-embed__wrapper\">\n<iframe allow=\"accelerometer; autoplay; clipboard-write; encrypted-media; gyroscope; picture-in-picture; web-share\" allowfullscreen=\"\" frameborder=\"0\" height=\"281\" referrerpolicy=\"strict-origin-when-cross-origin\" src=\"https://www.youtube.com/embed/jcNubVb8ojU?start=1&amp;feature=oembed\" title=\"世衛首將中醫列ICD 專家:保險公司受益最多｜寰宇全球新聞\" width=\"500\"></iframe>\n</div></figure>\n<p></p>\n<p></p>",
  "article_time": "2019年06月08日 08:23",
  "comments": [
    {
      "id": "c91b59019c221ec90bbb2b3fe8d59f24",
      "author": "Ferry瑞芳",
      "time": "2019年06月08日 16:22",
      "content": "<p>“中医药标准化是基础工作，是转变中医药弱势学科的一个重要研究方向。”—王永炎 院士</p>",
      "level": 0,
      "highlight": false,
      "children": []
    },
    {
      "id": "563f68666cdc2e065040d185798d48bf",
      "author": "Rocluo",
      "time": "2019年10月02日 01:07",
      "content": "<p>有关中医的疗效，我用JMP对张锡纯书中的病理进行了统计。结果不妨查看如下链接：<br>\n中医真是慢郎中吗(《衷中参西录》中的病例与疗效统计分析）-软件使用  <a href=\"http://www.jmpforum.net/forum.php/forum.php?mod=viewthread&amp;tid=3807&amp;extra=\" rel=\"nofollow ugc\">http://www.jmpforum.net/forum.php/forum.php?mod=viewthread&amp;tid=3807&amp;extra=</a></br></p>\n<p>感恩！</p>",
      "level": 0,
      "highlight": false,
      "children": [
        {
          "id": "648913bf1cf3b2b92c38071aebd76ec5",
          "author": "andy",
          "time": "2019年10月03日 11:17",
          "content": "<p>感謝分享，不過該網頁得註冊集點才能閱覽，一般讀者無法看到。</p>",
          "level": 1,
          "highlight": true,
          "children": []
        }
      ]
    }
  ],
  "page": 28,
  "order": 6,
  "filename": "data\\page28\\page28_order5_2efe9a6e0313bec940cd1f74950fba44.json"
}