{
  "article_url": "https://andylee.pro/wp/?p=5963",
  "title": "2019 第三屆 臺北漢唐經方論壇",
  "content": "<figure class=\"wp-block-image\"><img alt=\"\" class=\"wp-image-5962\" decoding=\"async\" fetchpriority=\"high\" height=\"1024\" sizes=\"(max-width: 727px) 100vw, 727px\" src=\"https://andylee.pro/wp/wp-content/uploads/2019/06/經方洞見五臟癥結_建立外框_cs5-01-727x1024.jpg\" srcset=\"https://andylee.pro/wp/wp-content/uploads/2019/06/經方洞見五臟癥結_建立外框_cs5-01-727x1024.jpg 727w, https://andylee.pro/wp/wp-content/uploads/2019/06/經方洞見五臟癥結_建立外框_cs5-01-213x300.jpg 213w, https://andylee.pro/wp/wp-content/uploads/2019/06/經方洞見五臟癥結_建立外框_cs5-01.jpg 740w\" width=\"727\"/></figure>\n<p>幫忙台北漢唐中醫診所宣傳一下七月初的經方論壇。這幾年來，台北漢唐辦了很多中醫教學活動，經由有系統的學程來教導經方中醫及倪海廈老師的講學內容，訓練了不少中醫學子，主辦單位及工作人員辛勞的付出，不為自己，而是為了中醫的傳承，非常值得大家支持與鼓勵。</p>\n<p>這次的活動，我無法趕往台北現場，和去年一樣，以視訊方式和現場連線，聲音及影像如有間斷，還請大家見諒，即使現在網路科技發達，有Zoom、Skype、WeChat等等網路視訊，電訊的壓縮及雜訊干擾依然是個繁雜的問題。而我這次的主題還沒有完全決定，主辦單位希望我能講解最近正在治療的重大病例，我還在考慮，畢竟教學內容與病人隱私之間得找到一個平衡，不能天馬行空的解說，得深入問題重點，卻又不能傷害到病人的隱私。</p>\n<p><strong>2019 第三屆 臺北漢唐經方論壇</strong></p>\n<p>漢代經方普濟天下，唐朝盛世萬古流芳。在先師倪海厦中醫師逝世七週年之際，為緬懷先師發揚經方，傳承中華文化之志，特舉辦第三屆 臺北漢唐經方論壇活動，敬邀各位前輩先進與經方同好共襄盛舉。</p>\n<p>1. 報到時間：2019年07月07日 9:00 報到入場，請準時報到</p>\n<p>2. 演講時間: 9:20-18:00  (中午預計休息80分鐘)<br/>    活動不提供餐點，請參加者於中午休息自理，演講教室內禁止飲食<br/> <br/>3. 活動地點：台北大學 – 民生校區 教學大樓特種教室(101教室)<br/>    台北市中山區民生東路三段67號</p>\n<p>4. 大眾交通工具：<br/>    a. 捷運「文湖線」的「中山國中」站出站後右轉步行約6-10分鐘<br/>    b. 公車可搭程286、277、518到「台北大學」站下車</p>\n<p>報名網頁：<a href=\"https://docs.google.com/forms/d/e/1FAIpQLSfmPY-KkrkKIfO9itCtQmt-xyKK2H2OTUkVUgesfHKflX28gA/viewform?fbclid=IwAR3-qILIOwuwVt0RrMyCEpqigTpEzkJIGGPi_8vrPXFC0Icei7BvgBQ3g2c\">https://docs.google.com/forms/d/e/1FAIpQLSfmPY-KkrkKIfO9itCtQmt-xyKK2H2OTUkVUgesfHKflX28gA/viewform?fbclid=IwAR3-qILIOwuwVt0RrMyCEpqigTpEzkJIGGPi_8vrPXFC0Icei7BvgBQ3g2c</a></p>\n<p>漢唐經方學堂 臉書頁面：<a href=\"https://www.facebook.com/NiHT100/\">https://www.facebook.com/NiHT100/</a></p>",
  "article_time": "2019年06月05日 10:00",
  "comments": [
    {
      "id": "2695f0f349bf74fda77684527096305b",
      "author": "Ferry瑞芳",
      "time": "2019年06月05日 17:52",
      "content": "<p>Andy看到没，宣传海报上把你的名字在了第一位，这个论坛才值得你去细心准备，我都打算预订飞去台湾的机票了</p>",
      "level": 0,
      "highlight": false,
      "children": []
    },
    {
      "id": "8ce2e17b7d9da61cd149cb7ae2c74e34",
      "author": "同路人",
      "time": "2019年06月07日 22:07",
      "content": "<p>做大事的人，都向往更大的舞台，征服还未被征服的人群。凭李医师的学识和临床经验，无论到哪里，慧眼的人自然马上被吸引。话说回来，中医内科和中药，以授课的形式讲述确实受限，现场无法演示，也无法让学生练习，必须是实打实的演讲，演讲者非常辛苦。谢谢李医师付出宝贵的时间参加各种会议，宣扬正统中医！</p>",
      "level": 0,
      "highlight": false,
      "children": [
        {
          "id": "bf05adf944905fe4cde6fcbfbf846377",
          "author": "andy",
          "time": "2019年06月08日 08:49",
          "content": "<p>這個大會，大多都是討論針灸，討論中藥的不多，去了解一下情況、多介紹一些中醫內科知識，說不定會激發什麼火花，緣分有時候很難說的。</p>",
          "level": 1,
          "highlight": true,
          "children": [
            {
              "id": "96622253a78da8c2ed7adc2fb8bd322c",
              "author": "同路人",
              "time": "2019年06月08日 20:42",
              "content": "<p>老师，说的是:) 加油！！</p>",
              "level": 2,
              "highlight": false,
              "children": []
            }
          ]
        }
      ]
    },
    {
      "id": "3d18f55d039cdef83d84637a7784c8bd",
      "author": "hide77625",
      "time": "2020年01月24日 23:34",
      "content": "<p>前两届都很好，书本都有看过</p>",
      "level": 0,
      "highlight": false,
      "children": []
    }
  ],
  "page": 28,
  "order": 9,
  "filename": "data\\page28\\page28_order8_9444051615eadec460328221df09f5ce.json"
}