{
  "article_url": "https://andylee.pro/wp/?p=8205",
  "title": "FM96.1：疫情緊急中藥湯方可考慮",
  "content": "<figure class=\"wp-block-audio\"><audio controls=\"\" src=\"https://andylee.pro/wp/wp-content/uploads/2020/05/S-04142020疫情緊急中藥湯方可考慮.mp3\"></audio></figure>\n<p>（ 語音檔案由FM96.1電台提供，文章摘錄撰寫中，請稍加等待。謝謝。）</p>",
  "article_time": "2020年04月14日 16:06",
  "comments": [
    {
      "id": "b1a02109aca912225713a65d2f7f218d",
      "author": "chu",
      "time": "2020年06月29日 18:03",
      "content": "<p>請問李醫師現正電台還有固定訪問嗎？好久沒有聽到了。</p>",
      "level": 0,
      "highlight": false,
      "children": [
        {
          "id": "bf603f3772ea57a4e528bb5375d55fbc",
          "author": "李宗恩",
          "time": "2020年06月29日 18:37",
          "content": "<p>五月和六月暫時取消，因為我自己及許多聽眾不滿該電台藉由疫情來大肆宣傳其政治立場。基於醫療道德，任何人都不該把疫情政治化。最近該電台收斂許多，正在考慮七月或八月重新開講。</p>",
          "level": 1,
          "highlight": true,
          "children": [
            {
              "id": "642d93f502a01b9be28d754162832694",
              "author": "chu",
              "time": "2020年06月30日 13:57",
              "content": "<p>的確，非常不喜歡他們這樣做，既可惡又可悲。<br/>\n如果李醫師能夠在其他中立的平台作訪問，我們都會全力支持！</p>",
              "level": 2,
              "highlight": false,
              "children": []
            },
            {
              "id": "8988c4106678f4d3bfa7b3ec12b1f3f7",
              "author": "柴胡",
              "time": "2020年12月16日 03:33",
              "content": "<p>期待期待</p>",
              "level": 2,
              "highlight": false,
              "children": []
            }
          ]
        }
      ]
    },
    {
      "id": "6e819e3f896a09b6638b08d77ab82304",
      "author": "出師未捷身先死",
      "time": "2025年04月15日 18:59",
      "content": "<p>令國人汗顔的是日本都有銷售漢方葛根湯桂枝湯小青龍湯，但是你走進中國大陸的藥房訊問東漢醫聖張仲景所著【傷寒卒病論】當中的白虎湯麻黃湯，賣藥的會一臉茫然不知道你在講什麽</p>",
      "level": 0,
      "highlight": false,
      "children": [
        {
          "id": "3feb8a69d6a289d8bd81d9d0bdfc2ed9",
          "author": "天城",
          "time": "2025年04月15日 20:17",
          "content": "<p>你差不多得了。少臆想多了解</p>",
          "level": 1,
          "highlight": false,
          "children": []
        }
      ]
    }
  ],
  "page": 20,
  "order": 9,
  "filename": "data\\page20\\page20_order8_9f969354c19ed99771e8db768ddcd576.json",
  "timestamp": 1745467397.3289185
}